Product Name,Price,Rating,Link,About,Top Comment
"Health o Meter HDR743 Digital Bathroom Scale, 350 lb Capacity",$17.88,3.2/5.0,https://www.walmart.com/ip/Health-o-Meter-HDR743-Digital-Bathroom-Scale-350-lb-Capacity/10264542,"Get ready to reach your weight loss goals with help from the Health O Meter Scale. It features a 1&quot; display that gives you clear and crisp numbers for a precise reading and also measures weight up to 300 lbs in 0.2 lbs increments. This split-mat bath scale also comes with a 9V battery. It is lightweight, has textured pads on the top and offers convenient step-on technology. No need to tap it first, the numbers light up in red and are easy to see. Digital scales are what dominate the market today because they are easy to use, extremely accurate and can have an incredibly low profile. If you're looking for the best digital scale to use in your home, then you're going to want this Health O Meter Scale.","This is very accurate and matches what the scale at the doctor's office tells me. I use it once a week to keep track of weight loss/gain. I give it four stars because the instructions say that you can either tap or step on the scale for your weight; however when I tried tapping it, the scale just did not turn on."
"Health o Meter HDR743 Digital Bathroom Scale, 350 lb  ...",$17.88,3.2/5.0,https://www.walmart.com/ip/Health-o-Meter-HDR743-Digital-Bathroom-Scale-350-lb-Capacity/10264542,"Get ready to reach your weight loss goals with help from the Health O Meter Scale. It features a 1&quot; display that gives you clear and crisp numbers for a precise reading and also measures weight up to 300 lbs in 0.2 lbs increments. This split-mat bath scale also comes with a 9V battery. It is lightweight, has textured pads on the top and offers convenient step-on technology. No need to tap it first, the numbers light up in red and are easy to see. Digital scales are what dominate the market today because they are easy to use, extremely accurate and can have an incredibly low profile. If you're looking for the best digital scale to use in your home, then you're going to want this Health O Meter Scale.","This is very accurate and matches what the scale at the doctor's office tells me. I use it once a week to keep track of weight loss/gain. I give it four stars because the instructions say that you can either tap or step on the scale for your weight; however when I tried tapping it, the scale just did not turn on."
Taylor Precision Products 7506 Chrome & Glass Lithiu  ...,$23.88,4.5/5.0,https://www.walmart.com/ip/Taylor-Precision-Products-7506-Chrome-Glass-Lithium-Digital-Scale/14311191,"This Taylor Digital Scale helps you keep track of your weight. It features a stylish, high-tempered glass platform with a chrome finished base. The sleek design allows it to blend with all types of bathroom decor. This battery digital scale is accurate up to 400 lbs. It measures weight in .2 lb increments on a large 1.5&quot; LCD display.",Arrived in a timely manner. Looks great is very functional. I use it every day to keep up with my progress. I would recogmind this product to anyone who weights over 300 pounds.
My Life My Shop Digital Scale and Body Analyzer,$48.49,5.0/5.0,https://www.walmart.com/ip/My-Life-My-Shop-Digital-Scale-and-Body-Analyzer/47701093?wpa_bd=&wpa_pg_seller_id=F55CDC31AB754BB68FE0B39041159D63&wpa_ref_id=47ad3ae1ceb81b60c8a2d478a699a35c&wpa_aux_info=__aux_info__&wpa_tag=&wpa_pos=3&wpa_plmt=__plmt__&wpa_aduid=__aduid__,"Whether you're attempting to slim down, training for a competition, or simply committing to a healthy lifestyle, your weight alone doesn't tell the whole story. With the My Life My Shop Digital Scale and Body Analyzer, you can keep track of your personal goals and measure vital body composition statistics to get a complete and accurate picture of your overall health. The My Life My Shop Digital Scale and Body Analyzer measures your body fat percentage, muscle mass, bone density, and water weight through an undetectable electrical current transmitted through your body via the stainless steel pads on the body analyzer platform providing you with a Bio Impedance Analysis, or BIA. The My Life My Shop Digital Scale and Body Analyzer is easy to set up and use and the body analyzer can store information for up to 8 users. Oh, and your weight? It measures and stores that too, in pounds and kilograms (up to 397 pounds).","This is an acurate scale. Its really thin, lightweight and you can put anywhere wuth no problem.
It has space for 8 users. And you can only use it for weight if you dont want the other mesuares.

I have a 18 moth baby so my stock of bone mass has decrease and this showed me how.
It doesnt sound like other scales when you touch the buttons.
The manual explains you the results of fat body , water and bone mass very well.

It doesnt come with batteries. It needs 4 AAA."
Zimtown 180kg/396lb Digital Bathroom Scale Toughened  ...,$10.99,4.3/5.0,https://www.walmart.com/ip/Zimtown-180kg-396lb-Digital-Bathroom-Scale-Toughened-Glass-Electronic-Weight-Scale-Black/946515386,"<p><strong>Features:</strong><br />1. Slim waist pattern design bathroom scales<br />2. Multi-point sensornon-slip scale feet<br />3. 0.1kg division value<br />4. 6mm thick tempered glass platform<br />5. HD backlit LCD display<br />6. Limited maximum weighing weight<br />7. Auto power-on when sensing weight<br />8. Auto shut down after leaving scale for 10 seconds<br />9. Design of circular edges and corners<br />10. Step-on technology, switch-on over 3kg<br />11. Base made of environmental protection material<br />12. Auto-switch-off, auto-zero, low battery and overload indication, backlit LCD display</p> <p>&nbsp;</p> <p><strong>Specifications:</strong><br />1. Colour: Black<br />2. Dimensions: (12.00 x 12.00 x 0.79)&quot; / (30.48 x 30.48 x 2.00)cm (L x W x H)<br />3. Weighing Platform Dimensions: (12.00 x 12.00)&quot; / (30.48 x 30.48)cm (L x W)<br />4. Weight: 45.3oz / 1284.2g (Not Includ Package)<br />5. Maximum Capacity: 180kg / 397lb<br />6. Division value: 0.01kg / 0.02lb<br />7. Unit: lb/kg/ st<br />8. Sensor: Fifth Generation High-precision Sensor<br />9. Material: Toughened glass<br />10. Smart Power on: Immediate Auto Power on as soon as You Step on the Scale<br />11. Smart Power off: Auto Power off in 10 Seconds as soon as You Step off the Scale<br />12. Stand-by Time: About One Year(Based on the Actual Usage Frequency)<br />13. Display Screen: LCD Backlight Display<br />14. Power Supply: 1.5V x AAA Battery (Included)<br />15. Tolerance Range: 0.3-0.5kg<br /><br /><strong>How to use:</strong><br />1. Put batteries in the battery compartment at the back of the scale.<br />2. Units Switch: Press the unit key at the back of scale to choose kg/lb/st.<br />3. Keep the scale on the flat surface.<br />4. Step on the glass platform, the scale will turn on automatically.<br />5. Stand still for some seconds until LCD display shows your body weight.<br />6. The scale will turn off automatically after 5 seconds.<br />&nbsp;<br /><strong>Note:</strong><br />1. Switch-on over 3kg, this is not for light objects. If you want to weigh something below 7lb, we suggest customers buy Kitchen Scale.<br />2. People are at their lightest in the morning before breakfast. As food enters the body, weight goes up and by the afternoon, weight begins to fall back down. Exercise will also bring weight down. Keep in mind that weight fluctuates up to 4-6lbs throughout the day.<br />3. LCD display shows &quot;LO&quot; means low battery, please change the batteries.<br />4. LCD display shows &quot;OL&quot; means overload.</p> <p>&nbsp;</p> <strong>Package Includes:</strong> <br />1 x Personal Scale <br />1 x User Manual <br />2 x 1.5V AAA Battery <br /> <p>&nbsp;</p>","Great scale. Shipping was very speedy. Packaging was a little suspect - flimsy and a bit crunched upon arrival. However, the scale arrived fully intact with no issues. Works great. Very fast ""response time"". Word of caution: There are no treads on the surface so be very careful stepping on the shiny, glass surface with wet feet. Haven't done this myself, but can just imagine."
Taylor Precision Products 75624072 Glass Digital Sca  ...,$22.82,3.7/5.0,https://www.walmart.com/ip/Taylor-Precision-Products-75624072-Glass-Digital-Scale/22046340,Keep track of your weight and complement your bathroom decor with the Taylor Glass Digital Scale. This modern scale features a reverse LCD readout with red or blue backlit digits and holds up to 400 lbs.,"AT FIRST I PASSED THIS BY THINKING THE RED LED LOOKED A BIT ""OLD SCHOOL"" THEN WHEN I NOTICED OTHER SCALES REVIEWS SAID THE GRAY/BLACK LED WAS A BIT HARD TO READ I PURCHASED THIS ONE AND HAVE BEEN VERY PLEASED. I HOP ON IT IT TURNS ON AND WEIGHS ME, NO PROBLEMS OR MESSIN AROUND. I PUT OUR SMALL DOG ON IT AND IT WEIGHS HIM TOO. YA HE'S ON A DIET TOO. LOL"
Taylor 7413 Textured Stainless Steel Digital Scale,$18.95,3.3/5.0,https://www.walmart.com/ip/Taylor-7413-Textured-Stainless-Steel-Digital-Scale/39461235,"For the ultimate in performance and precision, turn to the Taylor 7413 Glass Digital Backlit LCD Bathroom Scale. A durable 11.8 x 11.8 tempered glass platform featuring a brushed metal finish gives this scale a timeless look and feel. This digital glass bathroom scale features a generous 4.2 x 2.3 LCD readout with blue backlight, prominently displaying accurate measurements up to 400 lb/180 kg in 0.2 lb/0.1 kg increments. Featuring Step-on Instant Read technology, this scale will automatically register and display your weight as soon as you step on the platform. Inside the box, you will find the Taylor 7413 Glass Digital Backlit LCD Bathroom Scale with brushed metal finish, an instruction manual, and 2 branded AAA batteries. This scale is backed by a 5-Year limited warranty.","Pros:  Very accurate, within .2 lb compared to my Dr's scale.  Consistent readings (wait for the display to blink 3 times while it arrives at a measurement).  Self-calibrates (be sure to let it re-calibrate if moved).  Works well on a semi-hard linoleum floor with a wood substrate.  Teeters on its feet when moved to an uneven surface but seems to self-adjust the feet after stepping on it again and no longer teeters.  Easy to read display.  I like having the stainless skin over glass, adds a level of non-slip confidence compared to glass top models plus it's less prone to scattering bits if the glass underlayer were to break.

Cons:  My only con is the platform is fairly small.  I would have given it 5 stars if it were larger."
Excelvan Touch 440 lbs Total Body Bath Scale – Measu  ...,$24.00,4.4/5.0,https://www.walmart.com/ip/Excelvan-Touch-440-lbs-Total-Body-Bath-Scale-Measures-Weight-Fat-Muscle-Bone-Hydration-with-Auto-Recognition-and-Infant-Tare-Technology/33412350,"Newly updated, the Excelvan Touch 440 lbs Total Body Scale now provides instant adult and infant weight measurements, and calculates body fat, hydration, muscle mass and bone measurements. Embedded with StepOn technology, it automatically powers on upon contact and features 4 touch sensitive buttons for easy operation. It also features 4 icons that automatically illuminate on the screen for body fat, hydration, muscle and bone measurements. The Ozeri Touch includes built-in memory for up to 8 user profiles with auto recognition technology for shared use at home, the office or the gym. Each profile stores weight, gender, height, and age data so that your family members can each track their progress. The Ozeri Touch Total Body Scale combines advanced algorithms with bioelectrical impedance analysis (BIA), incorporating a person's age, height, gender and weight, for its accurate measurements. BIA is a well-established and respected method used to estimate body fat and hydration. Muscles, blood vessels and bones are body tissues with a relative high water content which conducts electricity easily. Body fat is tissue that on the other hand displays much less electric conductivity. With BIA, the Ozeri Scale sends a weak and harmless electrical current through your body to determine the amount of fat tissue. This weak electrical current is imperceptible to the user, and returns back data that is used to instantly calculate the advanced measurements. The Ozeri Touch Total Body Scale displays all results on its easy to read high-contrast LCD screen with blue digits. It utilizes 4 latest generation GX sensors to capture weights up to 440 lbs (200 kg) with industry leading accuracy. With its innovative Tare feature, the Ozeri Touch Bath scale also eliminates all the stress with weighing an infant or pet. Simply step on the scale to record your weight, step off and back on again while carrying your infant or pet, and the scale accurately displays both weights on separate sections of its bright LCD. The Ozeri Touch Tare feature also works as a handy luggage scale so there are no unpleasant surprises at the airport, and it just as easily weighs parcels and boxes. It turns off automatically to conserve battery power, and runs on 2 included Lithium batteries for optimal performance. The scale is made of impact resistant tempered glass which is 4 times stronger than normal glass, and boasts a reflective surface and elegant design.",The digital display is pretty cool. The display is all touch and surprisingly all run on two tiny batteries! Sometimes I get on it and it gives me an estimate but when I step on it two more times the measurement is probably my actual weight. I haven't compared it to the scale at the VA Hospital yet but it seems like it might be the same or close to it. The instruction manual is easy to understand and has a bunch of different languages so should be easy for most to follow. The whole thing is pretty cool and techie and worth the thirty something dollars I spent on it! It says white but it seems more of a light creamish greenish color and so far that's my only tit or tat about it! Time will tell how it holds up and I'm grateful that I can find the replacement batteries online.
Taylor Precision Mechanical Analog Bath Scale,$8.79,5.0/5.0,https://www.walmart.com/ip/Taylor-Precision-Mechanical-Analog-Bath-Scale/16541957,"Taylor Precision Mechanical Analog Bath Scale with a 300 pound capacity displays weight in both pounds and kilograms, offering great versatility.",Works great
Taylor 7519 Ultra-Thick Digital Glass Bathroom Scale  ...,$44.00,4.4/5.0,https://www.walmart.com/ip/Taylor-7519-Ultra-Thick-Digital-Glass-Bathroom-Scale-with-Backlit-LCD-Display/11089592,"or the ultimate in performance and precision, turn to the Taylor 7519 Digital Glass Bathroom Scale with Backlit LCD Display. An extra-large 13 x 13 platform constructed of ultra-thick 10mm durable, clear tempered glass commands attention, while opulent metallic silver accents compliment this scales timeless design. This digital bathroom scale features a generous 3.0 x 1.4 Accu-Glo LCD readout with blue backlight, prominently displaying accurate measurements up to 440 lb/200 kg in 0.2 lb/0.1 kg increments. Inside the box, you will find the Taylor 7519 Digital Glass Bathroom Scale with Backlit LCD Display, an instruction manual, and 3 branded AAA batteries. This scale is backed by a 5-Year limited warranty.","I had the same scale for  6 years lol worked great and then deceased.  I definitely got our money's worth and loved it because very accurate and big numbers and lights up so nice easy to see.  Always weighed myself at home then doctors and it was always the same.  Great scale and was shocked they still sold it.  I thought for sure would no longer have after so many years but they did.  So, I bought it again and hopefully we will be happy for many more years to come.  Highly recommended."
Ozeri Rev Digital Bathroom Scale with Electro-Mechan  ...,$23.99,4.3/5.0,https://www.walmart.com/ip/Ozeri-Rev-Digital-Bathroom-Scale-with-Electro-Mechanical-Weight-Dial/37417381,"The Ozeri Rev Digital Bathroom Scale with Electro-Mechanical Weight Dial is the world's first weight scale to incorporate a synchronized electro-mechanical Dial and LCD that automatically illuminate and point to your weight in lbs and kg, for easy-to read results in all light conditions and from any angle. Boasting a visually arresting design, the Ozeri Rev scale features a huge 5.5 inch mechanical dial display with an integrated digital blue-backlit LCD, accented by stylish chrome to create a distinctive retro look, yet with the accuracy of modern technology. This professional quality scale features an oversized platform made of impact-resistant tempered glass with slip-resistant feet for ideal stability, and a new built-in alarm that reminds you to measure your weight at the same time each day. The Ozeri Rev Digital Bathroom Scale uses 4 high precision GX sensors that weigh up to 400 lbs (180 kg) in 0.2 lbs or 0.1 kg increments. Whether your goals are weight loss or muscle gain, the Ozeri Rev features the latest generation of StepOn technology to display your precise body weight upon stepping onto the scale, with no tapping required. The Ozeri Rev Digital Bathroom Scale is auto-calibrated and automatically turns off to conserve battery life. It runs on 3 AAA batteries (included) and features a Low Battery Indicator. Your Satisfaction is 100% Guaranteed.","I have owned many scales over the years and decided recently that it was time for a new one. This scale from Ozeri is really sleek looking. It has a retro look to it as well. There is a dial as well as a digital readout which I love.  

Usually I don't have my glasses on when I weigh myself and the scale flashes the weight when it's done getting a reading and holds it for 10 seconds which is long enough for me to get close enough to read it!

 The scale can be easily switched between pounds and kilograms and weighs up to 400 pounds in 0.2 pound or 0.1 kilogram increments. This scale even has an alarm you can set to remind you to weigh yourself at the same time everyday!  I've compared the weight displayed with this scale with others I own and it's very accurate. As well I can use it multiple,times and get the same reading. It works equally well on my hardwood or slate floors. Highly recommended.

I received this product at no cost. The opinions stated here are my own after using the product."
Ozeri WeightMaster 400 lbs Digital Bath Scale with B  ...,$28.89,4.9/5.0,https://www.walmart.com/ip/Ozeri-WeightMaster-400-lbs-Digital-Bath-Scale-with-BMI-and-Weight-Change-Detection/37417384,"The Ozeri WeightMaster 400 lbs Digital Bath Scale with BMI and Weight Change Detection was designed and engineered in the USA to provide a comprehensive yet simple weight management solution to measure and track your weight. Featuring BMI Measurement and Auto Recognition Technology, the Ozeri WeightMaster weighs up to 400 lbs and displays your BMI (Body Mass Index), a measure of your body fat based on your height and weight. Immediately after displaying your weight and BMI, the scales Weight Change Detection displays your net weight change from your last weigh-in (L1), the average of your last 3 weigh-ins (L3), and last 7 weigh-ins (L7). By measuring your weight once a day, the Ozeri WeightMaster empowers you to see how your current weight changes day to day, from the last 3 days, and over the previous week. For users who would rather just focus on their weight trend without worrying so much about the actual numbers, the WeightMaster features Color Alert Technology, which displays your weight change in a GREEN illumination for weight loss and RED for weight gain, providing a visual form of intuitive feedback. With built-in intelligence, the WeightMaster requires no complicated synching and spares you the data connection failures common to more expensive wireless and Bluetooth alternatives. Precision engineered and durably made, WeightMaster auto-calibrates with StepOn technology and auto-powers off to preserve battery life. The Ozeri WeightMaster is made out of impact-resistant tempered glass, and equipped with non-slip scratch-resistant feet that wont damage flooring. Ships with 3 AAA batteries included, and backed by Ozeri's 100% Hassle-Free Satisfaction Guarantee.","I love this scale for many reasons. You can track your weight and BMI and it stores it for up to 7 days. It also does multi-family if needed. My favorite thing about this scale is when you gain weight the display turns red, and when you lose weight it turns green. It's fun to step on and see that green light! Works amazing, it weighs me exactly the same as my doctors office each month. I like that it takes 3 AAA batteries and not the little rounds ones. I never replaced those in my last scales so this one is a keeper for me. It also has small legs to stay balanced properly and it's scratch resistant to your floors as well. Very durable and will last a long time! Very happy with this scale!!"
Taylor 7595 Digital Glass Bathroom Scale with 2 User  ...,$24.88,1.8/5.0,https://www.walmart.com/ip/Taylor-7595-Digital-Glass-Bathroom-Scale-with-2-User-Memory/53998845,"For the ultimate in performance and weight-tracking precision, turn to the Taylor 7595 Digital Glass Bathroom Scale with 2 User Memory. An oversized 12.2 x 12.2 clear tempered glass platform with sophisticated brushed stainless steel accents anchor its timeless design, while the might of Taylors heritage ensures you will always receive the most accurate results. This digital bathroom scale features a 3.2 x 1.5 LCD readout with blue backlight, displaying accurate measurements up to 440 lb/200 kg in 0.2 lb/0.1 kg increments. This scale will display icons for gain or loss versus previous weigh-ins with memory for 2 users. Inside the box, you will find the Taylor 7595 Digital Glass Bathroom Scale with 2 User Memory, an instruction manual, and 3 branded AAA batteries. This scale is backed by a 5-Year limited warranty.","If you read the instructions, the scale does exactly what it says it will do.  I tried to use it before I read the directions and had some of the same problems listed on other reviews, so I decided to read the directions.  Now it works like a charm.  I really like the bright blue display and the simple design."
Health o meter Weight Tracking Digital Scale,$19.88,2.4/5.0,https://www.walmart.com/ip/Health-o-meter-Weight-Tracking-Digital-Scale/8245670,"This Health-O-Meter Weight Tracking Digital Scale can make a difference in a successful health and fitness plan. Featuring advanced technology, it's precise and accurate to take the guesswork out of weight management. Known as &quot;The Doctor's Scale,&quot; it stores information and tracks the last weigh-in for up to two users for quick and easy tracking. The 2.8&quot; x 1.3&quot; LCD display makes reading your weight easy while the four-load cell technology helps ensure dependable performance. This Health-O-Meter is battery-operated and measures up to 350 lbs in 0.2 lb increments. Whether you're trying to lose weight or just monitor your health, this device is designed to help makes it simple.","This is the most inaccurate scale i have ever used! Total waste of your money and sanity! This scale will weigh you all over the board ranging 5 to 10 pounds. I tested it with weights and they didnt even register on the scale,but did on an analog scale which digital scales companies quip are not reliable. In my opinion the one they detects an actual real weight is the most reliable. Not the one that has 5 different readings under the same condition."
Taylor Digital Bathroom Scale,$18.94,5.0/5.0,https://www.walmart.com/ip/Taylor-Digital-Bathroom-Scale/428883780,"With its durable construction, clean lines and digital technology, the Taylor 7358GW Digital Scale is a great value. The large 12&quot; x 12&quot; platform is made of durable, tempered glass with a plastic overlay and has a high capacity of 400 lb and with 0.2 lb increments readings. The oversized display which is 2.9&quot; x 2&quot; makes it very easy to read. It boasts an instant on feature. This eliminates the need to tap the platform or fuss with a power switch; simply stand on the scale, and your measurements will appear. ACCURACY &amp; STYLE","I got these scales for my dad who wears size 13 shoes. He says there is ""plenty of room for his big ol' feet"" and he really likes the large, easy-to-read numbers."
Taylor Precision Products 73294072 Silver Platform L  ...,$21.37,4.0/5.0,https://www.walmart.com/ip/Taylor-Precision-Products-73294072-Silver-Platform-Lithium-Electronic-Digital-Scale/5740778,The Silver Platform lithium electronic digital scale from Taylor gives you accurate readings in .2-pound increments. The scale weighs up to 330 pounds accurately and comes equipped with a long-life lithium battery. The silver platform looks good in any environment.,I originally bought this inexpensive scale so I could pack it in my luggage when I travel. It's actually been more consistant and accurate than my more expensive scales I use at home. I couldn't believe I only paid $10.00. Definitely a good bang for the buck!
"Conair Weight Watchers Compact Scale, 10""x11"", Chrom  ...",$19.55,4.0/5.0,https://www.walmart.com/ip/Conair-Weight-Watchers-Compact-Scale-10-x11-Chrome/19500934,Weight Watchers Compact Precision Scale in white... Easy-to-Read 1-inch Digital Display; Polished Chrome Bezel; 10 x 11-inch High-gloss Black Platform; 330 lb Weight Capacity; Displays weight in 0.5 lb./200 g increments; Long-life lithium battery included.,"It is small, somewhat difficult when feet are large.  The figures do not light up, and they do not remain visible fore very long."
1byone Digital Smart Wireless Body Fat Scale with IO  ...,$25.99,4.5/5.0,https://www.walmart.com/ip/1byone-Digital-Smart-Wireless-Body-Fat-Scale-IOS-Android-App-Manage-Body-weight-Body-Fat-Water-Muscle-Mass-BMI-BMR-Bone-Mass-Visceral-Fat-White/844727215,"<br />This 1byone Digital Smart Wireless Body Fat Scale uses BIA technology to track your health information on body weight, body fat, body water, muscle mass, BMI and more. It features Bluetooth intelligent connection that allows you to simply step on it and get an instant readout. The smart body fat scales app can record 10 users' data in detail and features a compact design with a 3.3&quot; LED display that's easy to read from a distance, at a wide angle or even in dimly lit areas. It has high-impact-resistant tempered glass that's strong and durable and is equipped with 4 high-precision sensors that can weigh from 11 lbs up to 400 lbs. Step on the scale, and within seconds it'll take 8 different essential health measurements, giving you comprehensive data about your health. Body measurements are instantly sent to your smart device each time you step on making it easy to track weight loss and health progress.  <br />","It's very sleek looking, as well as very informative for those long wondered questions that you may have about yourself. I finally was able able to determine that I am slightly on the ""big boned"" size of life lol. Helps weight loss goals get tracked with precision. Let's not forget that it's muuch cheaper than the competition. A-1 product in my book"
Taylor 5780F Stainless Steel Body Analysis Bathroom   ...,$34.88,2.8/5.0,https://www.walmart.com/ip/Taylor-5780F-Stainless-Steel-Body-Analysis-Bathroom-Scale/53998844,"For the ultimate in performance and precision body analysis, turn to the Taylor 5780F Stainless Steel Body Analysis Bathroom Scale. This body analysis scale offers a full suite of features for measuring and tracking your health objectives including body fat, body water and muscle mass estimators. The Taylor 5780F Stainless Steel Body Analysis Bathroom Scale provides BMI (body mass index) estimations based on height and age, as well as daily calorie intake estimates that give you an idea of how many calories you can consume in a day to maintain your current weight. This scale can recognize and store data for 10 users in Normal or Athlete modes. An oversized 12.2 x 12.2 black platform is complimented with brushed stainless steel accents. Clearly track your results with a backlit 3.6 x 2.1 LCD readout featuring easy-to-read white digits, displaying accurate measurements up to 500 lb/225 kg in 0.2 lb/0.1 kg increments. Inside the box, you will find the Taylor 5780F Stainless Steel Body Composition Bathroom Scale an instruction manual, and 3 branded AAA batteries. This scale is backed by a 5-Year limited warranty.","I'm an exercise science major going for a CSCS as well as being a professional natural bodybuilder. Whereas I'm moving away from my college where I'd normally do skin-folds as a way to get my body fat percentage, I decided to buy this scale to take the place of skin-folds although I'm aware that electronic readings tend to be off. With that said, I can confirm that this scale is WAY OFF.

When it comes to body weight itself, it's fair to say that it's within 1lb when it comes to accuracy. I stepped on it multiple times to make sure it was consistent. The problem, however, was every other reading. Specifically bodyfat and water weight percentages. Being 6 weeks out from my current show, my last skin-fold had me marked at 7% BF. This scale had me marked at 23.3% BF. This is a massive difference.

BMI was pretty spot on. At only 5'6 and around 172lbs, it was correct. I admire that they made a ""Normal"" and ""Athlete"" mode that is supposed to help you when it comes to daily calorie intake, but it's showing my suggested maintenance calories to be around 3100g which is untrue in all ways (It's over by about 1000g of calories).

All in all, I was really hoping this scale would AT LEAST be within 7% accuracy on the body fat percentage measurements, but the only thing on it that is accurate is the weight.

Sorry for the story, but I wanted to be as detailed as possible."
Health O Meter Oversized Dial Scale (HAB401DQ-99),$20.24,3.9/5.0,https://www.walmart.com/ip/Health-O-Meter-Oversized-Dial-Scale-HAB401DQ-99/42358732,"The Health O Meter Oversized Dial Scale provides a simple, reliable way to measure and monitor your weight. This analog bathroom scale accurately measures up to 330 pounds in 1-pound increments. The large 5.5-inch dial shows weight readings clearly, allowing you to easily see your weight at a glance. Measuring 12.8 inches by 12.8 inches, this personal scale provides a comfortable standing platform for users of most sizes. It provides additional stability and durability thanks to its solid metal frame. Elegant stainless steel accents and an easy-to-clean design make this scale ideal for use in a variety of settings.","I worked in health care product supply and Health o meter is the most reliable North American scale there is. I wanted something reliable. I've tried the other digital glass scales. I didn't like that  they smudge with footprints and look dirty quickly. I don't need to know my bmi from a scale I've got gadgets for that. 
Another reviewer said that the needle didn't land on zero and they just lived with it like that. What they don't know is that there is a little calibration dial on the front of the scale. Turn it back to zero whenever it's off. Unless you are a professional athlete or someone that is obsessed with knowing your weight to the ounce you won't be disappointed. It looks nice too! 
Also, I found with the glass digital scales you can't stand them up if you want them out of the way, it messes with the calibration. (This scale you just turn the dial)"
Taylor Mechanical Analog Bath Scale Style 11306072T,$46.45,3.7/5.0,https://www.walmart.com/ip/Taylor-Mechanical-Analog-Bath-Scale-Style-11306072T/11089584,"The Taylor Analog Bath Scale is a convenient way to monitor your weight. It has a mechanical design with solid-steel construction for long-lasting use. With color-coded weight indicators, it can help you keep track of personal goals. This Taylor bath scale has a 330 lb. weight capacity and a 7&quot; speedometer-style dial that's easy to read at a glance.","i have used more expensive and fancy scales that also used batteries and gave different weight each time you step on it, in other words, inaccurate weight, but this basic scale is very accurate all the time and doesn't need any batteries. it's simple and beautiful and i love it."
Health O Meter Professional Body Fat Digital Scale w  ...,$39.84,2.3/5.0,https://www.walmart.com/ip/Health-O-Meter-Professional-Body-Fat-Digital-Scale-with-DCI-Technology-BFM081DQ1-63/51235438,"Take the guesswork out of weight management with the Health O Meter Professional Body Fat Scale. With advanced technology to ensure precision, this digital bathroom scale measures weight up to 400 pounds in 0.2-pound increments. It also shows body fat, hydration level, bone mass, muscle mass, and Body Mass Index (BMI) to provide a more complete picture of total fitness. Equipped with DCI+ technology, this smart scale calculates the maximum daily caloric intake required to achieve your goal weight. The large backlit LCD display is easy to read, and the buttons along the top edge of the scale provide simple, intuitive operation. This scale can store and track the last six weigh-ins for up to four users. The extra-wide, tempered glass size platform provides sturdy support for users of most sizes.","My daughter had this scale at her house and I thought I would buy one. I should've asked her before I bought it because she said she would've told me not to buy the scales because they are never correct. 
You can get on them one time and it is ten pounds off, and the next time two pounds. 
You step on and they won't come on. 
Oh never mind, I don't have the time to write all the problems I have had with these scales. 
The reason I gave it one star is because they didn't give me the option of minus 0."
Salter 916 Professional Large Dial Mechanical Bath S  ...,$40.99,1.8/5.0,https://www.walmart.com/ip/Salter-916-Professional-Large-Dial-Mechanical-Bath-Scale/39461234,"Add a touch of timeless elegance to any environment with the classic Salter 916 Professional Large Dial Mechanical Bath Scale. This classic scale boasts an easy-to-read 7.5 mechanical dial, providing accurate measurements up to 400 lbs./180kgs with a precise pointer. The robust 18.25&quot; x 13&quot; powder-coated steel base is highlighted by the professional quality of the timeless chrome bezel and a rubberized non-slip mat. The study construction of the generous platform makes for a comfortable experience, while its easy-to-clean high capacity design ensures accurate weight readings for years to come. Inside the box, you will find the classic Salter 916 Professional Large Dial Mechanical Bath Scale and an instruction manual. This scale is backed by a 5-Year limited warranty.","The scale is ample in size which makes it easy to stand on. Unlike an digital scale, the analog scale produces a reading immediately instead of having to wait for a digital readout. The face of the scale is big with major markings every 10 pounds and minor markings every pound which allows for precise measurement. The construction of the scale is very rugged yet its good-looking appearance complements our bathroom. Great product!"
Omron Body Composition Monitor with Scale - 7 Fitnes  ...,$69.99,4.1/5.0,https://www.walmart.com/ip/Omron-Body-Composition-Monitor-with-Scale-7-Fitness-Indicators-90-Day-Memory/15604612,"The HBF-514C provides Full Body Sensing - a comprehensive understanding of your body composition to help you reach your fitness goals. Full body sensing is more accurate than measuring with feet alone. Easy to use, the HBF-514C measures 7 fitness indicators including body fat, visceral fat, BMI, skeletal muscle, resting metabolism, body age and body weight. It includes an easy on/off switch at the base, 4 AA batteries and a one-year warranty.","i have two clinics , each one had that professional scale for more than 2 years , i never complain from any of them along all the past periode till now . really i love them more than any other equipments in my beloved clinics . really you are so good omron . thank you [This review was collected as part of a promotion.]"
400 Lbs Geometric Digital LCD Glass Body Weight Bath  ...,$15.20,1.0/5.0,https://www.walmart.com/ip/400-Lbs-Geometric-Digital-LCD-Glass-Body-Weight-Bathroom-Scale-High-Precision-HITC/710835090,"<p><b>Digital LCD Glass Bathroom Scale High Precision is easy to use and convenient to carry.The glass electronic bath scale automatically lock the readouts when data is stable.Note: Due to the difference between different monitors, the picture may not reflect the actual color of the item. We guarantee the style is the same as shown in the pictures, but not the same performance on different bodies as on the model. Thank you!</b></p>","I weighed myself first in the living room, never mind what it said. I took scale into the bathroom and mysteriously gained 50 pounds. I then weighed myself in the bedroom and it read I was a flattering 135 pounds. I weigh 220 pounds in the bathroom, 160 pounds in the living room, 145 in the dining room and 135 in the bedroom. I tried everything I could think of to test it out.  It is very consistent, weight in different rooms always reads the same wrong weight. The floors are not uneven or anything. I'm going to keep this scale as a form of entertainment for guests, or maybe I misread the details and it was meant to be a party joke in the first place."
American Weigh Scales 330CVS Talking Digital Bathroo  ...,$24.65,3.7/5.0,https://www.walmart.com/ip/American-Weigh-Scales-330CVS-Talking-Digital-Bathroom-Scale/23876340,Talking Scale The 330CVS is our most economical talking bathroom scale. The scale features a clear English or Spanish speaking voice and low profile. The Auto-On feature turns the scale on when you stop on. No need to tap before weighing.,"This talking Digital LCD Scale is a bargain that operates very well.  It talks and that is great for those who don't always have their glasses on, like right out of the shower.  The sound level is fine, not too low or blaring.  The read out is large and sufficient.  It is a very thin scale and is not obstructive, so it blends in well.  The black color is nice and easier to stay clean.  The accuracy seems on par in comparison to an older scale (being replaced due to crack).  This is a more sleek and modern version scale.  The voice saying good by is interesting because of the delay and I find myself talking back.  It doesn't say hello though.  The only qualm I have it that the surface is slippery.  I have to take my slippers off or I can slip towards the wall.  I am surprised that a textured surface wasn't incorporated.  However, it is a minor detail overall.  It looks just like the photo above."
Sunbeam Rotating Dial Scale (SAB700),$5.82,3.2/5.0,https://www.walmart.com/ip/Sunbeam-Rotating-Dial-Scale-SAB700/15524356,"Easily measure your weight with the Sunbeam Rotating Dial Scale. This bathroom body scale measures up to 330 pounds in 1-pound increments. The large 4.5-inch rotating dial is marked with clear gradations, allowing you to determine your weight at a glance. Measuring just 9.8 inches by 9.8 inches, this personal scale is compact enough for use in bathrooms, bedrooms, and other areas where space is limited, yet its platform provides plenty of standing room. And with its elegant white finish and minimalist design, this scale has a clean look that coordinates with a variety of decors.","OK scale for a cheap price. Dial is sort of small.....for an old lady it is a bit hard to see the individeual lines (lol). But I didnt want to spend an arm and a leg so it is fine for me. You get what you pay for. If you want a great quality scale, look elsewhere. But if you want a cheap scale that does the job with no bells and whistles, this is fine."
Taylor 740541032 Digital Scale,$31.43,4.3/5.0,https://www.walmart.com/ip/Taylor-740541032-Digital-Scale/11089589,Taylor Digital bath Scale with Lithium Battery and 440 pound capacity in 0.2 lb. increments; large 1.2quot; LCD readout w/ Acu-Glotmblue backlight; rubberized carry handle; nickel accented platform; requires 4 AAA batteries (included),"I specifically purchased this scale for a fitness challenge I was doing. It worked great for the first three weeks; then when it came time to do my final weigh in, it won't zero out. There is always .7 lbs on the scale. Ive changed the batteries, Ive done the step on/step off thing numerous times to try to re-calibrate/tare, Ive changed the surface it is sitting on. At this point, that .7 is causing me to lose the challenge. Will be returning it."
Taylor Lithium Digital Thin Profile Bath Scale Model  ...,$25.04,4.2/5.0,https://www.walmart.com/ip/Taylor-Lithium-Digital-Thin-Profile-Bath-Scale-Model-7340/11089590,"Keep track of your fitness goals with the Taylor 7340 Non-Slip Digital Bathroom Scale with Extra Large Display. The extra wide 14.0 x 12.2 platform features a non-slip, rubberized finish for added convenience. With an extra-large 3.7 x 2.0 LCD readout prominently displaying accurate measurements up to 440 lb/200 kg capacity in 0.2 lb/0.1 kg increments. This Digital Bathroom scale features Step-on Instant Read, automatically registering and displaying your weight as soon as your step on the platform. Inside the box, you will find the Taylor 7340 Non-Slip Digital Bathroom Scale with Extra Large Display, an instruction manual, and 1 branded Lithium battery. This scale is backed by a 5-Year limited warranty.","Had one exactly like this before...stopped working..it had a limited life time warranty..but the cost to ship it back wasnt worth it..my wife ordered another one online...little did i know she ordered the same model..only difference is that this one doesnt have a lifetime warranty...i think it they know they only will last few years..
Overall it's an accurate scale...but not a long lasting one...their warranty went from lifetime to a few years..."
Fitbit Aria 2 Wi-Fi Smart Scale,$128.95,4.6/5.0,https://www.walmart.com/ip/Fitbit-Aria-2-Wi-Fi-Smart-Scale/915820231,"Get information and motivation to reach your goals with the Fitbit Aria 2 Wi-Fi Smart Scale. This sleek scale gives you a clear, holistic picture of your health and body composition by accurately measuring weight, body fat percentage, lean mass and BMIall in one step. Reengineered with the latest technology, Aria 2 captures data with greater precision than ever. And with built-in Bluetooth, you can set it up in just a few minutes from your smartphone. Easy to set up and even easier to use, this sleek scale syncs your stats automatically to the Fitbit app, so you can see how everything you do adds upfrom steps to exercise to nutrition. Aria 2 works seamlessly with Fitbit trackers so you have more tools to help you reach your weight goals. Weight trends often share a relationship with exercise activity, resting heart rate, and even sleep habits. Compare your food consumption and exercise against your weight trends for a more well-rounded picture of your health. Logging food and exercise is quick and easy on the Fitbit app. The more you log, the better analysis youll get of your health and progress. Short-term fluctuations in weight dont always give you a realistic view of your health and fitnessits the long-term trends that matter most. Through easy-to-read graphs on the Fitbit app and online dashboard, Aria 2 helps show you the bigger picture so you can take control of your results. Aria 2 is meant to be shared. This smart scale can recognize up to 8 users while keeping individual stats private. Every time you step on the scale, Aria 2 recognizes who you are, displays your data, and sends your stats straight to your Fitbit account.","Bought this about a year and a half ago. Was thrilled when I got it--so sleek and cool and it seemed to do everything. Didn't use it regularly but now am trying to keep up with my weight for medical issues and the thing will not weigh properly. It varies as much as 10 pounds or more within only moments. I looked on the Fitbit forums to see if there was a solution and there are many MANY people complaining of the same issue and there told the same solution--which DOESN'T WORK.  So now, I have a useless piece of tech junk and am now in the market for a plain old reliable scale.  I think before I buy another FitBit anything, instead of just reading the Walmart reviews (which tend to track to more recent buyers), I'll go over to the FitBit forums to see what people who have lived with the item a while are saying."
Health O Meter Baby Toddler Scale (HDC100KD-01),$41.99,4.8/5.0,https://www.walmart.com/ip/Health-O-Meter-Baby-Toddler-Scale-HDC100KD-01/2676641,Health O Meter Baby Toddler Scale. For kids. Convertible scale great for weighing infant and toddlers. Confidence your child is getting the right amount to eat &amp; drink. Security lock for tray stability during use. Tray holds baby in sitting or lying position. Removable tray for use as a toddler scale. Easy to read large display. Use for many years converts to a toddler scale with weight up to 60lbs.,"I searched for a scale that would weigh our 11 newborn puppies. All other scales I looked at started with a minimum of 10 pounds. This one starts at 0. It also has a feature for the wiggly puppies which will hold the weight. I have been using this for two weeks now and it exceeds my expectations. The bed where you put the puppy (baby) is good size. It was very easy to put together, just put the bed onto the scale. Oh, and it also another great feature. I lay a blanket down on the scale and it will zero out the weight of the blanket! Once I am done with the scale I am giving it to my son and daughter in law for my newborn grandson! Once last thing, I ordered this online and the manufacturer had it shipped the next day and I had it within a few days! Not like other things I have ordered online and it takes 7-10 days! Highly recommend this item!"
Omron HBF-510W body fat scale,$63.99 - $75.57,3.7/5.0,https://www.walmart.com/ip/Omron-HBF-510W-body-fat-scale/10893854,"The Full-Body Composition Monitor and Scale provides full body sensing, which is a comprehensive understanding of your body composition to help you reach your fitness goals. Full body sensing is more accurate than measuring with feet alone. It is easy to use and the HBF-510W measures five fitness indicators including body fat, visceral fat, BMI, skeletal muscle and body weight. It features a four-person profile, an easy on/off switch at base, a large LCD display and a retractable cord. This body fat and monitor scale gives you measurements in the comfort of your own home anytime you want. Measuring your weight in conjunction with other readings gives you a clearer picture of what is going on with your body making this an ideal addition to improving your health. This convenient and reliable Full-Body Composition Monitor and Scale helps you to know your numbers to help you reach your goals.","i have two clinics , each one had that professional scale for more than 2 years , i never complain from any of them along all the past periode till now . really i love them more than any other equipments in my beloved clinics . really you are so good omron . thank you [This review was collected as part of a promotion.]"
Health o Meter Professional Dial Scale (145KD-41),$28.49,3.9/5.0,https://www.walmart.com/ip/Health-o-Meter-Professional-Dial-Scale-145KD-41/14706446,Professional dial scale features an oversized platform and soft-touch mat for steady footing. Scale measures up to 400 lb. in 1 lb. increments and includes an oversized dial for an easy readout. Dial scale is equipped with a chrome finished bezel.,"This is a $12 or $13 scale on sale for $20 ... and comes with a device (about $8) for measuring your arms, waist, thighs, etc., etc. I thought I would get a real good scale and that the $20 would guarantee it. However, it is shipped with this device for measuring how much fat you have lost on various parts of your body. I preferred a better scale and not this additional item which comes as part of the purchase. My old scale did not always set at 0 ... sometimes a pound or so under, others a pound or two less. I got tired of resetting to 0 every time I weighed myself ... so I purchased what I thought was an excellent scale. This new scale seems to need resetting to 0 everything I weigh myself. So, if you do not mind resetting each time and you can use this measuring device, I guess the $20 is a good price. But for just a decent scale, you can get one for about $7. So, I do not recommend this purchase unless you need the measuring device and are willing to reset the scale to 0 each time you weigh yourself."
Health O Meter Digital Weight Tracking Scale with Te  ...,$25.99,3.6/5.0,https://www.walmart.com/ip/Health-O-Meter-Digital-Weight-Tracking-Scale-with-Tempered-Glass-Platform-HDM651DQ-63/49305695,"Measure and monitor your weight at a glance with the Health O Meter Digital Weight Tracking Scale. With four load cells to ensure precision, this digital bathroom scale measures weight up to 400 pounds in 0.2-pound increments. The extra-large digital LCD display makes it easy to read your weight measurements. Ideal for monitoring weight loss, this personal scale can store and track the last weigh-in for up to two users. And thanks to its sleek glass platform, the scale has a contemporary design that attractively complements modern decor.","I like that you can just step on it to weigh yourself. My old one you had to tap it and wait to get on. Seems to fluctuate a little though unless my weight is up and down by 2-3 lbs a day which I guess is possible. All in all, a good product that I would buy again."
My Weigh Xl-700 Talking Bathroom Scale 700 Lb 320kg,$75.99,4.8/5.0,https://www.walmart.com/ip/My-Weigh-Xl-700-Talking-Bathroom-Scale-700-Lb-320kg/164150765,My Weigh Xl-700 Talking Bathroom Scale 700 Lb 320kg,"I just got it today. Plenty wide enough for me to stand on, and the fact that it reads out the results for me is perfect since I can't see past my gut. It's a bit inaccurate though.

I have it on solid, steady, flat wooden flooring. No moisture, no excessive heat or cold, no radio interference, no low battery, it's brand new, fresh out the box...no reason for it to be malfunctioning.

I'm getting anywhere between 308-311 lbs. I'll probably keep it, but yeah, I'm disappointed."
Salter 914whlkr Infant & Toddler Bath Scale,$46.54,4.8/5.0,https://www.walmart.com/ip/Salter-914whlkr-Infant-Toddler-Bath-Scale/11063127,"The Salter Baby and Toddler Bath Scale is the perfect product for parents who want to keep track of their children's weight at home or between doctor visits. The scale features a comfortable, securely fitted weighing tray to keep babies safely in place when being weighed. It also comes with a Hold feature to keep accurate weight on the display, even when your child moves around. To continue using the scale when your child grows older, it easily converts to a toddler scale by simply removing the tray.The scale has an easy-to-read 1.2&quot; LCD readout and comes with auto-zero and auto off features. It is accurate up to 44 pounds and measures in 0.5 oz increments.","I bought this scale to weigh puppies once they exceeded my food scale (which happens when they become too lively at 5 weeks).  This scale works well.  I also used for an adult dog and could use the ""hold"" function then.  Scale is a good size and will be easy to store."
Taylor Precision Products 70844191m Talking Digital   ...,$31.99,4.4/5.0,https://www.walmart.com/ip/Taylor-Precision-Products-70844191m-Talking-Digital-Scale/25490267,"The Taylor Talking Digital Scale helps you to monitor your weight, while complementing your bathroom decor. This scale announces the weight reading in English, Spanish, Greek, German or Croatian.",I bought this scale for my mother who has macular degeneration and also has CHF. She needed to keep track of her weight everyday but could not see the scale. The talking scale has been great! I love the looks of it and how it doesnt want to move around when my mother steps on it. I would definately recommend this!
Excelvan Touch 400 lb Digital Body Fat Scale Calorie  ...,$26.99,4.9/5.0,https://www.walmart.com/ip/Excelvan-Touch-400-lb-Digital-Body-Fat-Scale-Calories-Muscle-For-Weight-Loss/193046597,"<strong>EXCELVAN Body Fat Scale High Precision LCD Display With Blue Backlight Measuring Weight Fat Muscle Bone Water KCAL BMI 6mm Tempered Glass Platform 10 Users Information Storage</strong> <br /> <br /> <strong>Features</strong> <br />1.  <strong>Clear LCD Display &amp; High Precision Sensors</strong>: Blue backlight 2.9''/7.5cm x 1.4''/3.5cm LCD display shows clear data. 4 High precision strain gauge sensors symmetrically implanted on the platform, ensure that all the data measured are accurate and rapid. <br />2.  <strong>7 Health Metrics Measuring</strong>: To measure crucial health metrics: Weight, fat ratio, muscle rate, bone mass, water rate, KCAL, BMI, and help you to evaluate your health status. <br />3.  <strong>Memory of 10 Users Information</strong>: Keep up to 10 user's information (Gender, age, Height) inside by P0~P9. No need to input your information again at the second time usage. Just press keys to find your information, and step on the scale to get the new measuring data. <br />4.  <strong>Anti-slip &amp; Stable Structure</strong>: Adopted 4 anti-slip pads, whose self-adaptive feature can adjust themselves to suitable contact angle with ground. <br />5.  <strong>Endurable Design</strong>: Adopted 6mm tempered glass platform, which can hold 1.8kg/396lb weight at most. <br />6.  <strong>Low Battery &amp; Overload Indication</strong>: The scale will show 'LO' to remind you when battery power goes below 5%, and show 'O-Ld' to prompt you the measuring weight exceeds 180 KG /396lb. <br /> <br /> <strong>Specification</strong> <br />Sensor: 4 High Precision Strain Gauge Sensors <br />Memory of Users information: 10 Users <br />Applicable Weight Range: 8~180KG <br />Weight Division: 0.1 kg/0.2 lb <br />Weight Unit: kg/lb/st:lb Convertible <br />Applicable Users' Age: 6~100 years old <br />LCD Display Size: 2.9''/7.5cm x 1.4''/3.5cm <br />Muscle % Range: 5.0~75.0% <br />Bone Mass: 0.5~22.6KG <br />Fat % Measure Range: 5.0~75.0% <br />Fat % Differential Resolution: 0.1% <br />Hydration (water) % Range: 5.0~75.0% <br />Hydration (water) % Differential Resolution: 0.1% <br />KCAL Recommend: Included <br />BMI: Included <br />Error Indication: If cant test out fat parameter (&quot;Err&quot;) <br />Platform Materials/Thickness: Tempered Safety Glass/6mm <br />Power: 3 x 1.5V 3A Batteries(not included) <br />Product Size: 11.8 x 11.8 x 0.87 inches/30 x 30 x 2.2cm <br />Product Weight: 1.53kg/3.37lb <br />Package Contents: <br />1 x EXCELVAN Electronic Body Fat Hydration Scale <br />1 x User Manual <br /> <br />Note: <br />1. Please ensure the scale is placed on the flat, hard and stable surface or ground. <br />2. For your safety, please make sure that the glass platform and your feet are dry to prevent slipping. <br />3. All data are accurate to 0.1%/0.1 except for KCAL (accurate to 1). <br />","It does everything it says, plus, I'm really so happy with it! I'm using it twice daily to assist me with healthy weight management. The Bluetooth is simple and its Feelfit Apps on my iPhone and iPad Pro are uploading to Apple Health Kit. I think this is an amazing tool and I'm very excited to have the various indexes, measurements and trends plotted for me - which can be shared electronically with a trainer or physician! Totally worth it."
Taylor 9876 SuperBrite Digital Bathroom Scale with L  ...,$20.85,4.0/5.0,https://www.walmart.com/ip/Taylor-9876-SuperBrite-Digital-Bathroom-Scale-with-LED-Display/23485732,"For the ultimate in performance and precision, turn to the Taylor 9876 SuperBrite Digital Bathroom Scale with LED Display. A durable 11.5 x 11.9 black platform constructed of high-impact styrene incorporates a non-slip surface for a comfortable experience. This digital bathroom scale features a vibrant easy-to-read 3.7 x 1.3 SuperBrite LED display, clearly displaying accurate measurements up to 350 lb/160 kg in 0.5 lb/0.2 kg increments from any viewing angle. Featuring Step-on Instant Read, this scale will automatically register and display your weight as soon as your step on the platform. Inside the box, you will find the Taylor 9876 SuperBrite Digital Bathroom Scale with LED Display, an instruction manual, and 3 branded AAA batteries. This scale is backed by a 5-Year limited warranty.",Only thing you can't read the weight as easy as our old scales.
