#,Bath Safety,Price,Rating,Link,Top Review
1,McKesson Sitz Bath  Round Graphite Plastic 1 Count,$6.88,5.0/5.0,https://www.walmart.com/ip/McKesson-Sitz-Bath-Round-Graphite-Plastic-1-Count/245517374,blank
2,Drive Medical Premium Series Shower Chair with Back   ...,$36.99,4.7/5.0,https://www.walmart.com/ip/Drive-Medical-Premium-Series-Shower-Chair-with-Back-and-Arms/17351503,blank
3,Bath and Shower Step Stool with Handle,$34.50,4.0/5.0,https://www.walmart.com/ip/Bath-and-Shower-Step-Stool-with-Handle/113241531?wpa_bd=&wpa_pg_seller_id=5959E8862ED44DE4A52D627509043FD4&wpa_ref_id=a0c61d44c88a777c4379eb5b5fef63dd&wpa_aux_info=__aux_info__&wpa_tag=&wpa_pos=3&wpa_plmt=__plmt__&wpa_aduid=__aduid__,blank
4,Ktaxon Bath Shower Chair Adjustable Medical 8 Height  ...,$25.92,4.5/5.0,https://www.walmart.com/ip/Ktaxon-Bath-Shower-Chair-Adjustable-Medical-8-Height-Bench-Bathtub-Stool-Seat-White/819205914,blank
5,Carex Universal Bath Seat and Shower Chair - Adjusta  ...,$33.49,4.9/5.0,https://www.walmart.com/ip/Carex-Universal-Bath-Seat-and-Shower-Chair-Adjustable-Height-Shower-Bench/10105192,blank
6,Medline Bath Chair with Microban Antimicrobial Treat  ...,$35.26,4.3/5.0,https://www.walmart.com/ip/Medline-Bath-Chair-with-Microban-Antimicrobial-Treatment/25560962,blank
7,"Equate Male Urinal, 32 Oz",$5.92,4.4/5.0,https://www.walmart.com/ip/Equate-Male-Urinal-32-Oz/14179134,blank
8,Medline Toilet Safety Frame Rails,$35.65,4.5/5.0,https://www.walmart.com/ip/Medline-Toilet-Safety-Frame-Rails/44629011,blank
9,Drive Medical Bariatric Heavy Duty Bath & Shower Cha  ...,$46.06 - $57.99,4.5/5.0,https://www.walmart.com/ip/Drive-Medical-Bariatric-Heavy-Duty-Bath-Shower-Chair-with-Backrest/17284712,blank
10,Drive Medical Plastic Tub Transfer Bench with Adjust  ...,$55.88,4.6/5.0,https://www.walmart.com/ip/Drive-Medical-Plastic-Tub-Transfer-Bench-with-Adjustable-Backrest/17284709,blank
11,Carex Toilet Seat Riser - 4-Inch Quick-Lock Raised T  ...,$15.77,4.2/5.0,https://www.walmart.com/ip/Carex-Toilet-Seat-Riser-4-Inch-Quick-Lock-Raised-Toilet-Seat/26774629,blank
12,"Safe-er-Grip 11.5"" Bath & Shower Safety Handle",$13.96,4.4/5.0,https://www.walmart.com/ip/Safe-er-Grip-11-5-Bath-Shower-Safety-Handle/10848473,blank
13,Drive Medical Bathroom Safety Shower Tub Bench Chair  ...,$27.99 - $36.83,4.4/5.0,https://www.walmart.com/ip/Drive-Medical-Bathroom-Safety-Shower-Tub-Bench-Chair-Gray/17284703,blank
14,Medline Adjustable Toilet Safety Rails,$27.99,3.9/5.0,https://www.walmart.com/ip/Medline-Adjustable-Toilet-Safety-Rails/21782269,blank
15,"Medline Bath Chair with Back, Gray",$33.21,4.4/5.0,https://www.walmart.com/ip/Medline-Bath-Chair-with-Back-Gray/7983654,blank
16,Adjustable Molded Shower Chair with Arms & Back,$49.95 - $58.00,4.6/5.0,https://www.walmart.com/ip/Adjustable-Molded-Shower-Chair-with-Arms-Back/35306400,blank
17,Drive Medical Steel Folding Bedside Commode,$35.79,4.5/5.0,https://www.walmart.com/ip/Drive-Medical-Steel-Folding-Bedside-Commode/10728124,blank
18,"Medline Steel Elongated 3-in-1 Bedside Commode, 400l  ...",$39.64,3.6/5.0,https://www.walmart.com/ip/Medline-Steel-Elongated-3-in-1-Bedside-Commode-400lb-Weight-Capacity/43840349,blank
19,"DMI Bedside Commode Chair for Adults, Drop Arm Baria  ...",$86.54,4.1/5.0,https://www.walmart.com/ip/DMI-Bedside-Commode-Chair-for-Adults-Drop-Arm-Bariatric-Potty-Chair-Extra-Wide-Adjustable-Toilet-Commode-Gray/36782358,blank
20,"Equate Locking Raised Toilet Seat with Handles, Whit  ...",$39.53,4.5/5.0,https://www.walmart.com/ip/Equate-Locking-Raised-Toilet-Seat-with-Handles-White/14179132,blank
21,Medline Toilet Safety Frame Rails,$27.99,4.1/5.0,https://www.walmart.com/ip/Medline-Toilet-Safety-Frame-Rails/7983653,blank
22,Ktaxon Adjustable Medical Shower Chair Bathtub Bench  ...,$38.99,5.0/5.0,https://www.walmart.com/ip/Ktaxon-Adjustable-Medical-Shower-Chair-Bathtub-Bench-Bath-Seat-Stool-Armrest-Back-White/429558613,blank
23,Ktaxon 7 Height Adjustable Bath Chair Medical Shower  ...,$23.99,4.5/5.0,https://www.walmart.com/ip/Ktaxon-7-Height-Adjustable-Bath-Chair-Medical-Shower-Chair-Bathtub-Round-Stool-Sucker-Armrest/758612884,blank
24,Drive Medical Stand Alone Toilet Safety Rail,$33.99,4.5/5.0,https://www.walmart.com/ip/Drive-Medical-Stand-Alone-Toilet-Safety-Rail/16515130,blank
25,Medline Height Adjustable Transfer Bench with Backre  ...,$68.49,4.6/5.0,https://www.walmart.com/ip/Medline-Height-Adjustable-Transfer-Bench-with-Backrest-Tool-Free-Assembly/7983649,blank
26,Lightweight Molded Toilet Seat Riser (5 Inch Lift),$17.99,4.6/5.0,https://www.walmart.com/ip/Lightweight-Molded-Toilet-Seat-Riser-5-Inch-Lift/467034867,blank
27,Medline Steel 3-in-1 Bedside Toilet Commode,$48.47,4.3/5.0,https://www.walmart.com/ip/Medline-Steel-3-in-1-Bedside-Toilet-Commode/7983655,blank
28,Medline Tool-Free Bath Tub Support Bar,$27.24,4.8/5.0,https://www.walmart.com/ip/Medline-Tool-Free-Bath-Tub-Support-Bar/7983652,blank
29,CALHOME Adjustable Medical Shower Chair Bathtub Benc  ...,$44.70,4.8/5.0,https://www.walmart.com/ip/CALHOME-Adjustable-Medical-Shower-Chair-Bathtub-Bench-Bath-Seat-Stool-Armrest-Back-White/548167460,blank
30,Carex 3-in-1 Folding Commode - Portable Toilet For A  ...,$49.30,3.8/5.0,https://www.walmart.com/ip/Carex-3-in-1-Folding-Commode-Portable-Toilet-For-Adults-and-Bedside-Commode-Chair/21128274,blank
31,Carex 32 oz Male Urinal,$6.82,4.3/5.0,https://www.walmart.com/ip/Carex-32-oz-Male-Urinal/4346737,blank
32,Carex Bath Seat And Shower Chair With Back For Senio  ...,$49.04,4.8/5.0,https://www.walmart.com/ip/Carex-Bath-Seat-And-Shower-Chair-With-Back-For-Seniors-Elderly-Disabled-Handicap-and-Injured-Persons-Supports-Up-To-400lbs/6537508,blank
33,"HealthSmart Raised Toilet Seat Riser for Elderly, Po  ...",$24.10,4.2/5.0,https://www.walmart.com/ip/HealthSmart-Raised-Toilet-Seat-Riser-for-Elderly-Portable-Elevated-Handicap-Toilet-Seat-Cushion-for-Seniors-5-Inch-Height-White/21382870,blank
34,Drive Deluxe Bariatric Drop-arm Commode 23H x 23W x   ...,$124.99,5.0/5.0,https://www.walmart.com/ip/Drive-Deluxe-Bariatric-Drop-arm-Commode-23H-x-23W-x-18-1-2D-1k-lb-Cap-Case-of-1/107317999,blank
35,Male Urinal McKesson  32 oz. / 1000 mL With Cover Si  ...,$5.23,0.0/5.0,https://www.walmart.com/ip/Male-Urinal-McKesson-32-oz-1000-mL-With-Cover-Single-Patient-Use-Pack-of-2/946585344,blank
36,Adjustable Bathtub Grab Bar Safety Rail,$29.03,4.5/5.0,https://www.walmart.com/ip/Adjustable-Bathtub-Grab-Bar-Safety-Rail/742193028,blank
37,Able Life Comfortably Independent Universal Floor to  ...,$129.99,4.8/5.0,https://www.walmart.com/ip/Able-Life-Comfortably-Independent-Universal-Floor-to-Ceiling-Grab-Bar/39992218,blank
38,Drive Medical Adjustable Height Bathtub Grab Bar Saf  ...,$32.84,4.7/5.0,https://www.walmart.com/ip/Drive-Medical-Adjustable-Height-Bathtub-Grab-Bar-Safety-Rail/17351501,blank
39,Stander Security Pole and Curve Grab Bar - Tension M  ...,$159.00 - $193.70,4.7/5.0,https://www.walmart.com/ip/Stander-Security-Pole-and-Curve-Grab-Bar-Tension-Mounted-Transfer-Pole-and-Rotating-Handle/14292594,blank
40,Carex Adustable Bath & Shower Seat with Back,$46.50,4.5/5.0,https://www.walmart.com/ip/Carex-Adustable-Bath-Shower-Seat-with-Back/10105191,blank
