#,Bedroom Aids & Safety,Price,Rating,Link,Top Review
1,Mainstays Multi-Use Bed Wedge Foam Pillow,$19.96,4.3/5.0,https://www.walmart.com/ip/Mainstays-Multi-Use-Bed-Wedge-Foam-Pillow/191267219,blank
2,"Equate Bedside Rail, Black",$38.88,4.6/5.0,https://www.walmart.com/ip/Equate-Bedside-Rail-Black/14179103,blank
3,Carex Adjustable Overbed Table with Large Surface,$96.57,4.5/5.0,https://www.walmart.com/ip/Carex-Adjustable-Overbed-Table-with-Large-Surface/6537518,blank
4,Stander EZ Adjust Home Bed Rail -Length Adjustable a  ...,$99.00,4.7/5.0,https://www.walmart.com/ip/Stander-EZ-Adjust-Home-Bed-Rail-Length-Adjustable-and-Folding-Rail-Black/6372781,blank
5,Drive Medical Non Tilt Top Overbed Table,$47.42 - $51.63,4.2/5.0,https://www.walmart.com/ip/Drive-Medical-Non-Tilt-Top-Overbed-Table/15935794,blank
6,Able Life Able Tray - Bamboo Swivel TV Tray & Laptop  ...,$149.00,4.7/5.0,https://www.walmart.com/ip/Able-Life-Able-Tray-Bamboo-Swivel-TV-Tray-Laptop-Tray-Table-with-Safety-Support-Handle/49909427,blank
7,Medline Tool-Free Bed Assist Bar with storage bag,$29.88,4.7/5.0,https://www.walmart.com/ip/Medline-Tool-Free-Bed-Assist-Bar-with-storage-bag/21782273,blank
8,Acid Reflux Bed Wedge by Hermell Products includes W  ...,$38.60,4.8/5.0,https://www.walmart.com/ip/Acid-Reflux-Bed-Wedge-by-Hermell-Products-includes-White-Quilted-cover-FW4060MO/47705313,blank
9,"""Lumex Stand Assist Non-Powered Stand Assist""",$529.99,4.7/5.0,https://www.walmart.com/ip/Lumex-Stand-Assist-Non-Powered-Stand-Assist/51499697,blank
10,Drive Medical Adjustable Height Home Bed Assist Hand  ...,$27.83,4.5/5.0,https://www.walmart.com/ip/Drive-Medical-Adjustable-Height-Home-Bed-Assist-Handle/17351608,blank
11,Height Adjustable Hand Bed Rail for Home Beds,$48.44 - $62.30,4.7/5.0,https://www.walmart.com/ip/Height-Adjustable-Hand-Bed-Rail-for-Home-Beds/35306101,blank
12,Carex Washable Bed Pad - 1 CT1.0 CT,$7.69,4.5/5.0,https://www.walmart.com/ip/Carex-Washable-Bed-Pad-1-CT1-0-CT/46396692,blank
13,DMI Ortho Bed Wedge Elevating Leg Rest Cushion Pillo  ...,$28.00,4.1/5.0,https://www.walmart.com/ip/DMI-Ortho-Bed-Wedge-Elevating-Leg-Rest-Cushion-Pillow-8-x-20-x-24-Blue/7079356,blank
14,Drive Medical Med Aire Alternating Pressure Pump and  ...,$60.08 - $63.61,3.9/5.0,https://www.walmart.com/ip/Drive-Medical-Med-Aire-Alternating-Pressure-Pump-and-Pad-System-Variable-Pressure/14692322,blank
15,Silver Spring Adjustable Essential Overbed Table,$40.99,4.0/5.0,https://www.walmart.com/ip/Silver-Spring-Adjustable-Essential-Overbed-Table/356413263,blank
16,Able Life Bedside Mighty Rail,$39.00,4.7/5.0,https://www.walmart.com/ip/Able-Life-Bedside-Mighty-Rail/15751849,blank
17,Able Life Bedside Extend-A-Rail - Adjustable Length   ...,$79.00,4.5/5.0,https://www.walmart.com/ip/Able-Life-Bedside-Extend-A-Rail-Adjustable-Length-Adult-Home-Bed-Rail-and-Stand-Support-Handle-Included-Safety-Strap/39992211,blank
18,DMI Waterproof Mattress Protector Incontinence Bed P  ...,$14.10,4.6/5.0,https://www.walmart.com/ip/DMI-Waterproof-Mattress-Protector-Incontinence-Bed-Pad-Cover-Washable-Underpad-for-Kids-Standard-30-in-L-x-36-in-W/7079359,blank
19,Deluxe Hand Bed Rail with Floor Support,$39.09 - $67.36,5.0/5.0,https://www.walmart.com/ip/Deluxe-Hand-Bed-Rail-with-Floor-Support/35391467,blank
20,Carex Easy-Up Bed Rail Support,$59.99,4.3/5.0,https://www.walmart.com/ip/Carex-Easy-Up-Bed-Rail-Support/14673411,blank
21,Memory Foam Waist Pillow Slow Rebound Lumbar Pillow   ...,$15.95,4.1/5.0,https://www.walmart.com/ip/Memory-Foam-Waist-Pillow-Slow-Rebound-Lumbar-Pillow-Cushion-Office-Car-Waist-Cushion-Relieve-Fatigue-Pressure/10105197,blank
22,Transfer Board DMI® 440 lbs. Maple Maple Plywood,$30.12,4.9/5.0,https://www.walmart.com/ip/Transfer-Board-DMI-440-lbs-Maple-Maple-Plywood/32427492,blank
23,Drive Medical Air Mattress Overlay Support Surface,$26.05,5.0/5.0,https://www.walmart.com/ip/Drive-Medical-Air-Mattress-Overlay-Support-Surface/17351566,blank
24,"Carex Health Brands Carex  Seat Cushion, 1 ea",$26.88,4.2/5.0,https://www.walmart.com/ip/Carex-Health-Brands-Carex-Seat-Cushion-1-ea/10105194,blank
25,Full Electric Hospital Bed Package (Invacare Full El  ...,$865.00,4.0/5.0,https://www.walmart.com/ip/Full-Electric-Hospital-Bed-Package-Invacare-Full-Electric-Home-Hospital-Bed-Package-w-Foam-Mattress-Half-Rail-Set/456703463,blank
26,Stander CarCaddie - Adjustable Vehicle Support Handl  ...,$12.99,4.8/5.0,https://www.walmart.com/ip/Stander-CarCaddie-Adjustable-Vehicle-Support-Handle/6372788,blank
27,Automatic Adjustable Overbed Table with Woodgrain To  ...,$72.00,2.8/5.0,https://www.walmart.com/ip/Automatic-Adjustable-Overbed-Table-with-Woodgrain-Top/35294540,blank
28,Able Life Bedside Sturdy Rail Elderly Home Bed Handl  ...,$54.00,4.5/5.0,https://www.walmart.com/ip/Able-Life-Bedside-Sturdy-Rail-Elderly-Home-Bed-Handle-with-Adjustable-Legs-and-Organizer-Pouch/39992214,blank
29,Drive Medical 3 Position Geri Chair Recliner,$406.10 - $486.32,3.6/5.0,https://www.walmart.com/ip/Drive-Medical-3-Position-Geri-Chair-Recliner/17284758,blank
30,Lumex Versa-Helper Trapeze Versa-Helper Trapeze,$124.99,4.5/5.0,https://www.walmart.com/ip/Lumex-Versa-Helper-Trapeze-Versa-Helper-Trapeze/51539384,blank
31,"Stander 30"" Home Safety Bed Rail + Swing Down Assist  ...",$89.00,4.6/5.0,https://www.walmart.com/ip/Stander-30-Home-Safety-Bed-Rail-Swing-Down-Assist-Handle-with-Included-Safety-Strap/6372787,blank
32,Medical Supply Bed Rail Handle Adjustable Height Bed  ...,$29.95,4.8/5.0,https://www.walmart.com/ip/Medical-Supply-Bed-Rail-Handle-Adjustable-Height-Bed-Assist-Bar-Grab-Bar-Safety-Hand-Rail-with-Safety-Strap/281381127,blank
33,Drive Medical Plastic Tub Transfer Bench with Adjust  ...,$55.88,4.6/5.0,https://www.walmart.com/ip/Drive-Medical-Plastic-Tub-Transfer-Bench-with-Adjustable-Backrest/17284709,blank
34,Drive Medical Home Bed Assist Grab Rail,$38.31,4.7/5.0,https://www.walmart.com/ip/Drive-Medical-Home-Bed-Assist-Grab-Rail/15935796,blank
35,Stander BedCane – Height Adjustable Home Assist Bed   ...,$69.00,4.7/5.0,https://www.walmart.com/ip/Stander-BedCane-Height-Adjustable-Home-Assist-Bed-Rail-Support-Handle/6372782,blank
36,"LogicMark Freedom Alert Emergency Alert System, 1ct",$267.50,4.5/5.0,https://www.walmart.com/ip/LogicMark-Freedom-Alert-Emergency-Alert-System-1ct/15935639,blank
37,Stander Mobility Home Bed Rail - Adjustable Swing-ou  ...,$99.00,4.6/5.0,https://www.walmart.com/ip/Stander-Mobility-Home-Bed-Rail-Adjustable-Swing-out-Hand-Rail-Pouch/15751914,blank
38,Milliard Foam Leg Elevator Cushion/Support and Leg E  ...,$42.99,4.7/5.0,https://www.walmart.com/ip/Milliard-Foam-Leg-Elevator-Cushion-Support-and-Leg-Elevation-Pillow-with-Washable-Cover-for-Surgery-Injury-or-Rest/168932881,blank
39,Structures Hook-In Bed Rail System with Center Bar S  ...,$43.99 - $47.99,3.2/5.0,https://www.walmart.com/ip/Structures-Hook-In-Bed-Rail-System-with-Center-Bar-Support/54716229,blank
40,Drive Medical Quick 'N Easy Comfort Mattress,$120.00,4.8/5.0,https://www.walmart.com/ip/Drive-Medical-Quick-N-Easy-Comfort-Mattress/23218059,blank
