#,Crutches,Price,Rating,Link,Top Review
1,Equate Universal Crutches,$34.67,4.8/5.0,https://www.walmart.com/ip/Equate-Universal-Crutches/211742048,blank
2,Drive Medical Dual Pad Steerable Knee Walker Knee Sc  ...,$123.47,4.6/5.0,https://www.walmart.com/ip/Drive-Medical-Dual-Pad-Steerable-Knee-Walker-Knee-Scooter-with-Basket-Alternative-to-Crutches/38444211,blank
3,Carex Knee Walker Scooter with Padded Knee Seat,$108.56,4.3/5.0,https://www.walmart.com/ip/Carex-Knee-Walker-Scooter-with-Padded-Knee-Seat/43153333,blank
4,Carex Crutch Tips Standard A715-00 2 Each (Pack of 3  ...,$16.51,0.0/5.0,https://www.walmart.com/ip/Carex-Crutch-Tips-Standard-A715-00-2-Each-Pack-of-3/46237476?wpa_bd=&wpa_pg_seller_id=80CEE2A63DCD4E66ADE9147F16441CE4&wpa_ref_id=9db9ffbd13047dc74acc614b995825b1&wpa_aux_info=__aux_info__&wpa_tag=&wpa_pos=3&wpa_plmt=__plmt__&wpa_aduid=__aduid__,blank
5,"Medical Knee Scooter for Broken Foot by HEALTHLINE,   ...",$131.08,5.0/5.0,https://www.walmart.com/ip/Medical-Knee-Scooter-Broken-Foot-HEALTHLINE-Knee-Walker-Scooter-Handle-Brake-Basket-Crutch-Alternative-Steerable-Terrain-Knee-Scooter-Blue/271282738,blank
6,Economy Knee Scooter Steerable Knee Walker Medical L  ...,$119.99,4.0/5.0,https://www.walmart.com/ip/Economy-Knee-Scooter-Steerable-Knee-Walker-Medical-Leg-Scooter-Crutch-Alternative-in-Matte-Black/121753842,blank
7,Costway Steerable Foldable Knee Walker Scooter Turni  ...,$115.99,2.8/5.0,https://www.walmart.com/ip/Costway-Steerable-Foldable-Knee-Walker-Scooter-Turning-Brake-Basket-Drive-Cart-Black/418983145,blank
8,Steerable Medical Knee Walker Scooter w/ Basket Roll  ...,$116.95,4.2/5.0,https://www.walmart.com/ip/Steerable-Medical-Knee-Walker-Scooter-w-Basket-Rolling-4-Wheeled-Weight-Capacity-300-lbs/185658634,blank
9,Costway Steerable Foldable Knee Walker Scooter Turni  ...,$119.99,3.5/5.0,https://www.walmart.com/ip/Costway-Steerable-Foldable-Knee-Walker-Scooter-Turning-Brake-Basket-Drive-Cart-Black/127872925,blank
10,Clevr Foldable Medical Steerable Knee Walker Scooter  ...,$129.99,4.0/5.0,https://www.walmart.com/ip/Clevr-Foldable-Medical-Steerable-Knee-Walker-Scooter-Roller-Crutch-Alternative-Upgraded-Pink/688992835,blank
11,Clevr Foldable Medical Steerable Knee Walker Scooter  ...,$129.99,0.0/5.0,https://www.walmart.com/ip/Clevr-Foldable-Medical-Steerable-Knee-Walker-Scooter-Roller-Crutch-Alternative-Upgraded-Black/630192268,blank
12,KneeRover All Terrain Steerable Knee Walker Knee Sco  ...,$299.00,4.7/5.0,https://www.walmart.com/ip/KneeRover-All-Terrain-Steerable-Knee-Walker-Knee-Scooter-Heavy-Duty-Crutch-Alternative-with-Basket-in-Blue/194423238,blank
13,Foldable Steerable Knee Walker Scooter with Brakes B  ...,$109.99,0.0/5.0,https://www.walmart.com/ip/Foldable-Steerable-Knee-Walker-Scooter-with-Brakes-Basket-Red/812694332,blank
14,Roscoe Medical Knee Walker Scooter with Basket and P  ...,$154.99 - $178.87,4.1/5.0,https://www.walmart.com/ip/Roscoe-Medical-Knee-Walker-Scooter-with-Basket-and-Padded-Seat-Black/30329307,blank
15,KneeRover Universal Knee Walker Knee Rest Pad Cover   ...,$15.99,3.9/5.0,https://www.walmart.com/ip/KneeRover-Universal-Knee-Walker-Knee-Rest-Pad-Cover-Plush-Synthetic-Sheepette-Pad-for-Knee-Scooter/119180469,blank
16,Knee Walker Cushion Covers 2 Pack For Knee Scooter F  ...,$23.90,5.0/5.0,https://www.walmart.com/ip/Knee-Walker-Cushion-Covers-2-Pack-Knee-Scooter-Injured-Leg-Universal-Knee-Scooter-Pad-Cover-Faux-Sheepette-Knee-Walker-Seat-Pads-Covers-Rolling-Scoot/920107053,blank
17,KneeRover Deluxe Steerable Knee Walker Knee Cycle Sc  ...,$179.00,5.0/5.0,https://www.walmart.com/ip/KneeRover-Deluxe-Steerable-Knee-Walker-Knee-Cycle-Scooter-Leg-Walker-Crutch-Alternative-with-Basket-in-Blue/105402037,blank
18,Free Spirit Knee and Leg Walker,$254.58,4.5/5.0,https://www.walmart.com/ip/Free-Spirit-Knee-and-Leg-Walker/35318272,blank
19,Ergobaum Ergonomic Forearm Crutches - Adult - Blue,$169.00,0.0/5.0,https://www.walmart.com/ip/Ergobaum-Ergonomic-Forearm-Crutches-Adult-Blue/135004252,blank
20,CO-Z Foldable Steerable Knee Walker Scooter with Bra  ...,$109.99,1.0/5.0,https://www.walmart.com/ip/CO-Z-Foldable-Steerable-Knee-Walker-Scooter-with-Brakes-Basket/196076988,blank
21,Steerable Foldable Knee Walker Scooter Turning Brake  ...,$115.99,5.0/5.0,https://www.walmart.com/ip/Steerable-Foldable-Knee-Walker-Scooter-Turning-Brake-Basket-Medical-Drive-Black/602303358,blank
22,"Drive Medical Lightweight Walking Forearm Crutches,   ...",$56.99 - $62.82,4.5/5.0,https://www.walmart.com/ip/Drive-Medical-Lightweight-Walking-Forearm-Crutches-1-Pair/10728135,blank
23,KNEEROVER GO KNEE WALKER - THE MOST COMPACT & PORTAB  ...,$179.00,0.0/5.0,https://www.walmart.com/ip/KNEEROVER-GO-KNEE-WALKER-THE-MOST-COMPACT-PORTABLE-KNEE-SCOOTER/460488341,blank
24,"Isokinetics, Inc. Knee Scooter Walker - w/Most Sough  ...",$187.22,0.0/5.0,https://www.walmart.com/ip/Isokinetics-Inc-Knee-Scooter-Walker-w-Most-Sought-Features-Silver-Removable-Basket-Non-Scuff-Wheels-Locking-Brakes-and-one-just-fun-a-Bell/266929290,blank
25,Foldable Medical Steerable Knee Walker Aid Scooter R  ...,$129.99,4.0/5.0,https://www.walmart.com/ip/Foldable-Medical-Steerable-Knee-Walker-Aid-Scooter-Roller-Crutch-Blue/171268346,blank
26,Equate Steerable Knee Walker Scooter,$115.00,4.6/5.0,https://www.walmart.com/ip/Equate-Steerable-Knee-Walker-Scooter/128305573,blank
27,Drive Medical Adult Knee Walker Crutch Alternative,$143.93,2.9/5.0,https://www.walmart.com/ip/Drive-Medical-Adult-Knee-Walker-Crutch-Alternative/19615788,blank
28,"Medical Knee Scooter for Broken Foot by HEALTHLINE,   ...",$139.85,0.0/5.0,https://www.walmart.com/ip/Medical-Knee-Scooter-Broken-Foot-HEALTHLINE-Knee-Walker-Scooter-Handle-Brake-Basket-Crutch-Alternative-Steerable-Terrain-Knee-Scooter-Black/767617390,blank
29,NEW KneeRover QUAD All Terrain Knee Walker in Metall  ...,$399.00,0.0/5.0,https://www.walmart.com/ip/NEW-KneeRover-QUAD-All-Terrain-Knee-Walker-in-Metallic-Blue/339798530,blank
30,Mobility Transfer Systems Knee Sling for Walker 1 Co  ...,$69.99,0.0/5.0,https://www.walmart.com/ip/Mobility-Transfer-Systems-Knee-Sling-for-Walker-1-Count/52357033,blank
31,"Equate Transport Wheelchair, Black",$148.00,4.6/5.0,https://www.walmart.com/ip/Equate-Transport-Wheelchair-Black/14179108,blank
32,Roscoe Medical Universal Knee Scooter Pad Cover,$10.79,4.1/5.0,https://www.walmart.com/ip/Roscoe-Medical-Universal-Knee-Scooter-Pad-Cover/46396718,blank
33,Equate Crutch Pillows,$9.67,4.8/5.0,https://www.walmart.com/ip/Equate-Crutch-Pillows/262120045,blank
34,Drive Medical Euro Style Light Weight Walking Forear  ...,$28.13,4.7/5.0,https://www.walmart.com/ip/Drive-Medical-Euro-Style-Light-Weight-Walking-Forearm-Crutch-1-Pair/17284748,blank
35,Super Big Foot Cane Tip in Black,$11.00 - $11.06,5.0/5.0,https://www.walmart.com/ip/Super-Big-Foot-Cane-Tip-in-Black/54423195,blank
36,"Equate Self Standing Cane Tip, 7/8"" to 3/4""",$8.74,0.0/5.0,https://www.walmart.com/ip/Equate-Self-Standing-Cane-Tip-7-8-to-3-4/14179112,blank
37,"Inspired by Drive Pediatric Forearm Crutches, Pair",$57.74 - $75.91,0.0/5.0,https://www.walmart.com/ip/Inspired-by-Drive-Pediatric-Forearm-Crutches-Pair/952258346,blank
38,Carex Walker & Bath Bench Tips,$7.85,5.0/5.0,https://www.walmart.com/ip/Carex-Walker-Bath-Bench-Tips/28933904,blank
39,Clevr Foldable Medical Steerable Knee Walker Scooter  ...,$129.99,0.0/5.0,https://www.walmart.com/ip/Clevr-Foldable-Medical-Steerable-Knee-Walker-Scooter-Roller-Crutch-Alternative-Silver/798067235,blank
40,Crutch Accessory Kit,$9.75,2.7/5.0,https://www.walmart.com/ip/Crutch-Accessory-Kit/54423162,blank
41,"Carex Health Brands Carex  Cane Tip, 1 ea",$8.88,4.4/5.0,https://www.walmart.com/ip/Carex-Health-Brands-Carex-Cane-Tip-1-ea/28932835,blank
