#,Hearing Aids,Price,Rating,Link,Top Review
1,Vizara Hearing Aid System by Zounds - Premium Blueto  ...,"$999.00 - $1,999.00",0.0/5.0,https://www.walmart.com/ip/Vizara-Hearing-Aid-System-by-Zounds-Premium-Bluetooth-Hearing-Device-with-Recharging-Station-Right-Ear/462835390,blank
2,Alpha 3 Hearing Aid | Smartphone Enabled Premium Hea  ...,$499.00,5.0/5.0,https://www.walmart.com/ip/Alpha-3-Hearing-Aid-Smartphone-Enabled-Premium-Hearing-Device-Patented-Noise-Blocking-System-Right-or-Left/723285115,blank
3,Energizer EZ Turn & Lock + Power Seal Zinc Air Heari  ...,$10.1864.0¢/each,5.0/5.0,https://www.walmart.com/ip/Energizer-EZ-Turn-Lock-Power-Seal-Zinc-Air-Hearing-Aid-Batteries-1-4V-Mercury-free-Size-312-Pack-of-16/34022365?wpa_bd=&wpa_pg_seller_id=F55CDC31AB754BB68FE0B39041159D63&wpa_ref_id=f6ff3e5b163a4a2f8adc66aee1ecc56d&wpa_aux_info=__aux_info__&wpa_tag=&wpa_pos=3&wpa_plmt=__plmt__&wpa_aduid=__aduid__,blank
4,Alpha 5 Hearing Aid | Smartphone Enabled Premium Hea  ...,$899.00,5.0/5.0,https://www.walmart.com/ip/Alpha-5-Hearing-Aid-Smartphone-Enabled-Premium-Hearing-Device-Patented-Noise-Blocking-System-Right-or-Left/708900558,blank
5,"Energizer Hearing Aid Battery, Zero Mercury Coin Cel  ...",$9.99,5.0/5.0,https://www.walmart.com/ip/Energizer-Hearing-Aid-Battery-Zero-Mercury-Coin-Cell-13-1-4V/112855512?wpa_bd=&wpa_pg_seller_id=F55CDC31AB754BB68FE0B39041159D63&wpa_ref_id=f10a8622607f35c8dfb0f93f951ec460&wpa_aux_info=__aux_info__&wpa_tag=&wpa_pos=5&wpa_plmt=__plmt__&wpa_aduid=__aduid__,blank
6,Alpha 9 Hearing Aid | Smartphone-Enabled Premium Hea  ...,"$1,249.00",5.0/5.0,https://www.walmart.com/ip/Alpha-9-Hearing-Aid-Smartphone-Enabled-Premium-Hearing-Device-Patented-Noise-Blocking-System-Right-or-Left-Year-Supply-of-Batteries-Included/986943329,blank
7,Prezia Hearing Aid System by Zounds - Receiver in th  ...,"$799.00 - $1,599.00",0.0/5.0,https://www.walmart.com/ip/Prezia-Hearing-Aid-System-by-Zounds-Receiver-in-the-Canal-Hearing-Aid-Device-Environmental-Noise-Reduction-Pair/408301034,blank
8,HB100 Hearing Aid Kit - Pair,$399.00 - $798.00,0.0/5.0,https://www.walmart.com/ip/HB100-Hearing-Aid-Kit-Pair/399928890,blank
9,LifeEar Core Hearing Aid | Premium Smartphone-Enable  ...,"$799.00 - $1,549.00",0.0/5.0,https://www.walmart.com/ip/LifeEar-Core-Hearing-Aid-Premium-Smartphone-Enabled-Custom-Hearing-Device-Right-Left-Ear-or-Pair/522104300,blank
10,Simplicity Smart Touch Hearing Aid Pair,$899.00,4.2/5.0,https://www.walmart.com/ip/Simplicity-Smart-Touch-Hearing-Aid-Pair/19511763,blank
11,"SimplySoft Smart Touch Hearing Aid, Pair",$849.00,3.2/5.0,https://www.walmart.com/ip/SimplySoft-Smart-Touch-Hearing-Aid-Pair/19511766,blank
12,Simplicity Smart Touch Digital Over-the-Ear Hearing   ...,$499.00,4.2/5.0,https://www.walmart.com/ip/Simplicity-Smart-Touch-Digital-Over-the-Ear-Hearing-Aid-Left-Ear/15599962,blank
13,Simplicity Smart Touch Digital Over-the-Ear Hearing   ...,$499.00,4.2/5.0,https://www.walmart.com/ip/Simplicity-Smart-Touch-Digital-Over-the-Ear-Hearing-Aid-Right-Ear/15599961,blank
14,"SimplySoft Classic Hearing Aid Left, Ear",$399.00,3.7/5.0,https://www.walmart.com/ip/SimplySoft-Classic-Hearing-Aid-Left-Ear/19511760,blank
15,"SimplySoft Classic Hearing Aid, Right Ear",$399.00,3.7/5.0,https://www.walmart.com/ip/SimplySoft-Classic-Hearing-Aid-Right-Ear/19511764,blank
16,Ovation Elect Digital Hearing Aid,$179.99,0.0/5.0,https://www.walmart.com/ip/Ovation-Elect-Digital-Hearing-Aid/195368398,blank
17,Ovation Excel Digital Hearing Aid,$299.00,0.0/5.0,https://www.walmart.com/ip/Ovation-Excel-Digital-Hearing-Aid/852286295,blank
18,Ovation Boost Digital Hearing Aid,$399.00,0.0/5.0,https://www.walmart.com/ip/Ovation-Boost-Digital-Hearing-Aid/896806904,blank
19,Ovation Standard Digital Hearing Aid,$299.00,0.0/5.0,https://www.walmart.com/ip/Ovation-Standard-Digital-Hearing-Aid/560434991,blank
20,Ovation Lift Digital Hearing Aid,$599.00,0.0/5.0,https://www.walmart.com/ip/Ovation-Lift-Digital-Hearing-Aid/875376051,blank
21,Audicus Dia II Hearing Aid - Pair,"$1,278.00",0.0/5.0,https://www.walmart.com/ip/Audicus-Dia-II-Hearing-Aid-Pair/463636009,blank
22,Audicus Oro Hearing Aid - Left,"$824.00 - $1,648.00",0.0/5.0,https://www.walmart.com/ip/Audicus-Oro-Hearing-Aid-Left/720617096,blank
23,Audicus Oro Hearing Aid - Pair,"$1,648.00",0.0/5.0,https://www.walmart.com/ip/Audicus-Oro-Hearing-Aid-Pair/392849833,blank
24,Eva - The First Hearing Aid Designed for Women,$499.00 - $998.00,0.0/5.0,https://www.walmart.com/ip/Eva-The-First-Hearing-Aid-Designed-for-Women/231193422,blank
25,iHEARmax™,$499.00 - $998.00,0.0/5.0,https://www.walmart.com/ip/iHEARmax/195322574,blank
26,iHEARmax™,$499.00 - $998.00,0.0/5.0,https://www.walmart.com/ip/iHEARmax/221410921,blank
27,PerfectDry LUX Automatic Hearing Aid UV-C Disinfecti  ...,$64.99,3.0/5.0,https://www.walmart.com/ip/PerfectDry-LUX-Automatic-Hearing-Aid-UV-C-Disinfecting-and-Cleaning-System-by-Quest/34334951,blank
28,(5 Packs) Genuine Phonak Cerustop Wax Traps ...IN TH  ...,$17.39,5.0/5.0,https://www.walmart.com/ip/5-Packs-Genuine-Phonak-Cerustop-Wax-Traps-IN-THE-CERUSTOP-Wrapper/168527126,blank
29,Simply Slim Smart Touch Hearing Aid Pair,$899.00,3.5/5.0,https://www.walmart.com/ip/Simply-Slim-Smart-Touch-Hearing-Aid-Pair/14004237,blank
30,(6 Pack) Phonak Wax Trap 2,$24.28,0.0/5.0,https://www.walmart.com/ip/6-Pack-Phonak-Wax-Trap-2/126819152,blank
31,"Duracell Hearing Aid Batteries with Easy-Fit Tab, Si  ...",$9.8862.0¢/each,4.7/5.0,https://www.walmart.com/ip/Duracell-Hearing-Aid-Batteries-with-Easy-Fit-Tab-Size-312-16-Pack/23810301,blank
32,"Simply Slim Smart Touch Hearing Aid, Left Ear",$479.00,3.5/5.0,https://www.walmart.com/ip/Simply-Slim-Smart-Touch-Hearing-Aid-Left-Ear/14004236,blank
33,Power One p312 Hearing Aid Battery (10 Packs of 6 Ea  ...,$16.27,4.8/5.0,https://www.walmart.com/ip/Power-One-p312-Hearing-Aid-Battery-10-Packs-of-6-Each/141100463,blank
34,"Phonak, Resound, Unitron & Widex Hearing Aid Wax Gua  ...",$19.99,0.0/5.0,https://www.walmart.com/ip/Phonak-Resound-Unitron-Widex-Hearing-Aid-Wax-Guards-5-Packs/126809111,blank
35,"Phonak Hearing Aid Open Domes, Size Small",$8.20,5.0/5.0,https://www.walmart.com/ip/Phonak-Hearing-Aid-Open-Domes-Size-Small/128714758,blank
36,"Duracell Hearing Aid Batteries with Easy-Fit Tab, Si  ...",$14.9763.0¢/each,4.3/5.0,https://www.walmart.com/ip/Duracell-Hearing-Aid-Batteries-with-Easy-Fit-Tab-Size-10-24-Pack/23810304,blank
37,"Duracell Hearing Aid Batteries with Easy-Fit Tab, Si  ...",$14.1359.0¢/each,4.8/5.0,https://www.walmart.com/ip/Duracell-Hearing-Aid-Batteries-with-Easy-Fit-Tab-Size-312-24-Pack/23810302,blank
38,Duracell hearing aid batteries size 312 (80 pack),$20.99,4.8/5.0,https://www.walmart.com/ip/Duracell-hearing-aid-batteries-size-312-80-pack/612269656,blank
39,Siemens Connexx  Click Dome 8 mm Closed For RIC Hear  ...,$7.00,5.0/5.0,https://www.walmart.com/ip/Siemens-Connexx-Click-Dome-8-mm-Closed-For-RIC-Hearing-Aids-6-Domes-Each/113702651,blank
40,NanoClean Fine Instrument Hearing Aid Cleaners (20-s  ...,$4.95,0.0/5.0,https://www.walmart.com/ip/NanoClean-Fine-Instrument-Hearing-Aid-Cleaners-20-strand-pkg/102805162,blank
