#,Incontinence,Price,Rating,Link,Top Review
1,"Tena Incontinence Pads For Women, Ultimate (Choose Your Count)",$5.42 - $16.97,4.0/5.0,https://www.walmart.com/ip/Tena-Incontinence-Pads-For-Women-Ultimate-Choose-Your-Count/779969949,blank
2,"Tena Incontinence Pads For Women, Ultimate (Choose Y  ...",$5.42 - $16.97,4.0/5.0,https://www.walmart.com/ip/Tena-Incontinence-Pads-For-Women-Ultimate-Choose-Your-Count/779969949,blank
3,"Assurance Underwear, Women's, Size XL, 48 Count",$7.88,2.7/5.0,https://www.walmart.com/ip/Assurance-Underwear-Women-s-Size-XL-48-Count/112376620,blank
4,"Depend Real Fit Incontinence Underwear for Men, Maxi  ...",$11.97 - $46.49,4.4/5.0,https://www.walmart.com/ip/Depend-Real-Fit-Incontinence-Underwear-for-Men-Maximum-Absorbency-S-M-Grey-Choose-your-count/19763612?wpa_bd=&wpa_pg_seller_id=F55CDC31AB754BB68FE0B39041159D63&wpa_ref_id=15c23838cbaea06e81b69ff44c7ccc08&wpa_aux_info=__aux_info__&wpa_tag=&wpa_pos=3&wpa_plmt=__plmt__&wpa_aduid=__aduid__,blank
5,"Tena Incontinence Pads for Women, Overnight, 90 Coun  ...",$16.97,4.6/5.0,https://www.walmart.com/ip/Tena-Incontinence-Pads-for-Women-Overnight-90-Count/471831766,blank
6,"Depend FIT-FLEX Incontinence Underwear for Women, Ma  ...",$17.76 - $24.87,4.5/5.0,https://www.walmart.com/ip/Depend-FIT-FLEX-Incontinence-Underwear-for-Women-Maximum-L-Choose-Your-Count/34317530?wpa_bd=&wpa_pg_seller_id=F55CDC31AB754BB68FE0B39041159D63&wpa_ref_id=df29b38fbb49df4442d3e5924220fd8a&wpa_aux_info=__aux_info__&wpa_tag=&wpa_pos=5&wpa_plmt=__plmt__&wpa_aduid=__aduid__,blank
7,"Assurance Incontinence Underwear for Women, Maximum,  ...",$3.78 - $7.88,4.4/5.0,https://www.walmart.com/ip/Assurance-Incontinence-Underwear-for-Women-Maximum-L-18-Ct/894201,blank
8,"Poise Incontinence Pads, Original Design, Ultimate A  ...",$11.28 - $17.68,3.0/5.0,https://www.walmart.com/ip/Poise-Incontinence-Pads-Original-Design-Ultimate-Absorbency-Long-60ct/37566050,blank
9,"Depend Incontinence Guards for Men, Maximum Absorben  ...",$11.68 - $24.56,3.8/5.0,https://www.walmart.com/ip/Depend-Incontinence-Guards-for-Men-Maximum-Absorbency-Choose-Your-Count/55335888,blank
10,Assurance Incontinence Stretch Briefs With Tabs Unis  ...,$7.07 - $15.74,3.7/5.0,https://www.walmart.com/ip/Assurance-Incontinence-Stretch-Briefs-With-Tabs-Unisex-Ultimate-S-M-40-Ct/127273986,blank
11,"Equate Options Incontinence Pads for Women, Moderate  ...",$8.9717.0¢/each,4.3/5.0,https://www.walmart.com/ip/Equate-Options-Incontinence-Pads-for-Women-Moderate-Long-54-Ct/21392506,blank
12,"Equate Options Incontinence Pads for Women, Maximum,  ...",$14.34,4.3/5.0,https://www.walmart.com/ip/Equate-Options-Incontinence-Pads-for-Women-Maximum-Long-64-Ct/24389828,blank
13,"Always Discreet Incontinence Pads for Women, Light A  ...",$4.8417.0¢/each,4.4/5.0,https://www.walmart.com/ip/Always-Discreet-Incontinence-Pads-for-Women-Light-Absorbency-30-Count/37892491,blank
14,"Equate Body Curve Incontinence Pads for Women, Moder  ...",$8.97,4.4/5.0,https://www.walmart.com/ip/Equate-Body-Curve-Incontinence-Pads-for-Women-Moderate-Regular-54-Ct/24389830,blank
15,"Assurance Incontinence Belted Shield Unisex, Moderat  ...",$9.8833.0¢/each,4.3/5.0,https://www.walmart.com/ip/Assurance-Incontinence-Belted-Shield-Unisex-Moderate-One-Size-30-Ct/11148237,blank
16,"Equate Assurance Premium Quilted Underpad, Large, 18  ...",$5.6832.0¢/each,2.5/5.0,https://www.walmart.com/ip/Equate-Assurance-Premium-Quilted-Underpad-Large-18-Ct/636352605,blank
17,"Poise Moderate Absorbency Incontinence Pads, Regular  ...",$11.8418.0¢/each,4.0/5.0,https://www.walmart.com/ip/Poise-Moderate-Absorbency-Incontinence-Pads-Regular-Length-66-ct/20682684,blank
18,"Equate Options Incontinence Pads for Women, Maximum,  ...",$8.97,4.0/5.0,https://www.walmart.com/ip/Equate-Options-Incontinence-Pads-for-Women-Maximum-Long-39-Ct/24389831,blank
19,Attends Discreet Day/Night Protective Underwear for   ...,$9.02 - $14.99,3.7/5.0,https://www.walmart.com/ip/Attends-Discreet-Day-Night-Protective-Underwear-for-Adult-Incontinence-Care-with-DermaDry-Technology-Unisex-Choose-Your-Size/20893972,blank
20,"Poise Incontinence Pads, Maximum Absorbency, Regular  ...",$11.28 - $24.98,4.2/5.0,https://www.walmart.com/ip/Poise-Incontinence-Pads-Maximum-Absorbency-Regular-Choose-Your-Count/55537320,blank
21,"Assurance Premium Extra-Large Disposable Washcloths,  ...",$5.87,4.9/5.0,https://www.walmart.com/ip/Assurance-Premium-Extra-Large-Disposable-Washcloths-96-Ct/42435905,blank
22,"Assurance Underwear, Women's, Size S/M, 20 Count",$7.8840.0¢/each,4.2/5.0,https://www.walmart.com/ip/Assurance-Underwear-Women-s-Size-S-M-20-Count/894203,blank
23,"Assurance Underwear, Men's, Size S/M, 40 Count",$4.71 - $15.74,4.4/5.0,https://www.walmart.com/ip/Assurance-Underwear-Men-s-Size-S-M-40-Count/28848303,blank
24,"Poise Moderate Absorbency Long Incontinence Pads, 54  ...",$11.28 - $23.99,4.0/5.0,https://www.walmart.com/ip/Poise-Moderate-Absorbency-Long-Incontinence-Pads-54-ct/20682685,blank
25,"Poise Ultra Thin Incontinence Pads, Moderate Absorbe  ...",$4.72 - $11.28,4.4/5.0,https://www.walmart.com/ip/Poise-Ultra-Thin-Incontinence-Pads-Moderate-Absorbency-Regular-Choose-Your-Count/43898425,blank
26,"Assurance Incontinence Underwear for Men, Maximum, L  ...",$7.8844.0¢/each,4.3/5.0,https://www.walmart.com/ip/Assurance-Incontinence-Underwear-for-Men-Maximum-L-XL-18-Ct/894200,blank
27,"Always Discreet Incontinence Pads for Women, Heavy A  ...",$11.99,4.0/5.0,https://www.walmart.com/ip/Always-Discreet-Incontinence-Pads-for-Women-Heavy-Absorbency-48-Count/37892493,blank
28,Depend Night Defense Incontinence Overnight Underwea  ...,$11.68,4.5/5.0,https://www.walmart.com/ip/Depend-Night-Defense-Incontinence-Overnight-Underwear-for-Women-L-Choose-Your-Count/51348544,blank
29,"Equate Options Incontinence Pads for Women, Light, R  ...",$3.4612.0¢/each,4.5/5.0,https://www.walmart.com/ip/Equate-Options-Incontinence-Pads-for-Women-Light-Regular-30-Ct/21392507,blank
30,"Depend FIT-FLEX Incontinence Underwear for Women, Ma  ...",$11.97 - $26.15,4.5/5.0,https://www.walmart.com/ip/Depend-FIT-FLEX-Incontinence-Underwear-for-Women-Maximum-M-Tan-Choose-Your-Count/591746600,blank
31,"Poise Ultra Thin Incontinence Pads for Women, Light   ...",$4.8417.0¢/each,4.6/5.0,https://www.walmart.com/ip/Poise-Ultra-Thin-Incontinence-Pads-for-Women-Light-Absorbency-Regular-30-CT/50160157,blank
32,Depend Night Defense Incontinence Overnight Underwea  ...,$11.9780.0¢/each,4.5/5.0,https://www.walmart.com/ip/Depend-Night-Defense-Incontinence-Overnight-Underwear-for-Women-M-15-Ct/693664532,blank
33,"Always Discreet Incontinence Liners, Very Light Abso  ...",$4.8411.0¢/each,4.3/5.0,https://www.walmart.com/ip/Always-Discreet-Incontinence-Liners-Very-Light-Absorbency-Long-Length-44-Count/37892494,blank
34,"Tena Incontinence Ultra Thin Pads for Women, Light,   ...",$4.97,4.6/5.0,https://www.walmart.com/ip/Tena-Incontinence-Ultra-Thin-Pads-for-Women-Light-Regular-30-Count/10316586,blank
35,"Poise Ultra Thin Incontinence Pads, Ultimate Absorbe  ...",$11.2835.0¢/each,4.4/5.0,https://www.walmart.com/ip/Poise-Ultra-Thin-Incontinence-Pads-Ultimate-Absorbency-Regular-33-Ct/43898430,blank
36,"Depend Silhouette Incontinence Underwear for Women,   ...",$17.76,4.5/5.0,https://www.walmart.com/ip/Depend-Silhouette-Incontinence-Underwear-for-Women-Maximum-Absorbency-L-XL-Beige-Choose-your-count/34317526,blank
37,"Always Discreet Incontinence Pads for Women, Extra H  ...",$11.9743.0¢/each,4.2/5.0,https://www.walmart.com/ip/Always-Discreet-Incontinence-Pads-for-Women-Extra-Heavy-Absorbency-Long-Length-28-Count/808891197,blank
38,"Always Xtra Protection 3 in 1 Daily Liners, Extra Lo  ...",$3.27 - $5.47,4.3/5.0,https://www.walmart.com/ip/Always-Xtra-Protection-3-in-1-Daily-Liners-Extra-Long-60-Count/17325313,blank
39,"(2 Pack) Assurance Incontinence Underwear for Men, M  ...",$30.54,4.4/5.0,https://www.walmart.com/ip/2-Pack-Assurance-Incontinence-Underwear-for-Men-Maximum-L-XL-36-Ct/978621668,blank
40,Attends Briefs Unisex with Advanced DermaDry™ Techno  ...,$11.27 - $11.34,4.0/5.0,https://www.walmart.com/ip/Attends-Briefs-Unisex-with-Advanced-DermaDry-Technology-for-Adult-Incontinence-Care-Choose-Your-Size/44373964,blank
41,"Assurance Guards for Men, Maximum, One Size Fits All  ...",$9.5419.0¢/eachOut of stock,1.6/5.0,https://www.walmart.com/ip/Assurance-Guards-for-Men-Maximum-One-Size-Fits-All-52-Ct/843897280,blank
