Product Name,Price,Rating,Link,About,Top Comment
"ReliOn Nitrile Examination Gloves, 100 Ct",$9.24,4.4/5.0,https://www.walmart.com/ip/ReliOn-Nitrile-Examination-Gloves-100-Ct/14284765,"ReliOn Non Latex One Size Fits All Gloves Single Use Disposable Nitrile Examination Gloves for Diabetes are hygienic, one-size-fits-all single use medical grade gloves. ReliOn Nitrile Gloves fit either hand perfectly and are textured non latex material to enable better grip, making checking your blood sugar levels or injecting insulin safer and easier than ever. ReliOn Non Latex One Size Fits All Gloves Single Use Disposable Nitrile Examination Gloves for Diabetes are also hygienically powder-free, providing protection while introducing minimal residue or foreign matter to your work so you dont have to worry about infections. The non latex material is perfect for anyone with latex allergies, making these the true glove for every situation. These are medical quality gloves, meaning that they are perfect for dealing with diabetes, keeping you clean and safe from infection. With 100 disposable gloves per box, you dont have to worry about running out any time soon. The extra durable non latex material protects you from punctures and cuts better than most gloves.","I am a chemist and I wanted to have solvent proof gloves. I was afraid if it is not solvent and hence, I ordered one box. Now I know and hence, I will order a complete carton as it is much better than any other leading brand(sigma, fisher etc). Was never happier!!!"
"Adult Simple Oxygen Mask 84 Inch Tubing, 1 Count",$7.52,5.0/5.0,https://www.walmart.com/ip/Adult-Simple-Oxygen-Mask-84-Inch-Tubing-1-Count/37849998?wpa_bd=&wpa_pg_seller_id=DABA61A51AA444798605B2E5391AF8EA&wpa_ref_id=dcb3f6053c13eb936b5da768afebacf6&wpa_aux_info=__aux_info__&wpa_tag=&wpa_pos=3&wpa_plmt=__plmt__&wpa_aduid=__aduid__,"<p>Breathe easy with an Allied Healthcare Simple Adult Oxygen Mask 84-Inch Tubing. It's available in a pack of 1 and features a clear soft vinyl construction with a cotton coated strap. The design provides patient comfort with accurate airway assessment and management. The Simple O2 mask also features a newly designed softer tubing connector for an easier fit. The long 84-inch tube gives you the freedom to walk around the room without having to move the tank each time. Pair it with your oxygen machine and adjust the nose clip to your comfort level. The strap ends secured to prevent mask separation so you can breathe better. </p> <strong>Adult Simple Oxygen Mask 84-Inch Tubing, 1 Count: </strong>",Works just right
"Equate Gauze Pads, 3""x3"", 25 Ct",$3.54,5.0/5.0,https://www.walmart.com/ip/Equate-Gauze-Pads-3-x3-25-Ct/344776932,"Equate Gauze Pads are soft and absorbent pads that can be used for protecting and securing your wounds. They are designed to help clean, cover and apply medications to minor cuts, scrapes and burns. The 12 soft cushioning layers are made of rayon/polyester fabric, and can absorb fluids while shielding the wound from external impurities. They are sterile and are not made with natural rubber latex, ensuring that they are safe for usage by people allergic to latex. Equate Gauze Pads offer comfort and protection for wounds in a simple, easy-to-use way that enables you to perform your daily activities without worries. With a wide range of health and beauty products, Equate provides their customers with a healthy and effective way to improve the quality of their daily lives. At Equate, we believe that taking care of your family doesn&amp; 8217;t have to come at a high price. Every product we make is the result of innovation, rigorous standards and high quality ingredients, and that has helped us become one of the most trusted brands across the country. Directions Hold gauze pad on the wound to stop bleeding. Use gauze pad to gently clean the wound with warm water and mild soap. If needed, use a new pad to apply medication and position it over the wound. Use tape or rolled gauze to hold pad in place securely.","Very soft, absorbent, and work well for multiple uses. They're not completely non-stick, but they're not too painful to pull off when changing dressing (unlike the woven gauze!)"
Hormel Thick & Easy Food and Beverage Thickener  16o  ...,$27.47,5.0/5.0,https://www.walmart.com/ip/Hormel-Thick-Easy-Food-and-Beverage-Thickener-16oz-Individual-Packet-Unflavored-Ready-Mix-Nectar-100-per-Case/110705891?wpa_bd=&wpa_pg_seller_id=DABA61A51AA444798605B2E5391AF8EA&wpa_ref_id=afdf435aaa145ad43a354251e4183ec2&wpa_aux_info=__aux_info__&wpa_tag=&wpa_pos=5&wpa_plmt=__plmt__&wpa_aduid=__aduid__,"<p>Diamond Crystal Thick &amp; Easy Instant Food &amp; Beverage Thickener 4.5g, Nectar, Gluten-free, Lactose-free</p> <p>Food thickener makes it easier, more appealing, and safer for swallowing-impaired patients to ingest foods. So versatile, they can be added to all types of hot &amp; cold foods, liquids and supplement drinks without affecting the taste. Simply add Thick &amp; Easy&reg; to food or liquid, and almost instantly, they become the proper consistency for safe swallowing.</p> <ul>   <li>Blends quickly and smoothly.</li>   <li>Stops thickening after one minute.</li>   <li>Retains consistency for shelf life of food or liquid.</li>   <li>Doesn't bind fluid and is fully digestible.</li>   <li>Allows for normal hydration.</li>   <li>Releases 98% of available fluid after consumption.</li>   <li>Available in large volume cans or single-serving packets.</li> </ul>",Purchased for my Mom who kept getting choked on water. Since using this product she hasn't choked once!
"Equate Earloop Disposable Facemasks, 20 count",$2.97,5.0/5.0,https://www.walmart.com/ip/Equate-Earloop-Disposable-Facemasks-20-count/745929347,"Equate Earloop Disposable Mask is made of a 3-ply construction to help filter up to 99% of bacteria exhaled by the wearer. The lightweight mask is designed to provide comfort and easy breathing. <br /> For general purpose infection control <br /> Helps prevent the spread of airborne illness <br /> Ideal for home healthcare use <br /> Easy to put on, no strings to tie <br /> <br />Stay healthy during cold and flu season with Equate Earloop Disposable Facemasks. Each mask is made in a 3-ply construction, which can filter up to 99% of the bacteria exhaled by the wearer and prevent the spread of airborne illness. Each box contains twenty earloop masks that are lightweight and comfortable for easy breathing while you wear it. These masks are easy to put on and have no strings to tie. Simply place the mask over your nose and mouth, place an earloop around each ear, pull the mask over your chin, and mold the mask to fit snugly around your nose and chin. They are ideal for use at home, school, or in healthcare settings. You can trust Equate Earloop Disposable Facemasks to keep airborne illness and bacteria at bay.","Fantastic barrier for those that suffer from allergies like me. The pollen really makes me sick in the spring time. These are inexpensive, efficient and don't hold a chemical type scent."
Veridian Healthcare Teaching/Training Aluminum Dual-  ...,$15.00,5.0/5.0,https://www.walmart.com/ip/Veridian-Healthcare-Teaching-Training-Aluminum-Dual-Head-Stethoscope/16562864,The Veridian Stethoscope has a lightweight dual-head design that makes it easier to teach others. It is comprised of an aluminum rotating chestpiece with a non-chill diaphragm retaining and bell ring. This healthcare teaching stethoscope has soft ear tips for maximum comfort.,I like this stethoscope. it is very good for teaching
Mabis Signature Series Stainless Steel Dual Head Ste  ...,$27.10,5.0/5.0,https://www.walmart.com/ip/Mabis-Signature-Series-Stainless-Steel-Dual-Head-Stethoscope-Adult-Black/22589235,This Mabis Signature Series Adult Stethoscope has a deluxe chest piece and a dual innerspring binaural made of the same durable material. There's a color-coordinated non-chill ring and a diaphragm retaining ring. This Mabis stethoscope is made of stainless steel and comes with two extra sets of ear tips.,Love it.
Sitz Bath Carex® Round Dusty Rose Polypropylene,$13.01,4.5/5.0,https://www.walmart.com/ip/Sitz-Bath-Carex-Round-Dusty-Rose-Polypropylene/27931344,Get the relief that you need with the Carex Sitz Bath. It's designed to provide hygiene for patients recovering from episiotomies and other conditions in the genital and anal areas. This toilet sitz bath features a simple on and off flow control clip for your convenience. It's also easy to clean and designed for long life. This hemorrhoid sitz bath comes with a bag of solution and a tube. The product is not designed for use in an autoclave.,The product should speak for itself. No other comment needed.
"3M Littmann Classic III Stethoscope, Rainbow-Finish,  ...",$80.78 - $99.99,3.9/5.0,https://www.walmart.com/ip/3M-Littmann-Classic-III-Stethoscope-Rainbow-Finish-Raspberry-Tube-27-inch/125636484,"The 3M Littmann Classic III Stethoscope is the latest version of the stethoscope that helps millions of medical professionals achieve their best. The Classic III stethoscope offers high acoustic sensitivity for exceptional performance, plus a versatile two-sided chestpiece with tunable diaphragms. The Classic III stethoscope is used by students and medical professionals alike to identify, listen to, and study heart, lung, and other body sounds for physical assessment, patient monitoring, and diagnosis.","I have been using Littman Stethoscope Since my under-graduation. I have used Classic II model in the past and it really lasted for years. I bought this model Classic III, Burgundy with Steel Chest piece, as a gift to my wife who is pursuing her PG in Internal Medicine. In less than 2 months the Diaphragm became loose and kept falling off the chest piece and lost it. I have replaced it but the result is same, as i lost the second replacement too. Two times the diaphragm was lost. I have found out that her colleagues who use the same model tend to have the same issue. Second, regarding the tube. Its been 8 months since i bought this model. The usage was normal, without any mishandling. Cracks appeared all along the tube  which got punctured leaving a big hole at the center. In less than a year, the stethoscope was broken and it is completely useless. The quality is so degraded that my previous stethoscope from the same brand lasted for years and while this one lasted only months. I feel so embarrassed that I have given a gift that has a pathetic quality. I have tried contacting you via e-mail but I didn't get a reply from you and hence I am posting this review. I really need an explanation regarding this from your side and probably a replacement or a possible refund at the earliest. 
regards,
Dr. Envira Phani"
"3M Littmann Cardiology IV Stethoscope, Available in   ...",$159.98 - $195.99,2.7/5.0,https://www.walmart.com/ip/3M-Littmann-Cardiology-IV-Stethoscope-Available-in-Multiple-Colors/112383005,"The 3M Littmann Cardiology IV Stethoscope is the next generation of one of the most recognized stethoscopes in the profession, offering improved acoustic performance with better audibility of high-frequency sounds (adult side, firm pressure). Its distinctive chalice-shaped chestpiece features tunable diaphragms on both sides to deliver outstanding acoustic performance, diagnostic versatility, and convenience for treating adult and pediatric patients. The pediatric side of the chestpiece converts to a traditional open bell by removing the tunable diaphragm and replacing it with the included non-chill bell sleeve.","I like my cardio series but I have no idea how they makes these now... The tolerance are garbage, the head swivels too much and seems too loose and for some reason mine is always half locked into place, the diaphragm always always falls off, the tubing is already getting somewhat stiff, the ear piece is not as soft as my old ones and tolerable at best... My household,immediate, and extended family are littmann fans of doctor and nurses, I'm making a step to branch out...and I like the the fact that some manufacturers have lifetime warantees"
"3M Littmann Lightweight II S.E. Stethoscope, Black T  ...",$43.98 - $51.49,3.2/5.0,https://www.walmart.com/ip/3M-Littmann-Lightweight-II-S-E-Stethoscope-Black-Tube-28-inch/21720622,"Benefits of the 3M Littmann Lightweight II S.E. Stethoscope. The Lightweight II S.E. stethoscope is an entry-level instrument that offers a surprising number of beyond-the-basics features such as a tunable diaphragm, dual-sided chestpiece, and adjustable headset. It's a good choice for medical professionals such as LPNs, licensed vocational nurses, certified nursing assistants, and nursing students. The 3M Littmann Lightweight II S.E. Stethoscope provides reliable acoustic performance for taking blood pressure readings and making limited physical assessments of adult patients. Weighing just 118 grams, it's the lightest of all Littmann adult stethoscopes, making it more comfortable for caregivers who wear their stethoscopes all day long.Tunable Diaphragm- Tunable diaphragm technology, a 3M invention, lets clinicians hear different frequency sounds by simply adjusting the pressure on the chestpiece.","Bought this stethoscope a few months ago for nursing school and it works fairly well for what I need it for, while still a price I could afford while still being a student. I recently realized, however, that there is no serial number anywhere on the stethoscope, and I'm now wondering if it's a real or a knockoff and maybe it should be better than it is if it's not a genuine item. Needless to say disappointed either way to even have to be wondering this."
Navage Nasal Irrigation Deluxe Bundle: Navage Nose C  ...,$116.95 - $119.95,4.0/5.0,https://www.walmart.com/ip/Navage-Nasal-Irrigation-Deluxe-Bundle-Navage-Nose-Cleaner-48-SaltPod-Capsules-Countertop-Caddy-Travel-Case-162-75-purchased-separately-You-save-52-80/157182505,"<b>About the Product</b> <ul>  <li>Bundle includes Navage Nose Cleaner, 18 SaltPods (in Nose Cleaner box), 1 SaltPod 30-Pack, Navage Countertop Caddy, Navage Black Travel Case, and 1 pair of Standard Nose Pillows. $162.75 if purchased separately; you save $52.80 (32%). Powered by 2 AA batteries (included).</li>  <li> Navage is the world's only nose cleaner with powered suction.</li>  <li> Navage is Nature's Decongestant - fast, drug-free relief from sinus congestion.</li>  <li> Clinically proven to relieve congestion due to allergies, sinusitis, hay fever, common cold, dry air, pollution, etc.</li>  <li> Helps relieve snoring and improve sleep. Breathe better now, breathe better forever!</li> </ul>",The device works great if you follow the directions closely.
Philips HeartStart Home Defibrillator - AED,"$1,275.00",5.0/5.0,https://www.walmart.com/ip/Philips-HeartStart-Home-Defibrillator-AED/10740651,&nbsp;,"Hope we never have to use it, but it is a top rated product and the price was lower than anywhere I looked. Shipping was lightning fast and cost zilch, .97 cents. Really good customer service too when my credit card was initially disapproved...and then later approved. Thanks, Walmart."
Nature Made® Super B-Complex Dietary Supplement Tabl  ...,$15.444.0¢/each,5.0/5.0,https://www.walmart.com/ip/Nature-Made-Super-B-Complex-Dietary-Supplement-Tablets-390ct/634283052,"Take care of your health by introducing the benefits of Nature Made Super B-Complex dietary supplement into your health care regimen. The value-pack size contains a total of 390 tablets which is 30 tablets more in comparison to the regular size. Give your health a daily boost with one-per-day tablets that provide a combination of essential B Vitamins and Vitamin C for antioxidant and immune system support. In addition, studies show that regular consumption of Vitamin B and C boosts cellular and energy production, and supports normal function of the nervous system. At Nature Made, our goal is to help consumers maintain good health by formulating supplements with high quality essential nutrients to support strong immune systems. Gluten free, no color added, no artificial flavors, and its made without yeast or starch",Product was referred to me by a friend and I've been using it for several years with no complaints.
Saunders Cervical HomeTrac Home Traction Device w/Ca  ...,$325.99,5.0/5.0,https://www.walmart.com/ip/Saunders-Cervical-HomeTrac-Home-Traction-Device-w-Carrying-Case-199594/149064008,"The Saunders Cervical HomeTrac Home Traction Device is designed to provide safe and effective traction (stretching) to the cervical region (neck). Traction forces are directed to the back of the head to prevent compression of the TMJ. This Saunders cervical traction device features a comfortable headrest that can be adjusted to provide the ideal incline for treatment and an adjustable pneumatic handheld pump designed to apply up to 50 lbs of cervical traction. The precise traction in 1-lb increments can be administered while relaxing for the effective treatment for a variety of cervical conditions. This home cervical traction device includes an easy-to-read pressure gauge, so you can have total control of the force at all times. There are also blow-off valve limits to the amount of force that can be applied. This home cervical traction device has an innovative design that replicates clinical traction and promotes consistency of treatment for the best results.",I have degenerative discs in cervical and thoracic spine.  My doctor wrote an order for one based on the physical therapist recommendation.  I took it to my Chiropractor to find out the best setting.  I feel so much better after using it.  This is a medical device so please contact your doctor before using so you don't hurt yourself.
Kimberly-Clark PROFESSIONAL Protective Gear Disposab  ...,$10.31 - $17.62,4.5/5.0,https://www.walmart.com/ip/Kimberly-Clark-PROFESSIONAL-Protective-Gear-Disposable-Purple-Nitrile-Exam-Gloves-Small-100-Count-KCC-55081/22582311,"Get a good grip and an excellent fit. Textured fingertips allow you to work with ease and confidence. Easy-to-don beaded cuffs provide greater strength and durability. Nitrile, synthetic rubber construction eliminates the possibility of latex-oriented allergic reactions. Long, 9 1/2-inch ambidextrous design. Style: Disposable; Wrist Style: Beaded Cuff; Material(s): Nitrile; Color(s): Purple.",I have such small hands it is great to find some that fit. I purchased these to deseed my jalapenos for canning. They are also great to pull ticks off my dogs and will probably find lot of uses for them. The price is fantastic and delivered to my home.
CURAD Powder-Free Textured Latex Exam Gloves - CUR81  ...,$11.50 - $15.15,4.8/5.0,https://www.walmart.com/ip/CURAD-Powder-Free-Textured-Latex-Exam-Gloves-CUR8104/22582340,Curad Powder-Free Latex Exam Gloves have excellent barrier properties combined with great fit and feel. The textured surface ensures a secure grip while the superior elasticity provides exceptional comfort and strength.,"There were a lot of glove selections to pick from at the Walmart home page. I picked what I thought would meet my shop needs and fit my hands okay.

The Curad gloves are great and are wonderful for small jobs around the garage (like treating leather saddle bags with black leather dye/conditioner, etc.) are great!

Delivery estimate was 3-5 days, but to my pleasant surprise the gloves arrived in 2 days.

The only short-coming I saw was that I really don't see or feel any ""texture"" in the gloves. Also, they dissolve around any oil based products, but I think all latex gloves do.

Great gloves for the price!"
Safeskin Purple Nitrile Powder-Free Exam Disposable   ...,$15.99,4.3/5.0,https://www.walmart.com/ip/Safeskin-Purple-Nitrile-Powder-Free-Exam-Disposable-Gloves-Large/10715978,"Stay safe while on the job with these Large Safeskin Purple Nitrile Powder-Free Exam Gloves. They offer exceptional protection from bacteria, viruses and chemicals during procedures where there is a risk of fluid exposure. These non-sterile gloves are made of nitrile and are powder and latex-free to prevent irritations to the skin. They feature a textured exterior that lets you achieve a reliable grip and a beaded cuff that provides additional barrier protection. The unique purple color allows you to quickly distinguish them from natural rubber latex and other synthetic gloves. They offer a semi-custom fit for comfort and are suitable for use on your left or right hand. When finished using simply dispose of them in a safety receptacle.  <br />",fit well
"3M Littmann Classic II S.E. Adult Stethoscope, Black",$64.28,4.5/5.0,https://www.walmart.com/ip/3M-Littmann-Classic-II-S-E-Adult-Stethoscope-Black/14930019,"Why the 3M Littmann Classic II S.E. Stethoscope is Top of its Class The 3M Littmann Classic II S.E. Stethoscope is a true clinical workhorse, providing high acoustic sensitivity through its dual-sided, stainless steel chestpiece; with a tunable diaphragm on one side and traditional bell on the other. Its the choice of millions of care providers who are dedicated to achieving the best patient outcomes. Tunable Diaphragm Technology Tunable diaphragm technology, a 3M invention, lets clinicians hear different frequency sounds by simply adjusting the pressure on the chestpiece. Hold the chestpiece with light pressure to hear low frequency sounds; press a little more to hear higher frequency sounds. This time-saving feature allows the healthcare provider to focus on the patient, while the non-chill rim provides patient comfort. Soft-Sealing Eartips Headset tension is easily adjusted for head size and comfort by squeezing together or pulling apart the eartubes. Snap-tight, soft-sealing eartips conform to individual ears for an excellent acoustic seal and comfortable fit. Resilient next-generation latex-free tubing retains its shape and flexibility even after folding tightly into a pocket. It provides longer stethoscope life due to improved resistance to skin oils and alcohol, and is less likely to pick up stains. Features Versatile chestpiece design provides high acoustic sensitivity with both a tunable diaphragm and open bell. Tunable diaphragm: Hear high or low frequency sounds by slightly adjusting pressure on the chestpiece. Non-chill rim and diaphragm provide patient comfort. Soft-sealing eartips provide an excellent acoustic seal and comfortable fit. Angled eartubes align with ear canals. Headset is easily adjusted for individual fit and comfort. Resilient next-generation latex-free tubing retains its shape and flexibility even after folding. made; latex free 28 inches","Bought it a from here since im a medical student .. showed  it to my teacher he said its not real its a,replica need an exchange or a money back...."
ChoiceMMed Pulse Oximeter,$34.99,4.6/5.0,https://www.walmart.com/ip/ChoiceMMed-Pulse-Oximeter/17325061,"This ChoiceMMed Pulse Oximeter is a nice device for fitness and outdoors enthusiasts, as well as medical or nursing students. It conveniently and quickly measures the level of oxygen in your system and your pulse rate. This ChoiceMMed oximeter has an easy to read HD display. It is lightweight and easy to carry around with you wherever you go and it comes with a convenient carrying case and lanyard.","I gave this as a gift to someone who'd had a heart attack this past year. She loves it and carries it in her purse; she reports she has used it many times and has even checked the O2 sats and pulse for others. I saw the pulse ox for the first time yesterday and it has a very nice cushioned finger grip which makes the device very comfortable to use. There's also a button to press to flip the parameter identifier: SpO2 or PR so it appears upright and easily readable whether on the right or left hand. The oximeter shuts off automatically when not in use. It comes with a nice velcro flapped case that has a loop to slide on a belt, as well as a plastic loop and lanyard to wear around the neck. I'm very pleased with the quality of this item, especially since it was given as a gift."
"Equate Headache Relief, Acetaminophen, Aspirin & Caf  ...",$4.00,5.0/5.0,https://www.walmart.com/ip/Equate-Headache-Relief-Acetaminophen-Aspirin-Caffeine-Extra-Strength-Twin-Pack-200-Caplets/350249376,"Don't let a headache get in the way of your daily activities. Equate Headache Relief Tablets deliver the relief you need from minor aches and pains. This over-the-counter medicine contains three active ingredients: acetaminophen, aspirin (NSAID) and caffeine. Together, they work to alleviate discomfort so you can carry on with your day. This 2-box package of acetaminophen tablets contains a total of 200 caplets. <br /> <p>Making the right health decisions can be challenging. With a complete range of products and simple solutions, Equate allows you to take care of your family with confidence.</p>",This brand is great! They work FAST and no weird coating on them that gives you a funky taste in your mouth like some competitor brands. And the price CANNOT be beat! This is the only headache/migraine pill brand I ever purchase.
"Cervical Neck Traction Device, Inflatable Neck Tract  ...",$17.95,5.0/5.0,https://www.walmart.com/ip/Cervical-Neck-Traction-Device-Inflatable-Neck-Traction-Neck-Brace-for-Fast-Neck-Head-Shoulder-Pain-Relief-Adjustable-and-FDA-Approved/136497820,"<b>This Easily Adjustable home Cervical Traction Device - Neck Comforter Pillow with its effortless pumping and adjustable incline and neck cushions, is truly a breakthrough in home traction equipment!</b> <br /> <br />This Cervical Neck Traction can stretch and relax the neck and shoulder muscles while improving the spinal posture. The stretching can decompress the spinal disc, which may minimize bulging and ease the pressure on nerve and blood circulation. This Neck massager pillow can also take pressure off the painful and stiff joints to relieve pain and improve mobility! <br />",Works as designed.
"Prism Series Aluminum Single Head Nurse Stethoscope,  ...",$5.00 - $6.60,3.7/5.0,https://www.walmart.com/ip/Prism-Series-Aluminum-Single-Head-Nurse-Stethoscope-Magenta-Boxed/31261949,<p>The Prism Series Aluminum Single Head Stethoscope is ideal for use by nurses and professionals. It is offered in 10 different colors (each sold separately) for convenient department coding. This boxed latex-free stethoscope is made of lightweight anodized aluminum. It features a coordinating retaining ring and includes soft vinyl ear tips and a spare set of mushroom ear tips. <br /> </p>,"Was for a costume, plus it actually worked!"
Nauzene Nausea Relief Chewable Tablets Wild Cherry F  ...,$4.9612.0¢/each,5.0/5.0,https://www.walmart.com/ip/Nauzene-Nausea-Relief-Chewable-Tablets-Wild-Cherry-Flavor-42-CT/932026162,"Nauzene Nausea Relief Chewable Tablets Wild Cherry Flavor, 42 CTs four-minute formula quickly relieves stomach discomfort and nausea from over-indulging. Nauzene Nausea Relief Chewable Tablets Wild Cherry Flavor, 42 CT features a specially buffered formula that helps calm and control upset stomach discomfort, including discomfort or nausea from overindulgence in food and drink. Doctor-recommended Nauzene Nausea Relief Chewable Tablets Wild Cherry Flavor, 42 CT are a convenient upset stomach and nausea medicine. The quick dissolving chewable tablets contain no salicylates, no caffeine and no antihistamines. Nauzene Nausea Relief Chewable Tablets Wild Cherry Flavor, 42 CT feature a delicious wild cherry flavor that has no chalky medicinal flavor or bitter aftertaste. Nearly everyone has done it- overindulged in tasty food or drink until you dont feel so good anymore. No matter what the occasion is, you dont want to be distracted by your discomfort and nausea. Dont play games with nausea relief and get serious with Nauzene Nausea Relief Chewable Tablets Wild Cherry Flavor, 42 CT!","My bestie gave this to me knowing I get stomach issues related to anxiety and knowing I have a fear of throwing up. This stuff is amazing! It settles an upset stomach (in 4 minutes), if you think diarrhea might happen it won't stop it, but it slows it down so it won't be urgent.  When my family had the stomach flu, I used this when I felt nauseous and did not throw up. (Bestie who has been using Nauzene for years says if you take it before you throw up it will stop you from puking, but won't stop you from throwing up if you already started). The packaging does say not to use if you're under 18, but they do make Nauzene in a kids formula (2 and up)."
ProSource Acupressure Mat and Pillow Set for Back/Ne  ...,$19.99,0.0/5.0,https://www.walmart.com/ip/ProSource-Acupressure-Mat-and-Pillow-Set-for-Back-Neck-Pain-Relief-and-Muscle-Relaxation/50997715,"The ProSource Acupressure Mat and Neck Pillow Set is an effective, affordable, and natural home remedy for muscle pain, stress, insomnia, and more. The comfortable foam bed is covered in thousands of acupressure points, with a neck pillow also cov-ered in plastic needles to support your head and neck. As you lie down and rest on the mat, the pressure points work similarly to acupuncture treatments, which is said to stim-ulate the bodys meridian lines to promote healing. This process improves blood flow, helping the body to release toxins and promoting muscle recovery ideal for post-workout or during savasana at the end of a yoga session. As your body releases endor-phins from the acupressure, it helps to reduce pain in tight areas like the back, neck, and feet. It can be used not only lying down, but also while seated at a desk chair or on the couch. Set your feet on it when seated to help soothe weary soles at the end of a long day, or lay on your stomach to help with digestion. The mat is made of 100% cot-ton and plant-based eco foam which can be hand washed for a comfortable, long-lasting mat for relaxation. The mat measures 25L x 15 W and the pillow is 14 L x 4H, providing full back coverage for most users. Start with 10 minutes, and work up to 20 or more to experience the full benefits!","I've used the acupressure mat several times. Once when I woke in the morning, once after a workout, and once in my living room after dinner. I just can't feel any of the benefits. It is not necessarily this brand of mat; I just ended up not liking the feeling of it in general. A pillow accompanies the mat which actually feel kind of good. If anything, I would use the pillow for my neck and head. The quality is good and it is well made. It's not fair to give the product a low rating simply because I didn't end up liking the function, so I gave it 4 stars."
"BD Ultra-Fine Pen Needles Nano, Penta Point Comfort,  ...",$25.95,5.0/5.0,https://www.walmart.com/ip/BD-Ultra-Fine-Pen-Needles-Nano-Penta-Point-Comfort-4mm-x-32G-90-Count/118727719,"Why use a larger pen needle when you can use the new BD Nano? It's shorter, thinner and more comfortable. Try it for yourself and feel the difference the new BD Nano makes.",I found this to be the best needle for my child that needs 4 injections a day of insulin. [This review was collected as part of a promotion.]
"Hyland's Leg Cramps, Quick Disolving Tablets 50 Ct",$6.22,4.1/5.0,https://www.walmart.com/ip/Hyland-s-Leg-Cramps-Quick-Disolving-Tablets-50-Ct/26967331,"Hyland's Leg Cramps Tablets, Natural Relief of Calf, Leg and Foot Cramp, 50 Count. Temporarily relieves the symptoms of stiffness, pains in limbs, joints, legs and cramps in calves, feet and legs. Hylands has been producing homeopathic remedies since 1903. Hylands products are made with natural ingredients, and contain no artificial flavors, dyes or parabens. This product works to stimulate the bodys own natural healing process. All of Hyland's products are safe, effective and completely free of aspirin, acetaminophen or ibuprofen and have no contraindications with other medications. Homeopathy is a safe, effective system of remedies with fundamental principles for selection and application, working to stimulate to the bodys own healing properties. Homeopathic preparations (6X, 30X, 30C) dilute and invigorate the source ingredient, making doses non-toxic and safe to take alongside other medications without contraindications or known side effects. The uses for our products are based on traditional homeopathic practice. They have not been reviewed by the Food and Drug Administration. Always read and follow the label directions when using Hyland's products. Hylands products follow the manufacturing and quality requirements outlined in the Homeopathic Pharmacopoeia and the applicable provisions of the Code of Federal Regulations. Hylands facilities are regulated and inspected by FDA. Hylands facilities use the most up-to-date equipment and environment to assure purity and quality.","I have severe leg cramps and burning in my thighs, my neurologist recommended.
I just did not want another pill that the sign effects were worst than my initial problem."
Nubax Trio,$241.94,5.0/5.0,https://www.walmart.com/ip/Nubax-Trio/196465567,"The Nubax trio back traction provides gentle but strong and effective traction to the spine. It is safe to use by men and women for treatment of a variety of musculoskeletal conditions such as pinched nerves, sciatica, ruptured or herniated discs and arthritis. The Nubax trio traction device is designed to eliminate the need hang upside down. Instead, the user leans forward comfortably until reaching the desired level of stretching. Used three times a day for 3 minutes a session, this back stretching machine can help relieve back pain and reduce tension in as little as 30 days.",This device makes stretching the lower back a simple task with little effort (Once the Nubax is assembled and useable.)  This is my second NuBax device.  I shared my first one with another who had serious low back pain and discomfort and after he discovered the benefits and relief it provided he begged to buy it from me.  So I needed a replacement.    This Nebax device is a very cleaver idea for low back pain relief and help in repairing compressed or buldging disks.
"Medline Powder-Free Synthetic Vinyl Exam Gloves, Med  ...",$54.994.0¢/each,4.5/5.0,https://www.walmart.com/ip/Medline-Powder-Free-Synthetic-Vinyl-Exam-Gloves-Medium-Case-of-1500/23955876,MediGuard Select Synthetic Exam Glove are a cost-effective alternative that's perfect for general patient care. New technology has improved the tactile sensitivity and durability of these quality latex- and powder-free gloves.,"These gloves are really nice fitting. They are latex free for those who are allergic to latex and they are powder free, so that gets rid of that mess when you take them off, but just because they don't have powder, they still slide on and off very easily.
After I get taken care of in the morning and am ready for the day, I usually create a mess after my aide leaves and I can't stand a mess so I don't wait until he gets here in the morning so I use these gloves when I do dishes, or pick up clothes, almost everything. I am always switching gloves to a new pair and I hate the kind with powder in them because I have to wash and dry my hands before I can put on a new pair of gloves and with these it's just a quick change.
Another good thing to use these gloves for is for the person who likes to play in the garden or just likes to play with indoor plants and if you have to get into the dirt if you have a pair of these on your hands will stay clean.
One thing I haven't noticed as much or really at all yet is in the powder gloves my hands always sweat and in these gloves the don't. Maybe the powder causes them to get that way I don't know but when I take my gloves off they are dry and clean.
I would recommend these to anybody who wears these but like I said they are non-sterile and at 150 to a box there are multiple uses for them and they are cheap at that rate."
Frio Duo Insulin Cooling Case,$19.99,4.0/5.0,https://www.walmart.com/ip/Frio-Duo-Insulin-Cooling-Case/36442149,,"I used this for two adult-sized epipens. The epis must be removed from their case to fit (snugly). I choose frio because you just soak the product in cold water. I followed the directions and it gelled up nicely. I put it in the carrying case and then in a tote bag. I was in humid 93°F weather for the past week. When my tote was in direct sunlight the gel pack felt warm/hot, unfortunately. But when I covered my bag with a poncho, or the pack was at the bottom of the tote, covered by other items, it felt lukewarm. But, that's better than hot.  At night, when it was in the mid'80s, the gel felt cool. I give this 3 stars because it's easy to travel with and prepare. The price was pretty high for not being cold like it says. It's supposed to keep cool in 100° F weather. But, I'd rather have the security of it than not at all."
"(2 Pack) Curad Basic Care Vinyl Exam Gloves, Small/M  ...",$4.30 - $8.34,4.6/5.0,https://www.walmart.com/ip/2-Pack-Curad-Basic-Care-Vinyl-Exam-Gloves-Small-Medium-100-count/251537128,<p>Curad Basic Care Vinyl Exam Gloves are specially designed to protect hands from dirt and germs. They are non-sterile and made with a powder- and latex-free material. These latex-free exam gloves are intended for single use only.</p> <b>Curad Basic Care Vinyl Exam Gloves:</b>,"The Curad disposable gloves are much better than the powdered gloves i previously used.  As a Caregiver, i find these to be exactly what i need throughout the day.  They fit as a true S/M and are perfect for the jobs i do."
Cara Hot Water Bottle Personal Hygiene And Enema Sys  ...,$14.17,4.2/5.0,https://www.walmart.com/ip/Cara-Hot-Water-Bottle-Personal-Hygiene-And-Enema-System-2-Quart-Combination/10320773,"Maintain your health and keep up your hygiene with the Cara Personal Hygiene and Enema System 2-qt Combination Water Bottle. This system is designed to safely be used with either a hot or cold water application. The water bottle system comes with switch-out pieces that can be utilized for these different applications, including tubing, a shut-off clamp, stopper and several pipes. Use this enema water bottle to maintain your personal hygiene and keep yourself healthy. It can also be used to easily treat pain and muscle aches. The water bottle and attachments are made to be reusable so you only have to buy one for multiple health and hygiene applications.",It came with a great package. All the parts were inside.  I've been using them for 3 weeks now and I have no complaint! It's very easy to use and for cleaning. They are really great products!!! And it only cost less than $5! You should buy them! I really recommend this product.
Lo Bak Trax Back Stretcher - Dual Traction Force Spi  ...,$29.88,3.8/5.0,https://www.walmart.com/ip/Lo-Bak-Trax-Back-Stretcher-Dual-Traction-Force-Spinal-Traction-Device-As-Seen-on-TV/983625450,"Lo-Bak Trax is a portable traction spinal device that's fast, easy and effective. It uses dual traction force to push the lower body away from the upper body, taking pressure off the spinal joint, discs and nerves to alleviate pain. Now you can get the help you need for back pain without an expensive trip to the doctor's office. Lo-Bak Trax is simple to use. Just lie down and pull up your feet, insert the device between your legs with the pads against your thighs and push. Your hips move toward your feet and your upper body pushes off the metal handles toward your head for needed separation to stretch and ease pain. Lo-Bak Trax is FDA registered to help all kinds of problems, including low back pain, spinal stenosis, degenerative disc disease, sciatica, herniated discs and more! It's great for both men and women. Includes instructional and stretching DVDs.","My husband has had back issues for a long time now.  He saw this on tv and wanted to try it. The first night he tried it he felt so much relief. Then when he got home that next day he read the directions and realized he did it wrong. He was so excited thinking that if he did it wrong and his back felt better how much better was it going to feel the second day. And he was right, he said his back felt better than it had in years! We are sold on it!"
