BathroomScales,Walmart #  001190981,"Health o Meter HDR743 Digital Bathroom Scale, 350 lb Capacity",https://www.walmart.com/ip/Health-o-Meter-HDR743-Digital-Bathroom-Scale-350-lb-Capacity/10264542,"This is very accurate and matches what the scale at the doctor's office tells me. I use it once a week to keep track of weight loss/gain. I give it four stars because the instructions say that you can either tap or step on the scale for your weight; however when I tried tapping it, the scale just did not turn on."
BathroomScales,Walmart #  001190981,"Health o Meter HDR743 Digital Bathroom Scale, 350 lb Capacity",https://www.walmart.com/ip/Health-o-Meter-HDR743-Digital-Bathroom-Scale-350-lb-Capacity/10264542,"Purchased at my local Walmart on 9/4. Will be returning on 9/5. It gave me 15 different results, then shut off and never came back on."
BathroomScales,Walmart #  001190981,"Health o Meter HDR743 Digital Bathroom Scale, 350 lb Capacity",https://www.walmart.com/ip/Health-o-Meter-HDR743-Digital-Bathroom-Scale-350-lb-Capacity/10264542,"You must stand even on both sides and very steady or reads ""error"". I have balance issues/prosthetic leg. Sometimes I have to restart it several times to get a reading. If I take very long getting situated it turns off."
BathroomScales,Walmart #  001190981,"Health o Meter HDR743 Digital Bathroom Scale, 350 lb Capacity",https://www.walmart.com/ip/Health-o-Meter-HDR743-Digital-Bathroom-Scale-350-lb-Capacity/10264542,My old scale kept weighing me different even when I'd let it rest then get on again. This new scale is very accurate and I love it. Very reasonable price.
BathroomScales,Walmart #  001190981,"Health o Meter HDR743 Digital Bathroom Scale, 350 lb Capacity",https://www.walmart.com/ip/Health-o-Meter-HDR743-Digital-Bathroom-Scale-350-lb-Capacity/10264542,"I have had my Healthometer LED Split Mat Scale for 2 years now and it is still working great! I weigh myself everyday and it is always correct even if I step back on it a second time. Easy to read, light weight and accurate."
BathroomScales,Walmart #  001190981,"Health o Meter HDR743 Digital Bathroom Scale, 350 lb  ...",https://www.walmart.com/ip/Health-o-Meter-HDR743-Digital-Bathroom-Scale-350-lb-Capacity/10264542,"This is very accurate and matches what the scale at the doctor's office tells me. I use it once a week to keep track of weight loss/gain. I give it four stars because the instructions say that you can either tap or step on the scale for your weight; however when I tried tapping it, the scale just did not turn on."
BathroomScales,Walmart #  001190981,"Health o Meter HDR743 Digital Bathroom Scale, 350 lb  ...",https://www.walmart.com/ip/Health-o-Meter-HDR743-Digital-Bathroom-Scale-350-lb-Capacity/10264542,"Purchased at my local Walmart on 9/4. Will be returning on 9/5. It gave me 15 different results, then shut off and never came back on."
BathroomScales,Walmart #  001190981,"Health o Meter HDR743 Digital Bathroom Scale, 350 lb  ...",https://www.walmart.com/ip/Health-o-Meter-HDR743-Digital-Bathroom-Scale-350-lb-Capacity/10264542,"You must stand even on both sides and very steady or reads ""error"". I have balance issues/prosthetic leg. Sometimes I have to restart it several times to get a reading. If I take very long getting situated it turns off."
BathroomScales,Walmart #  001190981,"Health o Meter HDR743 Digital Bathroom Scale, 350 lb  ...",https://www.walmart.com/ip/Health-o-Meter-HDR743-Digital-Bathroom-Scale-350-lb-Capacity/10264542,My old scale kept weighing me different even when I'd let it rest then get on again. This new scale is very accurate and I love it. Very reasonable price.
BathroomScales,Walmart #  001190981,"Health o Meter HDR743 Digital Bathroom Scale, 350 lb  ...",https://www.walmart.com/ip/Health-o-Meter-HDR743-Digital-Bathroom-Scale-350-lb-Capacity/10264542,"I have had my Healthometer LED Split Mat Scale for 2 years now and it is still working great! I weigh myself everyday and it is always correct even if I step back on it a second time. Easy to read, light weight and accurate."
BathroomScales,Walmart #  554211617,Health O Meter Professional Body Fat Digital Scale w  ...,https://www.walmart.com/ip/Health-O-Meter-Professional-Body-Fat-Digital-Scale-with-DCI-Technology-BFM081DQ1-63/51235438?wpa_bd=&wpa_pg_seller_id=F55CDC31AB754BB68FE0B39041159D63&wpa_ref_id=6cfb3158a6ea5b694af45415a1ba82e1&wpa_aux_info=__aux_info__&wpa_tag=&wpa_pos=2&wpa_plmt=__plmt__&wpa_aduid=__aduid__,"My daughter had this scale at her house and I thought I would buy one. I should've asked her before I bought it because she said she would've told me not to buy the scales because they are never correct. 
You can get on them one time and it is ten pounds off, and the next time two pounds. 
You step on and they won't come on. 
Oh never mind, I don't have the time to write all the problems I have had with these scales. 
The reason I gave it one star is because they didn't give me the option of minus 0."
BathroomScales,Walmart #  554211617,Health O Meter Professional Body Fat Digital Scale w  ...,https://www.walmart.com/ip/Health-O-Meter-Professional-Body-Fat-Digital-Scale-with-DCI-Technology-BFM081DQ1-63/51235438?wpa_bd=&wpa_pg_seller_id=F55CDC31AB754BB68FE0B39041159D63&wpa_ref_id=6cfb3158a6ea5b694af45415a1ba82e1&wpa_aux_info=__aux_info__&wpa_tag=&wpa_pos=2&wpa_plmt=__plmt__&wpa_aduid=__aduid__,"I receive this item and immediately I put it to work, very easy to follow instructions, it worth the money"
BathroomScales,Walmart #  554211617,Health O Meter Professional Body Fat Digital Scale w  ...,https://www.walmart.com/ip/Health-O-Meter-Professional-Body-Fat-Digital-Scale-with-DCI-Technology-BFM081DQ1-63/51235438?wpa_bd=&wpa_pg_seller_id=F55CDC31AB754BB68FE0B39041159D63&wpa_ref_id=6cfb3158a6ea5b694af45415a1ba82e1&wpa_aux_info=__aux_info__&wpa_tag=&wpa_pos=2&wpa_plmt=__plmt__&wpa_aduid=__aduid__,"The option to add user profiles is a great option. However, on a flat, solid, tile floor the readings are way off each and every time. Speaking only of weight - not bothering with the other readouts - turning the scale North, South, East, West, gave reading differences by as much as  5 pounds. Leaving the scale in the same position, stepping on, stepping off also gives different readings each time. It's horribly inaccurate."
BathroomScales,Walmart #  554211617,Health O Meter Professional Body Fat Digital Scale w  ...,https://www.walmart.com/ip/Health-O-Meter-Professional-Body-Fat-Digital-Scale-with-DCI-Technology-BFM081DQ1-63/51235438?wpa_bd=&wpa_pg_seller_id=F55CDC31AB754BB68FE0B39041159D63&wpa_ref_id=6cfb3158a6ea5b694af45415a1ba82e1&wpa_aux_info=__aux_info__&wpa_tag=&wpa_pos=2&wpa_plmt=__plmt__&wpa_aduid=__aduid__,"
Thank you for bringing this to our attention! We would love to help you with this and provide some troubleshooting tips to get an accurate reading every time! Please call us at 1-800-672-5625 Monday-Friday 9am-6pm EST. Thanks!"
BathroomScales,Walmart #  554211617,Health O Meter Professional Body Fat Digital Scale w  ...,https://www.walmart.com/ip/Health-O-Meter-Professional-Body-Fat-Digital-Scale-with-DCI-Technology-BFM081DQ1-63/51235438?wpa_bd=&wpa_pg_seller_id=F55CDC31AB754BB68FE0B39041159D63&wpa_ref_id=6cfb3158a6ea5b694af45415a1ba82e1&wpa_aux_info=__aux_info__&wpa_tag=&wpa_pos=2&wpa_plmt=__plmt__&wpa_aduid=__aduid__,"I bought this scale after having a gastric sleeve done. It worked great for roughly a month. Then one day it wouldn't turn on at all. I changed the batteries and it came back on but now it's will only read in KG and it won't go back to reading in pounds. It also now has no accuracy at all, it varies in weight depending on where it is sitting. And I don't have carpet in my house it truly changes based on what room it is in. If you are considering this move on. This is my 2nd Health O Meter scale I have bought in the last year and it's the second over sized paperweight I now have. Find another brand because this is a waste and won't last long nor be accurate"
BathroomScales,Walmart #  554211617,Health O Meter Professional Body Fat Digital Scale w  ...,https://www.walmart.com/ip/Health-O-Meter-Professional-Body-Fat-Digital-Scale-with-DCI-Technology-BFM081DQ1-63/51235438?wpa_bd=&wpa_pg_seller_id=F55CDC31AB754BB68FE0B39041159D63&wpa_ref_id=6cfb3158a6ea5b694af45415a1ba82e1&wpa_aux_info=__aux_info__&wpa_tag=&wpa_pos=2&wpa_plmt=__plmt__&wpa_aduid=__aduid__,"
We are glad to hear you enjoyed our Health O Meter Professional Body Fat Scale. If the scale is not giving an accurate reading, check the following:<br /><br />    -Is the scale being used on a hard, flat, non carpeted surface?<br />    -Has the scale been exercised correctly? (Step on and off the scale 5 times consecutively)<br />    -If the scale is a tap on, are you waiting until the zeros are displayed before stepping on the scale?<br />    -Be sure your feet are evenly spread apart on the scale.<br />    -Be sure to stay as still as possible while on the scale.<br /><br />If your scale is still not showing an accurate reading, please call us at (800) 672-5625, and one of our Health O Meter specialists will be happy to assist you. We are available 9AM-6PM EST."
BathroomScales,Walmart #  554211617,Health O Meter Professional Body Fat Digital Scale w  ...,https://www.walmart.com/ip/Health-O-Meter-Professional-Body-Fat-Digital-Scale-with-DCI-Technology-BFM081DQ1-63/51235438?wpa_bd=&wpa_pg_seller_id=F55CDC31AB754BB68FE0B39041159D63&wpa_ref_id=6cfb3158a6ea5b694af45415a1ba82e1&wpa_aux_info=__aux_info__&wpa_tag=&wpa_pos=2&wpa_plmt=__plmt__&wpa_aduid=__aduid__,"I read the directions Gima.. I have also had 3 of these scales. Mine have lasted roughly 1 year. Then they go haywire with all the problems everyone else listed.. not turning on, unable to select profiles 1,2,3 or 4.. weights vary 2-8 pounds just by stepping off and stepping right back on.. definitely not worth the money. At $40 a crack. I will check into certified wrestling scales . Should have in the first place since I've already bought enough of these to pay for a really good ine"
BathroomScales,Walmart #  554211617,Health O Meter Professional Body Fat Digital Scale w  ...,https://www.walmart.com/ip/Health-O-Meter-Professional-Body-Fat-Digital-Scale-with-DCI-Technology-BFM081DQ1-63/51235438?wpa_bd=&wpa_pg_seller_id=F55CDC31AB754BB68FE0B39041159D63&wpa_ref_id=6cfb3158a6ea5b694af45415a1ba82e1&wpa_aux_info=__aux_info__&wpa_tag=&wpa_pos=2&wpa_plmt=__plmt__&wpa_aduid=__aduid__,"
We're sorry to hear this was your experience with our Health O Meter Professional Body Fat Scale. If you are getting inaccurate reading, we recommend trying our step test; step on and off the scale 5 times consecutively. If this does not do the trick, you can always contact our specialists for assistance under warranty. You can reach us at (800) 672-5625, and we're are available between 9AM & 6PM EST."
BathroomScales,Walmart #  552819579,Ozeri Precision Digital Bath Scale (400 lbs Edition)  ...,https://www.walmart.com/ip/Ozeri-Precision-Digital-Bath-Scale-400-lbs-Edition-in-Tempered-Glass-with-Step-on-Activation/37417379,"A New Year means a new scale to start the year out right.  This precision scale weighs up to 400 pounds.  Its tempered glass and white in color.  The scale has a wide screen LCD which makes it easy to see and read. It has four high precision GX sensors to weigh in pounds, KG or ST increments.  I like the step on activation which captures the weight measurements upon stepping on the scale.  The auto turn off is a great feature to conserve battery life.  The scale operates on a lithium 2032 battery which is included.  A scale that is chic in style and accurate in readings.  The scale is simple to use.  The quality of Ozeri products never disappoint, only impress me.    It offers a sleek design.  With six people in our house, weight varies, so this is the perfect scale in my house.  I would recommend this scale in a heartbeat.  The scale goes with any décor and looks very classy in the bathroom.  I use the scale on a tile floor and it does not rock or move around.  I weighed myself in the morning and I had a doctors appointment that afternoon and my weight was the same as my weight on the Ozeri scale."
BathroomScales,Walmart #  552819579,Ozeri Precision Digital Bath Scale (400 lbs Edition)  ...,https://www.walmart.com/ip/Ozeri-Precision-Digital-Bath-Scale-400-lbs-Edition-in-Tempered-Glass-with-Step-on-Activation/37417379,"This scale boasts an oversized platform made of impact resistant tempered glass.  There is no need to tap it before stepping on or waiting for it to calibrate, since it is auto-calibrated.  I like that it automatically turns off after displaying your weight to save the battery (which it runs on one lithium CR2032 battery-which is included).  There are four precision sensors that weigh up to 400 pounds in 0.2 lb increments.  You also have the option of displaying your weight in pounds or kilograms.  I like the ease and simplicity of this scale and put it in my upstairs bathroom for my kids to use. I have owned several different Ozeri products, and I am pleased with all of them because they are quality made and never disappoint.  I definitely recommend this scale, especially since it consistently displays accurate weight, and you will not be disappointed!  I received this product at no cost and my opinon expressed is a direct reflection of my experience with this product."
BathroomScales,Walmart #  552819579,Ozeri Precision Digital Bath Scale (400 lbs Edition)  ...,https://www.walmart.com/ip/Ozeri-Precision-Digital-Bath-Scale-400-lbs-Edition-in-Tempered-Glass-with-Step-on-Activation/37417379,"It looks amazing! It is so thin I was afraid I would break it. But it is a very tough scale. All I had to do was step on it and it does the rest. It comes on and immediately tells you your weight. I have it set for pounds, but you can set it for kg and British st. It looks great in my Bathroom."
BathroomScales,Walmart #  552819579,Ozeri Precision Digital Bath Scale (400 lbs Edition)  ...,https://www.walmart.com/ip/Ozeri-Precision-Digital-Bath-Scale-400-lbs-Edition-in-Tempered-Glass-with-Step-on-Activation/37417379,"This is a well made scale at a very affordable price. It is simple to use right out of the box and is very accurate. It's got a very simple sleek design so it doesn't look conspicuous.   The numbers are large and easy to read (even if you don't want to!). 
I received this item at a discounted price / free in exchange for an honest & unbiased review."
BathroomScales,Walmart #  552819579,Ozeri Precision Digital Bath Scale (400 lbs Edition)  ...,https://www.walmart.com/ip/Ozeri-Precision-Digital-Bath-Scale-400-lbs-Edition-in-Tempered-Glass-with-Step-on-Activation/37417379,"This scale is thin and has a modern and stylish design. The glass overlay is simple yet chic. I ordered the black colored scale. The digital display is easy to read.  The scale comes with a lithium battery included. I was pleasantly surprised by the weight of it since it's light. The weight was accurate as I stepped on top of it and it works perfectly so far. The weight capacity is up to 400lbs and it turns off automatically. The only bad thing I see is that the glass on gets dirty easily and shows foot prints. Overall, it's a really good scale and I recommend to everyone."
BathroomScales,Walmart #  551402084,Health o meter Lose It! Wireless Glass Body Fat Scal  ...,https://www.walmart.com/ip/Health-o-meter-Lose-It-Wireless-Glass-Body-Fat-Scale-for-iPhone-BFM147DQ-01/33379098,"I love this scales works great. Only complaint is it doesn't always send the data via Bluetooth to my phone. I don't know if it's a phone issue or Bluetooth connectivity issue. But sometimes I have to step on the scale twice to get it to sent information to ""lose it!"". Also premium ""lose it"" service should have been included with purchase of scale. Not a additional $5 month service (for premium service). I don't see the benefits of going premium over standard."
BathroomScales,Walmart #  551402084,Health o meter Lose It! Wireless Glass Body Fat Scal  ...,https://www.walmart.com/ip/Health-o-meter-Lose-It-Wireless-Glass-Body-Fat-Scale-for-iPhone-BFM147DQ-01/33379098,"I tried to set it up first with my iPhone 7, but after a few unsuccessful tries, I pulled out my older iPad mini and it connected on the first try. Quick and easy.
Manufacturer recommends using only one device with scale, so I use my iPad to sync the scale info every morning. During the day I use my iPhone app to log other entries. So far so good. Everything syncs up on both devices.
To me, $34.99 plus tax is a very good price considering you are paying for the scale itself and the convenience of having useful information at your fingertips. I upgraded to the premium app because I wanted to track other health related goals that are not available on the free app.  I am happy with both purchases."
BathroomScales,Walmart #  551402084,Health o meter Lose It! Wireless Glass Body Fat Scal  ...,https://www.walmart.com/ip/Health-o-meter-Lose-It-Wireless-Glass-Body-Fat-Scale-for-iPhone-BFM147DQ-01/33379098,This scale works great. Was basically the same weigh in as my WW scale. Working with iPhone so no problems connecting except that it seems the app must be open on the phone when trying to sync. Initially had trouble connecting my husbands account but we figured it out. What really needs work is the documentation. Better more detailed instructions would lessen the frustrations that it seems people are having.
BathroomScales,Walmart #  551402084,Health o meter Lose It! Wireless Glass Body Fat Scal  ...,https://www.walmart.com/ip/Health-o-meter-Lose-It-Wireless-Glass-Body-Fat-Scale-for-iPhone-BFM147DQ-01/33379098,"I received this scale as a test item for an online research group so I didn't actually purchase this item. When I first took it out of the box it seemed simple enough to turn on and get going. However, it was many failed attempts to get the item to sync to blue tooth. I already use the Lose It app on my Iphone so I thought it would be easy. It just wouldn't recognize the blue tooth. I had the phone as close as actually sitting on the scale and as far away as four feet, but nothing. I was very disappointed after several attempts over a few days. Then one day I tried again and Viola! It worked. After that it was simple and easy, and even fun to see it calculate the info and then send the data right to my phone. I liked that the data it sends is directly to the App and you don't have to put the info in. Once I got the initial sync, I never had a problem again and was very satisfied with the product when you are looking for more health related info other than just your weight."
BathroomScales,Walmart #  551402084,Health o meter Lose It! Wireless Glass Body Fat Scal  ...,https://www.walmart.com/ip/Health-o-meter-Lose-It-Wireless-Glass-Body-Fat-Scale-for-iPhone-BFM147DQ-01/33379098,"Only reason I got this was for the Bluetooth feature, but it only partially works. First of all this is only compatible with iOS devices. No Android here. The manufactures blog said Android support coming soon, but that was years ago. The bluetooth feature works only when I actually have the app open on my phone while taking my weight. This is pointless. The purpose was to do it automatically. I can just manually enter it if I have to go to the app any way. I only got this because it was suggested directly on the Jawbone website to use with the UP2 band. Well ends up if you want it to share the weight with the Jawbone app, then you have to pay some crazy yearly fee. Stupid. Wish I just saved my money and got something better. If you want a smart scale, then this is not the one."
BathroomScales,Walmart #  551402084,Health o meter Lose It! Wireless Glass Body Fat Scal  ...,https://www.walmart.com/ip/Health-o-meter-Lose-It-Wireless-Glass-Body-Fat-Scale-for-iPhone-BFM147DQ-01/33379098,"
We can certainly understand your frustration, and would like the opportunity to restore your faith in the Health-o-Meter brand. We encourage you to contact our customer care team for assistance with your scale. We can be reached at 1-800-672-5625 and are available Monday-Friday 9am-6pm Eastern."
BathroomScales,Walmart #  001131235,Taylor Precision Products 7506 Chrome & Glass Lithiu  ...,https://www.walmart.com/ip/Taylor-Precision-Products-7506-Chrome-Glass-Lithium-Digital-Scale/14311191,Arrived in a timely manner. Looks great is very functional. I use it every day to keep up with my progress. I would recogmind this product to anyone who weights over 300 pounds.
BathroomScales,Walmart #  001131235,Taylor Precision Products 7506 Chrome & Glass Lithiu  ...,https://www.walmart.com/ip/Taylor-Precision-Products-7506-Chrome-Glass-Lithium-Digital-Scale/14311191,"The Taylor Model 7506 Glass Electronic Bath Scale is not accurate. The scale changes depending where you place it, most our floors are hardwood, the fluctuation in the reading is astounding. In other words I can place the scale on our kitchen floor and it read one thing and I can place it in our bathroom is reads another, I am not real happy."
BathroomScales,Walmart #  001131235,Taylor Precision Products 7506 Chrome & Glass Lithiu  ...,https://www.walmart.com/ip/Taylor-Precision-Products-7506-Chrome-Glass-Lithium-Digital-Scale/14311191,After reading many reviews trying to find an accurate inexpensive scale I chose this one because it was recommended by Consumer Reports. At first it seemed to be working properly however after a few weeks I am experiencing inconsistency and sometimes errors. Trying to use this for weight loss is not working because it's not consistent so I will most likely be returning.
BathroomScales,Walmart #  001131235,Taylor Precision Products 7506 Chrome & Glass Lithiu  ...,https://www.walmart.com/ip/Taylor-Precision-Products-7506-Chrome-Glass-Lithium-Digital-Scale/14311191,"Scale seems to be accurate. Is very pretty in my bathroom. Not super noticeable since it's glass, which I like. Great price and very easy to use Walmart's store pick up service. Just make sure you know the store pick up hours if you choose this option."
BathroomScales,Walmart #  001131235,Taylor Precision Products 7506 Chrome & Glass Lithiu  ...,https://www.walmart.com/ip/Taylor-Precision-Products-7506-Chrome-Glass-Lithium-Digital-Scale/14311191,"After reading many positive  reviews on this scale, I decided to purchase one myself.  I am a Weight Watcher, and weigh myself on my new Taylor before going and find there to be a difference of only .2 lbs..  Unlike many other scales, it is consistent in readings.  I do highly recomend this Taylor scale...and it looks nice too!"
BathroomScales,Walmart #  550709305,Taylor Precision Products 75624072 Glass Digital Sca  ...,https://www.walmart.com/ip/Taylor-Precision-Products-75624072-Glass-Digital-Scale/22046340,"AT FIRST I PASSED THIS BY THINKING THE RED LED LOOKED A BIT ""OLD SCHOOL"" THEN WHEN I NOTICED OTHER SCALES REVIEWS SAID THE GRAY/BLACK LED WAS A BIT HARD TO READ I PURCHASED THIS ONE AND HAVE BEEN VERY PLEASED. I HOP ON IT IT TURNS ON AND WEIGHS ME, NO PROBLEMS OR MESSIN AROUND. I PUT OUR SMALL DOG ON IT AND IT WEIGHS HIM TOO. YA HE'S ON A DIET TOO. LOL"
BathroomScales,Walmart #  550709305,Taylor Precision Products 75624072 Glass Digital Sca  ...,https://www.walmart.com/ip/Taylor-Precision-Products-75624072-Glass-Digital-Scale/22046340,I needed one of these babies and I'm happy with my purchase. The design is beautiful and stylish. It doesn't take time to set up (comes with easy instructions and batteries). I've had my product for two weeks now and I've been using it to to make/keep my progress records. It is also very inexpensive compared to other brands that perform the same function
BathroomScales,Walmart #  550709305,Taylor Precision Products 75624072 Glass Digital Sca  ...,https://www.walmart.com/ip/Taylor-Precision-Products-75624072-Glass-Digital-Scale/22046340,"I'm very happy with my purchase. After reading the reviews I decided to order one on walmart.com. About an hour later I got my text message to pick it up. I brought it home, Took it out of the box,, Put the batteries in it. turned it over onto a flat tile floor. I tapped it with my finger a good tap. I stood on the scale and it showed my true weight. Ive been testing it all day. It works fine. I would recommend this scale for the quality and the price. Thanks Walmart"
BathroomScales,Walmart #  550709305,Taylor Precision Products 75624072 Glass Digital Sca  ...,https://www.walmart.com/ip/Taylor-Precision-Products-75624072-Glass-Digital-Scale/22046340,"Not to bad of a scale. It does what it's say's it will do. And it will weigh fat people like me,LOL."
BathroomScales,Walmart #  550709305,Taylor Precision Products 75624072 Glass Digital Sca  ...,https://www.walmart.com/ip/Taylor-Precision-Products-75624072-Glass-Digital-Scale/22046340,"Beautiful in design.  Instructions must be followed carefully or you will get incorrect reading.  Once I figured it out, I have been getting accurate readings ever since.   Very good product at a very good price."
BathroomScales,Walmart #  001107263,Taylor 7519 Ultra-Thick Digital Glass Bathroom Scale  ...,https://www.walmart.com/ip/Taylor-7519-Ultra-Thick-Digital-Glass-Bathroom-Scale-with-Backlit-LCD-Display/11089592,"I had the same scale for  6 years lol worked great and then deceased.  I definitely got our money's worth and loved it because very accurate and big numbers and lights up so nice easy to see.  Always weighed myself at home then doctors and it was always the same.  Great scale and was shocked they still sold it.  I thought for sure would no longer have after so many years but they did.  So, I bought it again and hopefully we will be happy for many more years to come.  Highly recommended."
BathroomScales,Walmart #  001107263,Taylor 7519 Ultra-Thick Digital Glass Bathroom Scale  ...,https://www.walmart.com/ip/Taylor-7519-Ultra-Thick-Digital-Glass-Bathroom-Scale-with-Backlit-LCD-Display/11089592,"I am 70 years of age portly and have difficulty standing. This scale is prefect for me because it's extra wide so I can stand comfortably, it doesn't need any preliminary setup or tapping, just stand and get your weight and the readout is big black numbering on a bright blue background for easy reading. In my opinion, it does require a stable, level, hard surface for consistent readings. Therefore I believe that it would be best used on tile or hardwood flooring and not carpeting, especially thick carpeting. I thought the cost of $32 plus S & H. was very reasonable for the quality of this scale. I ordered this scale through Walmart using store to store pick since it wasn't stocked locally. Arrival of the scale at my store was as promised by Walmart to the day.

I am very pleased overall with this order and I would definitely recommend this item to anyone in need of a good scale. As a side note, this scale was rated as a Best Buy by Consumer Reports Magazine."
BathroomScales,Walmart #  001107263,Taylor 7519 Ultra-Thick Digital Glass Bathroom Scale  ...,https://www.walmart.com/ip/Taylor-7519-Ultra-Thick-Digital-Glass-Bathroom-Scale-with-Backlit-LCD-Display/11089592,"I use the scale in kg. And I found out that everytime I use it, it shows a different weight! I tested it by using it 3-4 times in a row, allowing it to shut down and start again. It always gave me different numbers and the difference was 2-3 kg! Well, that A LOT. I haven't seen a scale as useless as this one before. I tried different locations to see if there was something wrong with the floor but no, this is useless everywhere in my apartment. I'm returning it back."
BathroomScales,Walmart #  001107263,Taylor 7519 Ultra-Thick Digital Glass Bathroom Scale  ...,https://www.walmart.com/ip/Taylor-7519-Ultra-Thick-Digital-Glass-Bathroom-Scale-with-Backlit-LCD-Display/11089592,"This scale is very easy to use, sturdy, and attractive.  My husband and I appreciate that you just step onto the scale and it will show your weight...no on, off, and on again like our previous scale."
BathroomScales,Walmart #  001107263,Taylor 7519 Ultra-Thick Digital Glass Bathroom Scale  ...,https://www.walmart.com/ip/Taylor-7519-Ultra-Thick-Digital-Glass-Bathroom-Scale-with-Backlit-LCD-Display/11089592,does what it is suppose to do... Take your weight :-) and I love the see threw glass and blue light that appears in the dark
BathroomScales,Walmart #  552819561,Ozeri Touch 440 lbs Total Body Bath Scale – Measures  ...,https://www.walmart.com/ip/Ozeri-Touch-440-lbs-Total-Body-Bath-Scale-Measures-Weight-Fat-Muscle-Bone-Hydration-with-Auto-Recognition-and-Infant-Tare-Technology/33412350,The digital display is pretty cool. The display is all touch and surprisingly all run on two tiny batteries! Sometimes I get on it and it gives me an estimate but when I step on it two more times the measurement is probably my actual weight. I haven't compared it to the scale at the VA Hospital yet but it seems like it might be the same or close to it. The instruction manual is easy to understand and has a bunch of different languages so should be easy for most to follow. The whole thing is pretty cool and techie and worth the thirty something dollars I spent on it! It says white but it seems more of a light creamish greenish color and so far that's my only tit or tat about it! Time will tell how it holds up and I'm grateful that I can find the replacement batteries online.
BathroomScales,Walmart #  552819561,Ozeri Touch 440 lbs Total Body Bath Scale – Measures  ...,https://www.walmart.com/ip/Ozeri-Touch-440-lbs-Total-Body-Bath-Scale-Measures-Weight-Fat-Muscle-Bone-Hydration-with-Auto-Recognition-and-Infant-Tare-Technology/33412350,"This is one smart scale.  I have a few Ozeri products and the quality is always excellent.   This scale does so much more than just your weight.  It also does your body fat, hydration, muscle mass and body mass.  The Tare function is amazing.  The Tare feature allows you to easily weigh yourself with your infant, pet or even your luggage to determine their weight.  The LCD display is a vibrant blue and easy to see and read.  You can even maintain eight profiles in the scales memory.  The scale is made from impact resistant glass.  The white coloring goes with any décor.   It's a scale that looks elegant in the bathroom.  It measures in pounds and KG up to 440 pounds.  I am one of those people who need to watch their hydration and this scale lets me know to drink up. The scale comes with batteries.  So far the scale is providing accurate readings.  Just download the app and start keeping track of your weight, body fat, hydration, muscle and body mass.  This scale does not rock or move when you step on it.  The scale is very easy to use.  I am very happy with the Ozeri Touch Scale.   This scale makes a great gift."
BathroomScales,Walmart #  552819561,Ozeri Touch 440 lbs Total Body Bath Scale – Measures  ...,https://www.walmart.com/ip/Ozeri-Touch-440-lbs-Total-Body-Bath-Scale-Measures-Weight-Fat-Muscle-Bone-Hydration-with-Auto-Recognition-and-Infant-Tare-Technology/33412350,"I own other Ozeri products, and I am impressed with all of them.  When I saw this scale, I had to order it because I knew I would not be let down.  Boy, was I right! I have a few bathrooms in my home and wanted a new one in my own private bathroom.  This scale does not disappoint with its sharp look and wonderful features and it powers off automatically.  It operates on two lithium batteries that are included (just pull out the clear tab before use) and you can choose between pounds or kilograms.  I really like the vibrant blue LCD display and that this scale not only calculates weight, but it also determines body fat, hydration, muscle mass, and bone mass. This scale also has a tare function, which I have never seen before, which allows you to easily weigh yourself with your infant, pet, or even luggage to determine their weight.  It has the capability of maintaining 8 profiles in its memory which is very impressive.  This is made of an impact resistant tempered glass which can weigh up to 440 pounds.  I never thought I would say that I love a scale since scales and I are not friends, but I love this scale. This is not your parent's scale, and I highly recommend it.  I received this product at no cost and my opinion expressed is a direct reflection of my experience with this product."
BathroomScales,Walmart #  552819561,Ozeri Touch 440 lbs Total Body Bath Scale – Measures  ...,https://www.walmart.com/ip/Ozeri-Touch-440-lbs-Total-Body-Bath-Scale-Measures-Weight-Fat-Muscle-Bone-Hydration-with-Auto-Recognition-and-Infant-Tare-Technology/33412350,"I like to stay in shape and keep track of my weight.  This scale has a sleek design and it is easy to move around.  Not only does it give you an accurate weight reading, but you also get body fat percentage, water percentage, bone weight and muscle percentage.  There is a brief description of each reading in the booklet.  You can program up to 8 personal profiles for weight tracking.  This is nice because I have set up a profile for myself and my husband.  There is a tare feature for weighing infants, pets or luggage.  This scale will come in handy with all of its useful features.  I would highly recommend this product for anyone who is interested in watching their weight.  I received this product for free in exchange for my honest and unbiased review."
BathroomScales,Walmart #  552819561,Ozeri Touch 440 lbs Total Body Bath Scale – Measures  ...,https://www.walmart.com/ip/Ozeri-Touch-440-lbs-Total-Body-Bath-Scale-Measures-Weight-Fat-Muscle-Bone-Hydration-with-Auto-Recognition-and-Infant-Tare-Technology/33412350,"I was very impressed with this digital bathroom scale. I've had others before but this one is by far the most advanced. I like that you can program up to 8 different weight profiles on it. The manual provides clear instructions for easy set up. The batteries are included which is also a plus. I plan to use this scale as an important part in my weight loss journey I will be starting soon. I am excited to be able to track my body mass, weight and fat ratio. I definitely recommend this scale to others who would like to do the same!"
BathroomScales,Walmart #  554299132,Taylor Precision Mechanical Analog Bath Scale,https://www.walmart.com/ip/Taylor-Precision-Mechanical-Analog-Bath-Scale/16541957,Works great
BathroomScales,Walmart #  001160761,Health o meter Weight Tracking Digital Scale,https://www.walmart.com/ip/Health-o-meter-Weight-Tracking-Digital-Scale/8245670,"This is the most inaccurate scale i have ever used! Total waste of your money and sanity! This scale will weigh you all over the board ranging 5 to 10 pounds. I tested it with weights and they didnt even register on the scale,but did on an analog scale which digital scales companies quip are not reliable. In my opinion the one they detects an actual real weight is the most reliable. Not the one that has 5 different readings under the same condition."
BathroomScales,Walmart #  001160761,Health o meter Weight Tracking Digital Scale,https://www.walmart.com/ip/Health-o-meter-Weight-Tracking-Digital-Scale/8245670,"
Oh no! We would like the opportunity to turn your experience around. Please give us a call at (800) 672-5625. Specialists are available Monday-Friday 9am-6pm EST."
BathroomScales,Walmart #  001160761,Health o meter Weight Tracking Digital Scale,https://www.walmart.com/ip/Health-o-meter-Weight-Tracking-Digital-Scale/8245670,Cheap I stepped on it and it cracked I 175lbs and do not have the original box so can not send it. Back ....Would  not recommend it to no one
BathroomScales,Walmart #  001160761,Health o meter Weight Tracking Digital Scale,https://www.walmart.com/ip/Health-o-meter-Weight-Tracking-Digital-Scale/8245670,"
We appreciate you bringing this matter to our attention. We have high expectations for our products and want to turn this around for you.  Feel free to contact us at (800) 672-5625, and one of our Health O Meter specialists will be happy to assist you. We are available 9AM-6PM EST."
BathroomScales,Walmart #  001160761,Health o meter Weight Tracking Digital Scale,https://www.walmart.com/ip/Health-o-meter-Weight-Tracking-Digital-Scale/8245670,Weight changes every time I check
BathroomScales,Walmart #  001160761,Health o meter Weight Tracking Digital Scale,https://www.walmart.com/ip/Health-o-meter-Weight-Tracking-Digital-Scale/8245670,"
We can make this right for you! Please give us a call at (800) 458-8407, where a representative will be more than happy to help you. We are available from 9am - 6pm EST Monday - Friday. Thank you!"
BathroomScales,Walmart #  001160761,Health o meter Weight Tracking Digital Scale,https://www.walmart.com/ip/Health-o-meter-Weight-Tracking-Digital-Scale/8245670,I loved this product...I was alittle confused when i first used it because i was on the rug. lol but when i put in my bathroom it works great.And mos def recommend to my friends and family.
BathroomScales,Walmart #  001160761,Health o meter Weight Tracking Digital Scale,https://www.walmart.com/ip/Health-o-meter-Weight-Tracking-Digital-Scale/8245670,"It's interesting that the company response to many of these customers reviews has been to recommend waiting at least five minutes between weighing. And for some other reviews, the response has been to step on and off the scale five consecutive times to ""exercise it."" The point is, why is the customer having to go through ANY type of ""troubleshooting"" in order to get accurate and reliable readings? By making these so-called ""recommendations,"" Health-O-Meter is actually agreeing to the fact these scales are defective. The proper solution(s) would not be for the customer to need to do anything to the machine. When a new product is purchased, there is generally an implied warranty of merchantability, which means the goods are fit for the purpose intended, and that the product conforms to the buyer's standards and expectations. With most of these customer reviews, it can be clearly concluded that these scales have violated this implied warranty.  It's the company's responsibility to correct the defects, and not to tell the customer they need to do something to get the product to work right. Enough of these ""blame the customer"" excuses. I am also returning my new HDM770 Series Weight Tracking Digital Scale for the same reasons as most of the other aforementioned reviews stated...inaccurate, inconsistent, and unreliable. If Health-O-Meter doesn't get the message, then it shouldn't be in the business."
BathroomScales,Walmart #  555959952,Taylor 7595 Digital Glass Bathroom Scale with 2 User  ...,https://www.walmart.com/ip/Taylor-7595-Digital-Glass-Bathroom-Scale-with-2-User-Memory/53998845,"If you read the instructions, the scale does exactly what it says it will do.  I tried to use it before I read the directions and had some of the same problems listed on other reviews, so I decided to read the directions.  Now it works like a charm.  I really like the bright blue display and the simple design."
BathroomScales,Walmart #  555959952,Taylor 7595 Digital Glass Bathroom Scale with 2 User  ...,https://www.walmart.com/ip/Taylor-7595-Digital-Glass-Bathroom-Scale-with-2-User-Memory/53998845,"Taylor Model 7595W – Instruction Manual included in the box is for a different model (7560) that does not contain instructions on how to use the two-person weight-tracking feature.  The following day I checked other boxes at the store only to find all had incorrect manual.  Tried to locate appropriate manual on Taylor website, but apparently Taylor does not make manual available online. Since the scale displays information that is not intuitive, I am unable to use as intended.  Also, one of the four load cells does not properly fit the case.  It appears this one cell is for a different model.  This scale is going back for refund."
BathroomScales,Walmart #  555959952,Taylor 7595 Digital Glass Bathroom Scale with 2 User  ...,https://www.walmart.com/ip/Taylor-7595-Digital-Glass-Bathroom-Scale-with-2-User-Memory/53998845,"Absolute JUNK!  It is way off the mark.  It is 'pretty' for a bathroom scale and looks high tech. It is inaccurate and not worth the  plastic is made of.   I'm taking it back to the store for a refund. When you need accurate tracking for a patient with fluid monitoring, this is NOT the one you want."
BathroomScales,Walmart #  555959952,Taylor 7595 Digital Glass Bathroom Scale with 2 User  ...,https://www.walmart.com/ip/Taylor-7595-Digital-Glass-Bathroom-Scale-with-2-User-Memory/53998845,"Bought this about 4 months ago, and it seemed accurate until it just stopped working, so its a NO! Taylor wants you to send it back in the original box, am I supposed to store this box for 5 years? You pay for the shipping, pretty much useless warranty."
BathroomScales,Walmart #  555959952,Taylor 7595 Digital Glass Bathroom Scale with 2 User  ...,https://www.walmart.com/ip/Taylor-7595-Digital-Glass-Bathroom-Scale-with-2-User-Memory/53998845,"This is probably the worst scale I have ever purchased. It is NEVER accurate. One day it will tell me one weight and then the next day it will tell me 10 pounds heavier and then the following day after that, it will tell me an additional 10 pounds heavier being a total of 20 pounds heavier which is impossible to gain 20 pounds in a day no matter how much water you drink. This scale is literally all over the place even after removing the batteries to try and reset it. I've had it for two months and I am finally fed up with it and will be buying a new scale."
BathroomScales,Walmart #  554816310,My Life My Shop Digital Scale and Body Analyzer,https://www.walmart.com/ip/My-Life-My-Shop-Digital-Scale-and-Body-Analyzer/47701093,"Everything today is about ease of use and convenience. In the first category, this scale does really well. It tells you your weight and other interesting statistics such your fat percentage. It can also hold info for up to 8 years. Set up was pretty easy right out of the box, and it can hold a larger amount of weight than other glass scales, which is a plus. According to the box, it can hold almost 400lbs (397 to be exact, but that was a humorously precise measurement). It makes me want to find someone who is 398 to see what happens. 

With that said, the biggest disappointment is that there is no app or website with this. The mindset behind weight loss is the small goals you set for yourself and achieving them. Yes, you could easily write down your information, or enter it into another app, but if this had the ability to log it for you, and maybe send little congrats when you hit a goal, it would have made it a five-star product.

Again, this is a well-made scale, that is easy to use and looks nice. Just wish it automatically tracked all of the stats automatically."
BathroomScales,Walmart #  554816310,My Life My Shop Digital Scale and Body Analyzer,https://www.walmart.com/ip/My-Life-My-Shop-Digital-Scale-and-Body-Analyzer/47701093,"The My Life My Shop Digital Scale and Body Analyzer is really nice. I like that is can show u your bone mass, water weight, body mass, weight and more. You can set it for other family members too. Now you can keep track of your whole family's weight. It is made of a tempered glass and very sturdy. It was a little confusing at first to set it up. We had the read the instructions a couple times until we figured it out. Make sure you put it on the floor and not on carpet to get an actual reading on it. Carpet can make it come out incorrectly. I would recommend this My Life My Shop Digital Scale and Body Analyzer to family and friends."
BathroomScales,Walmart #  554816310,My Life My Shop Digital Scale and Body Analyzer,https://www.walmart.com/ip/My-Life-My-Shop-Digital-Scale-and-Body-Analyzer/47701093,"I received this My Life My Shop Digital Scale and Body Analyzer and I have to say I am very impressed. One of the things I like is it is very stylish and sleek looking. I love the glass and stainless steel look. Most bathroom scales are very basic and not too nice to look at. It's also pretty sturdy and has a good weight. Once I put it down on the floor I don't have to worry about it moving and slipping on it. It stays in place really well when I step on and off. It's also really confortable to stand on. I like that how the designed this scale you easily know where to put your feet. You place your gett on the stainless steel sides. The scale works pretty quick once you step on it and is very accurate. I weight on it and then was weighed the same day at my primary care doctor's office and they both said I weight the exact sane down to the pound. Normally scales at doctors offices are the most accurate and I have never had an at home scale that weighed so accurate, that only has me very impressed! I could not be any happier and recommend to everyone. Great at home scale that won't break the bank."
BathroomScales,Walmart #  554816310,My Life My Shop Digital Scale and Body Analyzer,https://www.walmart.com/ip/My-Life-My-Shop-Digital-Scale-and-Body-Analyzer/47701093,"I'm so happy to have this kind of scale. The trainer at the gym has one and I've wanted one ever since. It's great to be able to watch all the parts that go into your complete weight. I can tell how I am losing weight and that's a wonderful thing to be able to keep up with instead of just pounds. 
It does say in the instructions that people that have say a pacemaker should not use this scale as it sends a small electrical current through your body to be able to read fat %, muscle mass, bones, and water. Of course it does say to see your Dr and I'm sure nothing can be 100% right to the exact amount but if your using the scale regularly on a even surface you can keep up with your progress. 
I highly recommend it for anyone who doesn't have anything like a pacemaker etc that could get messed up with the small electrical current. Honestly you can't feel it. Wishing everyone the best on their own journey to be healthier."
BathroomScales,Walmart #  554816310,My Life My Shop Digital Scale and Body Analyzer,https://www.walmart.com/ip/My-Life-My-Shop-Digital-Scale-and-Body-Analyzer/47701093,"Scales have come a long way from the dial type. Actually, it is not even correct to call it a scale. It is a body analyzer. First off, it takes 4 AAA batteries to be operational. Thankfully, batteries came with the unit. Next, I recommend using the instruction manual to set up a user for the first time. This can hold up to 8 different users types. You will enter your gender, whether you are athletic or not, your height, and your age. Always use this unit on a hard, flat surface-not carpet. It measures your weight quickly. It takes a few second for it to calculate your body water, muscle mass, bone mass, and body fat. I was unpleasantly surprised by some of my numbers. And, I am sure this will be the case with many others too. Honesty can be cruel. Better to get these numbers yourself than from a doctor. This way, you can be working on those numbers before a doctor has to tell you to. The only negative thing I can think of is, it does not store your prior readings. If you want to keep track of them, you will need to write them down. One more thing I want to mention, the body analyzer is not recommended for people with an internal electronic medical device, such as a pacemaker."
BathroomScales,Walmart #  001154742,Taylor Precision Products 73294072 Silver Platform L  ...,https://www.walmart.com/ip/Taylor-Precision-Products-73294072-Silver-Platform-Lithium-Electronic-Digital-Scale/5740778,I originally bought this inexpensive scale so I could pack it in my luggage when I travel. It's actually been more consistant and accurate than my more expensive scales I use at home. I couldn't believe I only paid $10.00. Definitely a good bang for the buck!
BathroomScales,Walmart #  001154742,Taylor Precision Products 73294072 Silver Platform L  ...,https://www.walmart.com/ip/Taylor-Precision-Products-73294072-Silver-Platform-Lithium-Electronic-Digital-Scale/5740778,"You could spend more for a scale but why would you? The dial is easy to read. I'm glad I don't have to ""tap"" the scale to turn it on. You just step on it, get your weight and go. I prefer this style to the see-through models that are on the market."
BathroomScales,Walmart #  001154742,Taylor Precision Products 73294072 Silver Platform L  ...,https://www.walmart.com/ip/Taylor-Precision-Products-73294072-Silver-Platform-Lithium-Electronic-Digital-Scale/5740778,"We are full time 5th wheel RVers......our full time home is on wheels and has limited storage space.......this particular scale is small, compact and very accurate......other than
a few shipping problems, which eventually got corrected......the product works very 
well, and was well worth the money...............Thanks Wal-Mart.......you did good......"
BathroomScales,Walmart #  001154742,Taylor Precision Products 73294072 Silver Platform L  ...,https://www.walmart.com/ip/Taylor-Precision-Products-73294072-Silver-Platform-Lithium-Electronic-Digital-Scale/5740778,"lightweight easy to read, and exactly what I needed"
BathroomScales,Walmart #  001154742,Taylor Precision Products 73294072 Silver Platform L  ...,https://www.walmart.com/ip/Taylor-Precision-Products-73294072-Silver-Platform-Lithium-Electronic-Digital-Scale/5740778,The digital print out is big and I can read it standing on the scale!
BathroomScales,Walmart #  550191748,"Conair Weight Watchers Compact Scale, 10""x11"", Chrom  ...",https://www.walmart.com/ip/Conair-Weight-Watchers-Compact-Scale-10-x11-Chrome/19500934,"It is small, somewhat difficult when feet are large.  The figures do not light up, and they do not remain visible fore very long."
BathroomScales,Walmart #  550191748,"Conair Weight Watchers Compact Scale, 10""x11"", Chrom  ...",https://www.walmart.com/ip/Conair-Weight-Watchers-Compact-Scale-10-x11-Chrome/19500934,"the pick up station was very prompt.  I had not been able to find this model 
scale anywhere else.  I am very pleased with my purchase."
BathroomScales,Walmart #  550191748,"Conair Weight Watchers Compact Scale, 10""x11"", Chrom  ...",https://www.walmart.com/ip/Conair-Weight-Watchers-Compact-Scale-10-x11-Chrome/19500934,i like it but thought it would be a little bigger platform to stand on.also where the batterie compartment is the cap is very difficult to open!!
BathroomScales,Walmart #  550191748,"Conair Weight Watchers Compact Scale, 10""x11"", Chrom  ...",https://www.walmart.com/ip/Conair-Weight-Watchers-Compact-Scale-10-x11-Chrome/19500934,"First, I would not have bought it had I noticed it only weighed in half lb increments.  Second, it varies from 1-2.5 lbs in accuracy.  Third, it's very small, my feet barely fit on it.  I would have returned it had I not thrown the packaging away..   Sorry I purchased it."
BathroomScales,Walmart #  550191748,"Conair Weight Watchers Compact Scale, 10""x11"", Chrom  ...",https://www.walmart.com/ip/Conair-Weight-Watchers-Compact-Scale-10-x11-Chrome/19500934,I followed directions but couldn't make it work. The 124.5 never disappeared.
BathroomScales,Walmart #  551425324,Omron Body Composition Monitor with Scale - 7 Fitnes  ...,https://www.walmart.com/ip/Omron-Body-Composition-Monitor-with-Scale-7-Fitness-Indicators-90-Day-Memory/15604612,"i have two clinics , each one had that professional scale for more than 2 years , i never complain from any of them along all the past periode till now . really i love them more than any other equipments in my beloved clinics . really you are so good omron . thank you [This review was collected as part of a promotion.]"
BathroomScales,Walmart #  551425324,Omron Body Composition Monitor with Scale - 7 Fitnes  ...,https://www.walmart.com/ip/Omron-Body-Composition-Monitor-with-Scale-7-Fitness-Indicators-90-Day-Memory/15604612,"The scale is pretty easy to program - the instructions are written for the beginners. It was great to measure all the things like BMI, body fat and even the age of your body (compare it to your biological age). I definitely would recommend the scale!"
BathroomScales,Walmart #  551425324,Omron Body Composition Monitor with Scale - 7 Fitnes  ...,https://www.walmart.com/ip/Omron-Body-Composition-Monitor-with-Scale-7-Fitness-Indicators-90-Day-Memory/15604612,"Amazing product, works perfect to fulfill my need. I use it for personal life and work. It is a must have in anybody home to keep track of our well-being."
BathroomScales,Walmart #  551425324,Omron Body Composition Monitor with Scale - 7 Fitnes  ...,https://www.walmart.com/ip/Omron-Body-Composition-Monitor-with-Scale-7-Fitness-Indicators-90-Day-Memory/15604612,"Although many websites state that the body fat calculations are largely inaccurate on ALL home scales, I do find the Omron HBF-516 to be consistent in measuring and showing body fat change (which is mostly what I am trying to do from home). Additionally, the scale is very accurate and that is most important to me as I travel my weightless journey. I love how easy it is to use all of the features and store both my info and my husband's neatly. The added bonus of storing many months of data, allowing for a comprehensive review of the process, is pretty awesome. My only suggestion would be to allow bluetooth connectivity to apps so I don't have to enter the data into my fitness trackers. Overall, great product and highly recommend. [This review was collected as part of a promotion.]"
BathroomScales,Walmart #  551425324,Omron Body Composition Monitor with Scale - 7 Fitnes  ...,https://www.walmart.com/ip/Omron-Body-Composition-Monitor-with-Scale-7-Fitness-Indicators-90-Day-Memory/15604612,"After finishing a medically supervised weightloss program my husband needed a way to track the same body composition indicators that the doctor used. This was the first one we found that did that and was under $100.  The unit is very accurate, we bought it a month before my husbands program ended and checked the stats against the doctors, they were spot on every time.

Also very easy to set up for multiple people or a guest, stores stats in memory, and is quick and super easy to use."
BathroomScales,Walmart #  553131243,Salter 916 Professional Large Dial Mechanical Bath S  ...,https://www.walmart.com/ip/Salter-916-Professional-Large-Dial-Mechanical-Bath-Scale/39461234,"The scale is ample in size which makes it easy to stand on. Unlike an digital scale, the analog scale produces a reading immediately instead of having to wait for a digital readout. The face of the scale is big with major markings every 10 pounds and minor markings every pound which allows for precise measurement. The construction of the scale is very rugged yet its good-looking appearance complements our bathroom. Great product!"
BathroomScales,Walmart #  553131243,Salter 916 Professional Large Dial Mechanical Bath S  ...,https://www.walmart.com/ip/Salter-916-Professional-Large-Dial-Mechanical-Bath-Scale/39461234,"not very happy with these scales.was looking for a high end bathroom scale to replace a digital unit we have had for yrs.besides being hard to read we had to zero the scale at 8 lbs before zero to make them read the correct weight.the adjusting dial is in a position where it can be moved with your toe accidentally,not happy with a scale that is acceptable to the manufacturer at 8 lbs off.these are not a store item and had to be ordered or I would def return them.shipping was slow as well took almost 2 weeks to arrive."
BathroomScales,Walmart #  553131243,Salter 916 Professional Large Dial Mechanical Bath S  ...,https://www.walmart.com/ip/Salter-916-Professional-Large-Dial-Mechanical-Bath-Scale/39461234,"I have had this scale for two weeks. I followed directions to set weight, but every time you step on it the weight is different. It will not set to 0, and when you step on it and step off it never goes back to 0, sometimes it stays on the weight (the wrong weight)! Never saw a manual scale you had to calibrate. Very dissatisfied."
BathroomScales,Walmart #  553131243,Salter 916 Professional Large Dial Mechanical Bath S  ...,https://www.walmart.com/ip/Salter-916-Professional-Large-Dial-Mechanical-Bath-Scale/39461234,When it arrived it was broken. Had to return to store and get a refund... load said money back on a Walmart card and reorder.....
BathroomScales,Walmart #  553131243,Salter 916 Professional Large Dial Mechanical Bath S  ...,https://www.walmart.com/ip/Salter-916-Professional-Large-Dial-Mechanical-Bath-Scale/39461234,Scale reads ten pounds more than doctors office
BathroomScales,Walmart #  571870492,BalanceFrom Digital Body Weight Bathroom Scale with   ...,https://www.walmart.com/ip/BalanceFrom-Digital-Body-Weight-Bathroom-Scale-with-Step-On-Technology-and-Backlight-Display-400-Pounds-Silver/249198048,"Nice sleek design, lights up with a blue light so you can see the numbers and has 3 units of measurement,  pounds, kilograms,"
BathroomScales,Walmart #  571870492,BalanceFrom Digital Body Weight Bathroom Scale with   ...,https://www.walmart.com/ip/BalanceFrom-Digital-Body-Weight-Bathroom-Scale-with-Step-On-Technology-and-Backlight-Display-400-Pounds-Silver/249198048,"I purchased this scale about a month ago. It is very acerate, at first I thought it was wrong until I went to the dr and everything was spot on. I will say purchase a set of batteries because the ones that came with it were dead lol"
BathroomScales,Walmart #  571870492,BalanceFrom Digital Body Weight Bathroom Scale with   ...,https://www.walmart.com/ip/BalanceFrom-Digital-Body-Weight-Bathroom-Scale-with-Step-On-Technology-and-Backlight-Display-400-Pounds-Silver/249198048,Wait more than a week to receive this and it is defective. Don't waiste your time.
BathroomScales,Walmart #  571870492,BalanceFrom Digital Body Weight Bathroom Scale with   ...,https://www.walmart.com/ip/BalanceFrom-Digital-Body-Weight-Bathroom-Scale-with-Step-On-Technology-and-Backlight-Display-400-Pounds-Silver/249198048,"Got this item about a week ago. The batteries that came in it works and so far are still working! I'm glad the default is set to lbs because the one thing I couldn't figure out is where the switch is to change it (to kilometers for example). It's working great and easy to use. Display is nice with blue back light. Easy to see.  
It is also very stable and low to ground for my 84 y/o mom to get on.
My ONLY complaint is that where it works great for my son, and my mom (who has lost a little weight), I seem to continue to GAIN each time I get on them... hmmm... surely something must be amiss!  LOL"
BathroomScales,Walmart #  571870492,BalanceFrom Digital Body Weight Bathroom Scale with   ...,https://www.walmart.com/ip/BalanceFrom-Digital-Body-Weight-Bathroom-Scale-with-Step-On-Technology-and-Backlight-Display-400-Pounds-Silver/249198048,"The price is why I bought it, but after opening my new life style, I was pleasantly surprised to get a lovely silver, sleek, modern looking scale with a 2 year warranty. Oh, did I mention it works perfectly."
BathroomScales,Walmart #  001107249,Taylor Lithium Digital Thin Profile Bath Scale Model  ...,https://www.walmart.com/ip/Taylor-Lithium-Digital-Thin-Profile-Bath-Scale-Model-7340/11089590,"Had one exactly like this before...stopped working..it had a limited life time warranty..but the cost to ship it back wasnt worth it..my wife ordered another one online...little did i know she ordered the same model..only difference is that this one doesnt have a lifetime warranty...i think it they know they only will last few years..
Overall it's an accurate scale...but not a long lasting one...their warranty went from lifetime to a few years..."
BathroomScales,Walmart #  001107249,Taylor Lithium Digital Thin Profile Bath Scale Model  ...,https://www.walmart.com/ip/Taylor-Lithium-Digital-Thin-Profile-Bath-Scale-Model-7340/11089590,"When I first used this scale and stepped on it for 4 times and got the same weight; I said ""YES"", I've finally found a true scale!! I really love when it reaches your weight, it flashes!! This scale works perfect with my weight loss program as I use it to weigh in each week."
BathroomScales,Walmart #  001107249,Taylor Lithium Digital Thin Profile Bath Scale Model  ...,https://www.walmart.com/ip/Taylor-Lithium-Digital-Thin-Profile-Bath-Scale-Model-7340/11089590,"I love that you don't need to wait on the scale to calibrate every time before each use. It is quick, easy and extra lightweight with a large display. I highly recommend this bath scale."
BathroomScales,Walmart #  001107249,Taylor Lithium Digital Thin Profile Bath Scale Model  ...,https://www.walmart.com/ip/Taylor-Lithium-Digital-Thin-Profile-Bath-Scale-Model-7340/11089590,"I did the maths, saw that since most of the customers have given it a good review and the price is nice, I'll buy it. But it showed me five different times during a single period of 24 hours, unless I gained 10 pound in 24 hours!"
BathroomScales,Walmart #  001107249,Taylor Lithium Digital Thin Profile Bath Scale Model  ...,https://www.walmart.com/ip/Taylor-Lithium-Digital-Thin-Profile-Bath-Scale-Model-7340/11089590,"We needed a scale to be able to weigh a larger person. This scale is nice looking. It has a larger deck for a larger person to stand comfortably and read the display. It's a great price, as well."
BathroomScales,Walmart #  001107242,Taylor 740541032 Digital Scale,https://www.walmart.com/ip/Taylor-740541032-Digital-Scale/11089589,"I specifically purchased this scale for a fitness challenge I was doing. It worked great for the first three weeks; then when it came time to do my final weigh in, it won't zero out. There is always .7 lbs on the scale. Ive changed the batteries, Ive done the step on/step off thing numerous times to try to re-calibrate/tare, Ive changed the surface it is sitting on. At this point, that .7 is causing me to lose the challenge. Will be returning it."
BathroomScales,Walmart #  001107242,Taylor 740541032 Digital Scale,https://www.walmart.com/ip/Taylor-740541032-Digital-Scale/11089589,"This scale does not have to be set each time you use it by tapping it and waiting for the zeros. The only time it needs to be reset is if you move it. The weight reading is consistant. The only issue (and this may be an issue with all others, they just don't all say so) is that you must find a place to put it where it doesn't have to be moved each time you are ready to weigh. It holds the weight reading for a few seconds after you step off, it is nice looking and the price was great."
BathroomScales,Walmart #  001107242,Taylor 740541032 Digital Scale,https://www.walmart.com/ip/Taylor-740541032-Digital-Scale/11089589,"Easy to use, very accurate, high quality... If your belly protrudes out to where you can't see your feet you can step off the scale and read your weight before the LED display shuts off... BTW , The best place to put this scale is in the kitchen next to the fridge ... it's not an ugly bathroom scale...Blends right in with the kitchen... It actually looks like some sort of kitchen appliance... I'm here to help... LOL"
BathroomScales,Walmart #  001107242,Taylor 740541032 Digital Scale,https://www.walmart.com/ip/Taylor-740541032-Digital-Scale/11089589,Lightweight. Easy to move and store (handle is part of the design). Easy to read display. Scale is accurate and weighs in increments of tenths of a pound. I bought it to keep track of my senior cats weights as I support them through their health issues. I'm happy I can check my weight now too! Reading previous reviews helped me decide this was the scale I wanted. It was a great purchase; an excellent product at a great price.
BathroomScales,Walmart #  001107242,Taylor 740541032 Digital Scale,https://www.walmart.com/ip/Taylor-740541032-Digital-Scale/11089589,"Easily weighed my 15.5 lb. grandbaby as well as her parents who use the scale daily. The scale is accurate and extremely easy to read the large 2 inch digital numbers.

I have owned a scale like this for several years and my daughter and her family borrowed it frequently after their baby was born and love it. In fact, they said it is addictive as they weigh themselves daily when they first get up. They were delighted to have this scale as a gift for their home, and I was happy to get my borrowed scale back home."
BathroomScales,Walmart #  565633996,Fitbit Aria 2 Wi-Fi Smart Scale,https://www.walmart.com/ip/Fitbit-Aria-2-Wi-Fi-Smart-Scale/915820231,"Bought this about a year and a half ago. Was thrilled when I got it--so sleek and cool and it seemed to do everything. Didn't use it regularly but now am trying to keep up with my weight for medical issues and the thing will not weigh properly. It varies as much as 10 pounds or more within only moments. I looked on the Fitbit forums to see if there was a solution and there are many MANY people complaining of the same issue and there told the same solution--which DOESN'T WORK.  So now, I have a useless piece of tech junk and am now in the market for a plain old reliable scale.  I think before I buy another FitBit anything, instead of just reading the Walmart reviews (which tend to track to more recent buyers), I'll go over to the FitBit forums to see what people who have lived with the item a while are saying."
BathroomScales,Walmart #  565633996,Fitbit Aria 2 Wi-Fi Smart Scale,https://www.walmart.com/ip/Fitbit-Aria-2-Wi-Fi-Smart-Scale/915820231,"The biggest problem of keeping a weighing scale in your room is the hideous looks. Fitbit Aria is very classy and very light to carry. The digital scale does its work well. The display is bright and big, making this is a great scale for the elderly as well

I wrote this review for a contest"
BathroomScales,Walmart #  565633996,Fitbit Aria 2 Wi-Fi Smart Scale,https://www.walmart.com/ip/Fitbit-Aria-2-Wi-Fi-Smart-Scale/915820231,"As someone who used to never check their weight, this smart scale has a lot of features that make knowing my own health metrics very easy and accessible in my home! I like the design and the functionality of the item, as well as the range of features-- including BMI tracking over time. It is not for everyone, but for the fitness enthusiast, this is a convenient addition.

I wrote this review for a contest."
BathroomScales,Walmart #  565633996,Fitbit Aria 2 Wi-Fi Smart Scale,https://www.walmart.com/ip/Fitbit-Aria-2-Wi-Fi-Smart-Scale/915820231,"In addition to a beautiful display, this scale has everything you could ask for! Knowing one's weight means nothing without BMI and body fat percentage, so it's awesome to get that information at your own home rather than just the doctor's office. It's also so awesome that it syncs with my Fitbit, as I can see all sorts of patterns and big-picture trends by tracking my sleep, steps, and overall activity along with my weight and body fat percentage. Such a helpful tool for getting healthy!

I submitted this review for a contest."
BathroomScales,Walmart #  565633996,Fitbit Aria 2 Wi-Fi Smart Scale,https://www.walmart.com/ip/Fitbit-Aria-2-Wi-Fi-Smart-Scale/915820231,l like the high-end design of this scale. It must be a good addition to my bathroom. It's easy to link to fitbit app and pairs with my fitbit smartwatch. I'd love to see my health/weight facts and exercises records get synced in one app. This scale also tracks the body fat.  I have heard people saying that body fact measurements are not very accurate but it always good to see the trends/changes over time instead of looking for the exact percentage number. (I wrote this review for a contest)
BathroomScales,Walmart #  1160542,Health O Meter Baby Toddler Scale (HDC100KD-01),https://www.walmart.com/ip/Health-O-Meter-Baby-Toddler-Scale-HDC100KD-01/2676641,"I searched for a scale that would weigh our 11 newborn puppies. All other scales I looked at started with a minimum of 10 pounds. This one starts at 0. It also has a feature for the wiggly puppies which will hold the weight. I have been using this for two weeks now and it exceeds my expectations. The bed where you put the puppy (baby) is good size. It was very easy to put together, just put the bed onto the scale. Oh, and it also another great feature. I lay a blanket down on the scale and it will zero out the weight of the blanket! Once I am done with the scale I am giving it to my son and daughter in law for my newborn grandson! Once last thing, I ordered this online and the manufacturer had it shipped the next day and I had it within a few days! Not like other things I have ordered online and it takes 7-10 days! Highly recommend this item!"
BathroomScales,Walmart #  1160542,Health O Meter Baby Toddler Scale (HDC100KD-01),https://www.walmart.com/ip/Health-O-Meter-Baby-Toddler-Scale-HDC100KD-01/2676641,"I bought this for my older cat who weighs less than 9 pounds. Some of the other baby scales I looked at had a minimum wieght requirement of 10 pounds so this one was the best option for me. It is totally accurate, as I had the veternarian weigh him on their professional scale and it was identical. It's very easy to use and seems pretty well made for a plastic scale of this price. I have to put a blanket on the scales tray first, but once I do that, it's no problem getting him to go on the scale. It also has a great feature that gives you the average weight if they don't stay still and thats accurate as well. The only reason I gave this 4 stars instead of 5 is because the plastic tray really needs to be lined with a blanket or something to be used but that's an easy fix."
BathroomScales,Walmart #  1160542,Health O Meter Baby Toddler Scale (HDC100KD-01),https://www.walmart.com/ip/Health-O-Meter-Baby-Toddler-Scale-HDC100KD-01/2676641,"I have just started to use this scale to weigh my cat, and so far it seems to be very good.
The display is large and easy to read, the hold feature is good for wiggly kitty, hopefully its accuracy is also good. I bought this one because previous reviewers said it was very accurate compared to their pediatricians' scales."
BathroomScales,Walmart #  1160542,Health O Meter Baby Toddler Scale (HDC100KD-01),https://www.walmart.com/ip/Health-O-Meter-Baby-Toddler-Scale-HDC100KD-01/2676641,"my husband thought we didn't need a scale,but i wanted to keep track of my baby's weight to ensure she's healthy...and it comes with a baby book to keep track of weight and milestones"
BathroomScales,Walmart #  1160542,Health O Meter Baby Toddler Scale (HDC100KD-01),https://www.walmart.com/ip/Health-O-Meter-Baby-Toddler-Scale-HDC100KD-01/2676641,"Easy to use, very sturdy,portable, accurate and I love the fact it turns into a toddler scale. Reminds me of the scales in doctors office, can place a blanket on it and recalibrate back to zero. Excellent investment!!"
BathroomScales,Walmart #  550098154,Health o Meter Professional Dial Scale (145KD-41),https://www.walmart.com/ip/Health-o-Meter-Professional-Dial-Scale-145KD-41/14706446,"This is a $12 or $13 scale on sale for $20 ... and comes with a device (about $8) for measuring your arms, waist, thighs, etc., etc. I thought I would get a real good scale and that the $20 would guarantee it. However, it is shipped with this device for measuring how much fat you have lost on various parts of your body. I preferred a better scale and not this additional item which comes as part of the purchase. My old scale did not always set at 0 ... sometimes a pound or so under, others a pound or two less. I got tired of resetting to 0 every time I weighed myself ... so I purchased what I thought was an excellent scale. This new scale seems to need resetting to 0 everything I weigh myself. So, if you do not mind resetting each time and you can use this measuring device, I guess the $20 is a good price. But for just a decent scale, you can get one for about $7. So, I do not recommend this purchase unless you need the measuring device and are willing to reset the scale to 0 each time you weigh yourself."
BathroomScales,Walmart #  550098154,Health o Meter Professional Dial Scale (145KD-41),https://www.walmart.com/ip/Health-o-Meter-Professional-Dial-Scale-145KD-41/14706446,"Concerns expressed by other reviewers about the pointer not returning to zero when stepping off the scale are unfounded. That results from the good close fit between the platform and the track it rides in. The variation results from the amount of platform weight that the weight sensing mechanism is indicating, which becomes a non issue when standing on the platform. I suggest you set the zero once and forget it. Maybe reset the zero once after the scale is broken in and it consistently reads above zero when not standing on it."
BathroomScales,Walmart #  550098154,Health o Meter Professional Dial Scale (145KD-41),https://www.walmart.com/ip/Health-o-Meter-Professional-Dial-Scale-145KD-41/14706446,"I have tried to set this scale several times since receiving, once it is set to zero and you step on the scale it will not return to zero no matter how many times you balance the scale to zero. In addition - you can step on and off the scale several times in a row and get a different weight reading each time - sometimes up to an 8 lb difference with in a 30 second time frame - will be returning this product ASAP"
BathroomScales,Walmart #  550098154,Health o Meter Professional Dial Scale (145KD-41),https://www.walmart.com/ip/Health-o-Meter-Professional-Dial-Scale-145KD-41/14706446,"I was in the market for a new bathroom scale when I saw the ad. I ordered it right away and was surprised at the low price. the scale was basically ready to use right out of the box, with an easy calibration. My wife is happy with it and that's good enough for me."
BathroomScales,Walmart #  550098154,Health o Meter Professional Dial Scale (145KD-41),https://www.walmart.com/ip/Health-o-Meter-Professional-Dial-Scale-145KD-41/14706446,"My husband is a heavier guy so needed a scale to reach his numbers. This scale is good size for the display and to step on. The only issue as everyone else says it that you have to constantly change the number back to 0lbs. It even does this when my 5yr old, that 40lbs gets on the scale. However I bought this scale in a bundle package for $20 along with a measuring tape. So the deal was great & deff worth it. I would deff NOT pay $30 alone for this scale."
BathroomScales,Walmart #  4046910,Omron HBF-510W body fat scale,https://www.walmart.com/ip/Omron-HBF-510W-body-fat-scale/10893854,"i have two clinics , each one had that professional scale for more than 2 years , i never complain from any of them along all the past periode till now . really i love them more than any other equipments in my beloved clinics . really you are so good omron . thank you [This review was collected as part of a promotion.]"
BathroomScales,Walmart #  4046910,Omron HBF-510W body fat scale,https://www.walmart.com/ip/Omron-HBF-510W-body-fat-scale/10893854,"I bought this for my personal training studio. It is easy to use and although bioimpedence isn't the most accurate measure of body fat, it is a good comparison tool. I like that it is very lightweight, portable and Omron seems to have a good reputation, which this product lives up to."
BathroomScales,Walmart #  4046910,Omron HBF-510W body fat scale,https://www.walmart.com/ip/Omron-HBF-510W-body-fat-scale/10893854,"The only thing I think should be added is body water % reading and it would be perfect for home use. Like all calibrated electronics you can't drop it or jump on it, so keep your kids off it."
BathroomScales,Walmart #  4046910,Omron HBF-510W body fat scale,https://www.walmart.com/ip/Omron-HBF-510W-body-fat-scale/10893854,"Although many websites state that the body fat calculations are largely inaccurate on ALL home scales, I do find the Omron HBF-516 to be consistent in measuring and showing body fat change (which is mostly what I am trying to do from home). Additionally, the scale is very accurate and that is most important to me as I travel my weightless journey. I love how easy it is to use all of the features and store both my info and my husband's neatly. The added bonus of storing many months of data, allowing for a comprehensive review of the process, is pretty awesome. My only suggestion would be to allow bluetooth connectivity to apps so I don't have to enter the data into my fitness trackers. Overall, great product and highly recommend. [This review was collected as part of a promotion.]"
BathroomScales,Walmart #  4046910,Omron HBF-510W body fat scale,https://www.walmart.com/ip/Omron-HBF-510W-body-fat-scale/10893854,"I broke the line in obese class 2 and decided i needed to make a permanent change. After I lost the first 25 pounds I bought the HBF516B and it really motivated me to keep at it. I could see the muscle staying on as the body fat came off, visceral fat at ~14% was a bit scary. 
But: Just when I reached a ""normal"" BMI of 25, the error 4 kept happening due both to >45% muscle and < 5% body fat - despite visceral fat at ~9%. My big goal was to be able to measure losing the visceral fat. The scale took me to ""just normal"" but 3 months after I bought it, lost its ability to help me go farther.
I've lost 75 pounds, losing 10 of them after the ""Err 4"" started. I'd really like to know how much visceral fat is left. (2"" less in the belly losing the last 10, but am I done?) [This review was collected as part of a promotion.]"
BathroomScales,Walmart #  001108117,Salter 914whlkr Infant & Toddler Bath Scale,https://www.walmart.com/ip/Salter-914whlkr-Infant-Toddler-Bath-Scale/11063127,"I bought this scale to weigh puppies once they exceeded my food scale (which happens when they become too lively at 5 weeks).  This scale works well.  I also used for an adult dog and could use the ""hold"" function then.  Scale is a good size and will be easy to store."
BathroomScales,Walmart #  001108117,Salter 914whlkr Infant & Toddler Bath Scale,https://www.walmart.com/ip/Salter-914whlkr-Infant-Toddler-Bath-Scale/11063127,"I bought this to keep ta closer eye on my cat's weight, since she lost weight and the vet was concerned.   I also use if for my dogs, just to keep track of their weight.
It's easy to use."
BathroomScales,Walmart #  001108117,Salter 914whlkr Infant & Toddler Bath Scale,https://www.walmart.com/ip/Salter-914whlkr-Infant-Toddler-Bath-Scale/11063127,"It's perfect to keep track of my cats' weight.  I like the ""hold"" feature because they are so wiggly I can hardly write down their weight immediately and the hold feature allows me to catch it a few seconds later."
BathroomScales,Walmart #  001108117,Salter 914whlkr Infant & Toddler Bath Scale,https://www.walmart.com/ip/Salter-914whlkr-Infant-Toddler-Bath-Scale/11063127,"This was exactly what I was looking for. My daughter was born 7 weeks prematurely and it was important for me to be able to track her weight when she came home. Many infant scales are much more costly, however offer no additional features. This scale weighs to the nearest 1/2 ounce, converts from lb to kg, and also becomes a toddler scale. It's a great product at a low cost."
BathroomScales,Walmart #  001108117,Salter 914whlkr Infant & Toddler Bath Scale,https://www.walmart.com/ip/Salter-914whlkr-Infant-Toddler-Bath-Scale/11063127,"We have been using this scale to monitor our baby's weight, and to estimate the volume of milk ingested while breastfeeding. The scale appears to give repeatable results. The hold feature works well when the baby is squriming quite a bit, but it will vary if the baby is really moving alot. If I want to be as accurate as possible I will weigh him 2-3 times in a row (sometimes there is a 1/2 ounce fluctuation which is acceptable to me). The scale does a pretty good job detecting the baby's gain in ounces following a bottled meal of known volume (within 1/2 ounce)."
BathroomScales,Walmart #  551555310,Taylor Precision Products 70844191m Talking Digital   ...,https://www.walmart.com/ip/Taylor-Precision-Products-70844191m-Talking-Digital-Scale/25490267,I bought this scale for my mother who has macular degeneration and also has CHF. She needed to keep track of her weight everyday but could not see the scale. The talking scale has been great! I love the looks of it and how it doesnt want to move around when my mother steps on it. I would definately recommend this!
BathroomScales,Walmart #  551555310,Taylor Precision Products 70844191m Talking Digital   ...,https://www.walmart.com/ip/Taylor-Precision-Products-70844191m-Talking-Digital-Scale/25490267,"I bought this for my grandmother. She has difficulty seeing. Put the batteries in, set the scale down and step on it and a woman's voice speaks your weight. I just wish her voice was little tiny bit louder. Excellent product and perfect for people with vision problems."
BathroomScales,Walmart #  551555310,Taylor Precision Products 70844191m Talking Digital   ...,https://www.walmart.com/ip/Taylor-Precision-Products-70844191m-Talking-Digital-Scale/25490267,I have only had the talking scale for about a week. So far it works very well. Reads the same weight as another scale that we have in another bathroom. Voice is very clear and the the readout is large enough to read .
BathroomScales,Walmart #  551555310,Taylor Precision Products 70844191m Talking Digital   ...,https://www.walmart.com/ip/Taylor-Precision-Products-70844191m-Talking-Digital-Scale/25490267,"I bought 2 Royal Tel-Weight talking scales and they both suddenly started weighing 20-50 pounds heavy after 2 months. So far (one week) , this Taylor scale is working great!"
BathroomScales,Walmart #  551555310,Taylor Precision Products 70844191m Talking Digital   ...,https://www.walmart.com/ip/Taylor-Precision-Products-70844191m-Talking-Digital-Scale/25490267,I purchased this Scale for my Dad who has macular degeneration and needs to weigh daily for monitoring of his heart.  The voice is hard for him to understand as the person reading the scales has an accent so he usually weighs a couple times just to make sure he understood her right.
BathroomScales,Walmart #  563786396,Conair WW39Y Weight Watchers Digital Glass & Chrome   ...,https://www.walmart.com/ip/Conair-WW39Y-Weight-Watchers-Digital-Glass-Chrome-Scale/5750827,"I bought this a couple of weeks ago. I was really looking for something that would give the info on it that was important to me. Such as weight, BMI, body water and Body fat. But this even has more. It also has bone mass and muscle mass. It also has a blue screen that I really like because it makes it really easy to read. I love my scale and think it is a fair price."
BathroomScales,Walmart #  563786396,Conair WW39Y Weight Watchers Digital Glass & Chrome   ...,https://www.walmart.com/ip/Conair-WW39Y-Weight-Watchers-Digital-Glass-Chrome-Scale/5750827,I have had this scale for about a month. I really like it! It's replacing another glass scale I had for a number of years. The difference in this scale's performance is notable.  It's very accurate and stable.  The weight does not vasulate  even when you try to wiggle it to a lower number! It's well constructed  both in strength and tightness. This is a great scale for the money! No need to pay more! Great buy!
BathroomScales,Walmart #  563786396,Conair WW39Y Weight Watchers Digital Glass & Chrome   ...,https://www.walmart.com/ip/Conair-WW39Y-Weight-Watchers-Digital-Glass-Chrome-Scale/5750827,"I can not comment on the accuracy because I have nothing to check it against.  What I am most interested in is whether my weight is going up or down over time.  Our old weight scale was getting to be inconsistent.  Back to back readings would not repeat.  This scale is very repeatable.  Even if I stand in a different place on the scale, I can get the same reading."
BathroomScales,Walmart #  563786396,Conair WW39Y Weight Watchers Digital Glass & Chrome   ...,https://www.walmart.com/ip/Conair-WW39Y-Weight-Watchers-Digital-Glass-Chrome-Scale/5750827,"This is a great scale, easy to read, lots of great functions.  The only thing I haven't gotten the hang of yet is turning it on.  I never 'tap' it in the right spot.  But, that's a small thing."
BathroomScales,Walmart #  563786396,Conair WW39Y Weight Watchers Digital Glass & Chrome   ...,https://www.walmart.com/ip/Conair-WW39Y-Weight-Watchers-Digital-Glass-Chrome-Scale/5750827,Best scale I've ever had. Can see numbers really good
BathroomScales,Walmart #  001101806,Conair Ww44y Weight Watchers Glass Scale,https://www.walmart.com/ip/Conair-Ww44y-Weight-Watchers-Glass-Scale/10972654,"I really needed a new scale to track my weight loss progross. This scale is so hard to get started. I have to ""tap"" it several times on different spots on the scale to register. After several tries, this gets old. So many WW scales to choice from. Although this scale looks good in your bathroom, pick another model. Would not recommend this one."
BathroomScales,Walmart #  001101806,Conair Ww44y Weight Watchers Glass Scale,https://www.walmart.com/ip/Conair-Ww44y-Weight-Watchers-Glass-Scale/10972654,"This scale is reasonably priced, looks good and is accurate.
The cons are: To start weighing you must tap the scales to start. Sometimes it's difficult to get the scales to recognize the ""tap"". The scale must set on a hard surface. We first put the scales on a rug. The reading on the scales were ridiculous. We then placed the scales on the tile floor and the readings were accurate."
BathroomScales,Walmart #  001101806,Conair Ww44y Weight Watchers Glass Scale,https://www.walmart.com/ip/Conair-Ww44y-Weight-Watchers-Glass-Scale/10972654,The scale has got good classy looks but the reading is awful!!!! I put it on a hard surface like it was described in manual but it gives CRAZY readings every time!!!! For example.... I'll weigh myself in the morning....then will have a glass of juice for breakfast and it will show that I have gained 2 lbs after I drank it!!!!! ????? Its nuts!!!!!
BathroomScales,Walmart #  001101806,Conair Ww44y Weight Watchers Glass Scale,https://www.walmart.com/ip/Conair-Ww44y-Weight-Watchers-Glass-Scale/10972654,"Bought this scale to replace another one by Homedics that did not hold up nearly as well as I had hoped. I can't attest to how long this one will last but so far it reads very true to weight, having tested it with actual weights. The digital display reads very easily and, the chrome and glass look is very stylish for a scale of its price.
My only complaint is that there is no memory of different users and keeping their weight logged in, but that can very easily be over looked if you are keeping a fitness/ health log."
BathroomScales,Walmart #  001101806,Conair Ww44y Weight Watchers Glass Scale,https://www.walmart.com/ip/Conair-Ww44y-Weight-Watchers-Glass-Scale/10972654,This scale is a big disappointment. We can't get an accurate or consistent reading. The scale would not give the same reading or not even close to the same within a few seconds. There would be a three to five pounds fluctuation within one step-on-and-off. We have returned this product to Walmart store for a refund.
BathroomScales,Walmart #  553131235,Taylor 7403 Digital Brushed Stainless Steel Bathroom  ...,https://www.walmart.com/ip/Taylor-7403-Digital-Brushed-Stainless-Steel-Bathroom-Scale/23485728,"Thin profile, large readout window, accuracy. I received two of these same models as a gift. I compared weight readings from both scales side by side and they were within 0.2 of a pound of each other. Of course I returned the one with the higher reading."
BathroomScales,Walmart #  553131235,Taylor 7403 Digital Brushed Stainless Steel Bathroom  ...,https://www.walmart.com/ip/Taylor-7403-Digital-Brushed-Stainless-Steel-Bathroom-Scale/23485728,"I had issues with people breaking scales during my insurance exams. This weighs in ""stones"", kilos and pounds. This is either aluminum or chrome. The only glass is where the weight is read. Aside from that, excellent. It is small and compact, also light weight. Best of all, there is no chance of this scale shattering if dropped."
BathroomScales,Walmart #  553131235,Taylor 7403 Digital Brushed Stainless Steel Bathroom  ...,https://www.walmart.com/ip/Taylor-7403-Digital-Brushed-Stainless-Steel-Bathroom-Scale/23485728,"I followed the directions as to first use and if the scale is moved.  Scale is on a hard linoleum floor, but does not read correctly.  First day it read ok, but ~0.5-1 lb light (130.4).  Days 2-4, I consistently weigh 128.8, regardless of whether I am dressed or undressed, time of day, premeal or post meal.  I may have gotten a bad apple.  Will be taking it back and may try another unit as I like how it looks."
BathroomScales,Walmart #  554509936,"Taylor 9856 White Superbrite 1.3"" Display Scale",https://www.walmart.com/ip/Taylor-9856-White-Superbrite-1-3-Display-Scale/17469380,"I purchased two of these and both work great. Very consistent and dependable. Great looking. Sleek and light weight. Love the bright, easy to read display. 9V Batteries last a long time. Highly recommend. [This review was collected as part of a promotion.]"
BathroomScales,Walmart #  554639621,Super Slim Body Fat/Hydration Monitor Scale,https://www.walmart.com/ip/Super-Slim-Body-Fat-Hydration-Monitor-Scale/48947428,"I had seen one review about the weight being different each time they got on the scale but went with the other positive reviews instead and bought the scale.  In weighing myself I did see that my weight fluctuated between three different numbers.  Yes, it was only during the times where the weight was to be reflected.......not the other options.  Three different numbers is not good enough for me.  I'm having a hard time getting past (lower) a certain number on the scale so what it says reflects what the results are of what I'm eating and my exercise being put forth.  Frustrated, I returned to Walmart who is so wonderful to deal with.  If you're not happy .... just return it.  Its always a win-win with Walmart.  Other than the weight issue it is very pretty."
BathroomScales,Walmart #  554639621,Super Slim Body Fat/Hydration Monitor Scale,https://www.walmart.com/ip/Super-Slim-Body-Fat-Hydration-Monitor-Scale/48947428,"Looks simple, easy to move where ever we need, gives consistent results. Price is reasonable as we paid a lower price during sale. The manual is self explanatory. 
The video https://www.youtube.com/watch?v=HLoLXtuoA5Y explains very clearly on how to use for more advanced features. Its little lengthy but worth watching. We all liked it."
BathroomScales,Walmart #  554639621,Super Slim Body Fat/Hydration Monitor Scale,https://www.walmart.com/ip/Super-Slim-Body-Fat-Hydration-Monitor-Scale/48947428,"This scale is amazing. It is very sleek and thin. It looks great in my bathroom, and works very well. This product is everything that it promised to be."
BathroomScales,Walmart #  554639621,Super Slim Body Fat/Hydration Monitor Scale,https://www.walmart.com/ip/Super-Slim-Body-Fat-Hydration-Monitor-Scale/48947428,"This seems very accurate for the weight, as long as you place on a flat surface.  Takes a few minutes to set up the profiles for family members.  Not sure how accurate body fat is, but seems reasonable."
BathroomScales,Walmart #  554639621,Super Slim Body Fat/Hydration Monitor Scale,https://www.walmart.com/ip/Super-Slim-Body-Fat-Hydration-Monitor-Scale/48947428,I am so happy I shopped online instead of in the store. This scale is a great purchase and I would recommend it to anyone in need of a good scale.
BathroomScales,Walmart #  554509932,Taylor 7413 Textured Stainless Steel Digital Scale,https://www.walmart.com/ip/Taylor-7413-Textured-Stainless-Steel-Digital-Scale/39461235,"Pros:  Very accurate, within .2 lb compared to my Dr's scale.  Consistent readings (wait for the display to blink 3 times while it arrives at a measurement).  Self-calibrates (be sure to let it re-calibrate if moved).  Works well on a semi-hard linoleum floor with a wood substrate.  Teeters on its feet when moved to an uneven surface but seems to self-adjust the feet after stepping on it again and no longer teeters.  Easy to read display.  I like having the stainless skin over glass, adds a level of non-slip confidence compared to glass top models plus it's less prone to scattering bits if the glass underlayer were to break.

Cons:  My only con is the platform is fairly small.  I would have given it 5 stars if it were larger."
BathroomScales,Walmart #  554509932,Taylor 7413 Textured Stainless Steel Digital Scale,https://www.walmart.com/ip/Taylor-7413-Textured-Stainless-Steel-Digital-Scale/39461235,This scale has a mind of its own. I can literally weigh 2 minutes apart and get 2 different readings. I have to use the scales at work because these have never given me the same reading twice.
BathroomScales,Walmart #  554509932,Taylor 7413 Textured Stainless Steel Digital Scale,https://www.walmart.com/ip/Taylor-7413-Textured-Stainless-Steel-Digital-Scale/39461235,"The scale is weighing accurate and does not fluctuate when checking multiple times. My previous scale, not a Taylor, would give different readings each time it was tested."
BathroomScales,Walmart #  554509932,Taylor 7413 Textured Stainless Steel Digital Scale,https://www.walmart.com/ip/Taylor-7413-Textured-Stainless-Steel-Digital-Scale/39461235,I use this weekly since I am doing wieght watchers and haven't had any issues with it. Works well.
BathroomScales,Walmart #  554509932,Taylor 7413 Textured Stainless Steel Digital Scale,https://www.walmart.com/ip/Taylor-7413-Textured-Stainless-Steel-Digital-Scale/39461235,"Works fine, you can use Lbs or Kg modes, nice design."
BathroomScales,Walmart #  565729502,Taylor Digital Bathroom Scale,https://www.walmart.com/ip/Taylor-Digital-Bathroom-Scale/428883780,"I got these scales for my dad who wears size 13 shoes. He says there is ""plenty of room for his big ol' feet"" and he really likes the large, easy-to-read numbers."
