Product Name,Price,Rating,Link,About,Top Comment
Height Adjustable Hand Bed Rail for Home Beds,$35.65 - $62.30,4.7/5.0,https://www.walmart.com/ip/Height-Adjustable-Hand-Bed-Rail-for-Home-Beds/35306101,"The Endurance Hand Bed Rail with Pouch is designed to help users get in and out of bed. Unit includes a securing strap to attach rail to bed frame. Height adjustable at insert point from 17 to 21 inches with a 20-inch wide, non-slip hand grip. Will break down for travel and will fit in most large suitcases. Easy to install between mattress and box spring with tool free assembly. Will fit most beds and extends three feet under mattress with non-slip foam sleeves to keep it in place. Warning: the Endurance Hand Bed Rail is not intended or designed to ensure that the user is confined to bed. If the user is at risk to roll out of bed, a hospital style bed rail should be used. The Endurance Hand Bed Rail is designed to help the user get in and out of bed safely.",My mother said it is a great help getting up out of bed
Stander EZ Adjust Home Bed Rail -Length Adjustable a  ...,$99.00,4.7/5.0,https://www.walmart.com/ip/Stander-EZ-Adjust-Home-Bed-Rail-Length-Adjustable-and-Folding-Rail-Black/6372781,"This Stander EZ Adjust Bed Rail helps prevent falling, making it ideal for hospitals and home bedrooms. It has a unique design, allowing it to extend 26&quot;, 34&quot; and 42&quot; in length after installation for full protection. This rail can also be folded down or pivoted out of the way. It has a safety strap that secures it between the mattress and the frame. Installing the folding bed rail is simple and no tools are required. It fits 12&quot; to 18&quot; mattresses and has a weight capacity of 300 lbs. An organizer pouch is included so you can keep your essential items nearby. The black color matches the look and feel of any room.","The rail was purchased after my mom broke her hip to keep her from rolling off the bed. Due to the fact that it's adjustable, it also works to help remind her (dementia) to stay in bed when she wakes up. It was easy to install.
Unfortunately, the bed is too low to the ground to be able to swing the rail down out of the way to get in and out of bed as it was intended, so it has to stay in the up position all the time. That's the reason this was the only bed rail I could find that works well for her situation. At it's shortest width, she can still easily get into bed. Once she's in it can be lengthened to provide her with the safety she needs. You simply push in a button to lengthen it. There are two buttons to provide customized lengths. The buttons are too difficult for my mom to push (a bonus due to the dementia), but they are easy for the caregivers to use.
The storage caddy also makes an easy place to hang the monitor for the bed alarm. It could also be a great place for glasses and a small book if someone wanted to read in bed."
Medical Supply Bed Rail Handle Adjustable Height Bed  ...,$32.95,4.8/5.0,https://www.walmart.com/ip/Medical-Supply-Bed-Rail-Handle-Adjustable-Height-Bed-Assist-Bar-Grab-Bar-Safety-Hand-Rail-with-Safety-Strap/281381127?wpa_bd=&wpa_pg_seller_id=F746B1E5AC54495DBD321A325A96265E&wpa_ref_id=1f4e1e8e9e0988ca8b83bf5f3d6eebdb&wpa_aux_info=__aux_info__&wpa_tag=&wpa_pos=3&wpa_plmt=__plmt__&wpa_aduid=__aduid__,"<b>Features:</b> <br /> <br />- Offers stability for those who need extra help getting in and out of bed <br />- Helps with changing positions while in bed <br />- 4-level height adjustment - fits most beds <br />- Comfortable non-slip hand grip <br />- Includes a securing strap to attach the rail to bed frame <br />- Supports up to 300lbs <br /> <br /> <b>Specification:</b> <br /> <br />- Overall Dimension: 36-1/5&quot;L x 20&quot;W x 21-7/10&quot;H (L92cm x W51cm x H55cm) <br />- Height Adjustment: 17-7/10&quot; to 21-7/10&quot; (45cm to 55cm) <br />- Strap Length: 131&quot; (333cm) <br />- Weight: 5Lbs (2.3kg) <br />- Material: Steel <br /> <br /> <b>Package Content:</b> <br /> <br />- 1 set of Bed Assist Handle <br />- 1x Strap <br />- 1x Manual <br /> <br /> <b>Notice: </b> <br /> <br />- The bed assist handle is not designed for the user who is confined to bed. If the user is at risk to roll out of bed, a hospital style bed rail should be needed.",This works very well for me. I have a hard time getting in and out of bed due to pain and stiffness in my back. This rail enables me to get situated in bed comfortably at night and to roll onto my side so I can ease out of bed in the morning. It also gives me something to hold onto after getting out of bed until I can grab my cane. Fits between box springs and mattress securely (haven't needed to use strap). Very good value compared to other sites.
Mainstays Multi-Use Bed Wedge Foam Pillow,$19.96,4.3/5.0,https://www.walmart.com/ip/Mainstays-Multi-Use-Bed-Wedge-Foam-Pillow/191267219,"Improve your comfort with this Mainstays Multi-Use Bed Wedge Foam Pillow. Its ergonomic shape provides proper alignment and an incline while you sleep. This sleeping wedge pillow also provides support for reading, working or watching TV in bed. You can also place it under your legs to elevate them and give them a rest. This pillow is made of 100 percent polyester, and it has a soft, zippered cover that is machine washable for easy care. Its innovative design helps prevent strain throughout your body.",The mainstays bed wedge pillow has the support I need after having hernia surgery. It helps me not put too much pressure on my stomach area while sitting up.
DMI Wedge Bed Pillow for Acid Reflux and Sleep Apnea  ...,$32.00,3.9/5.0,https://www.walmart.com/ip/DMI-Wedge-Bed-Pillow-Acid-Reflux-Sleep-Apnea-Anti-Snore-Foam-Mattress-Wedge-Pillow-Incline-Pillow-Leg-Rest-Back-Support-Blue-10-x-24-x-24/32427505,"DMI Foam Bed Wedge Leg Rest Back Support Pillow <br />This best-selling slanted foam bed wedge is ideal for head, foot or leg elevation. Use it at the head of the bed to help relieve the symptoms of acid reflux, respiratory problems or neck and shoulder pain. Or at the foot of the bed to help relieve knee, leg or back pain. Or just prop yourself up in bed while reading, watching TV or working on your tablet. It comes with a removable blue zippered cover that's machine washable.","Foam is hard, and the incline is awkward.   I tried using this pillow, after foot/ankle surgery.   I  was not able to find a comfortable position while sleeping or sitting; foam is too stiff."
"Equate Bedside Rail, Black",$27.64,4.6/5.0,https://www.walmart.com/ip/Equate-Bedside-Rail-Black/14179103,"<p>Simple daily activities like getting in and out of your bed can become difficult with old age or after an injury. Equate Bedside Rail helps you eases your movement in and out of bed with safety and security. It can be assembled without tools, and height adjusted by inch increments from 32&quot; to 44&quot;. It accommodates most twin, queen or king sized beds. Designed to provide maximum balance and stability, the sturdy frame can support weights of up to 300 lbs. It has a foam grip for comfortable gripping, and a strap for securing it to the bedframe. The skid-resistant rubber tips on legs provide additional traction. Experience ease and comfort in your daily life with Equate Bedside Rail.</p> <p>Making the right health decisions can be challenging. With a complete range of products and simple solutions, Equate allows you to take care of your family with confidence.</p> <br />","I loved my new Equate Bedside Rail, it made getting out of bed so much easier. I usually struggle with using a cane to get up which does not work very well. This helps me stand faster, easier and more securely.  It is strong and stays in place. It was very easy to set up and use. I never feel unsteady or like I am going to fall when I use this like I do with my cane.. Over all it is very well made and makes my life so much easier."
Drive Medical Plastic Transfer Board,$14.99,4.2/5.0,https://www.walmart.com/ip/Drive-Medical-Plastic-Transfer-Board/19616136,The Plastic Transfer Board by Drive Medical provides a very lightweight solution of transferring someone from one place to a wheelchair or vice versa. Whether it be from a bed or another seat to a wheelchair the transfer board is designed to allow the user to slide from one place to another. The Plastic Transfer Board is made of a durable plastic designed to hold a weight of up to 250 pounds while being lighter in weight to the wooden counterparts. The Plastic Transfer Board is a must for anyone who is constantly transferring from one place to another and wants a lightweight board.,Long enough to reach bed and wheelchair without sliding off. Sturdy construction. Good sliding surface. I don't see any reason to buy the more expensive boards.
Carex Overbed Table with Large Surface - Flat Rollin  ...,$96.57,4.5/5.0,https://www.walmart.com/ip/Carex-Overbed-Table-with-Large-Surface-Flat-Rolling-Bed-Table-with-Adjustable-Height-Over-The-Bed-Table-For-Home-Use/6537518,"The Carex Large Surface Overbed Table is designed to provide maximum comfort, especially during your convalescence. It isideal for eating, reading, or writing when you are confined to a bed, chair or wheel chair. This overbed table has a large flat surface to hold your breakfast tray, laptop and more. It has a flexible height adjustment handle and can accommodate left- to right-hand use. The ABS plastic table top ensures durability for extended usage. It has a polypropylene base and comes with four swivel casters for smooth mobility. With its C-shaped base, it has easy access to bed side lockers and wheelchairs. This sturdy overbed table is easy to assemble and is lightweight.","I was surprised that I received my Over The Bed Table the next day after ordering it, that's what you call fast shipping. It was exactly what I wanted. Easy to assemble within 15 minutes and I'm 65. Its sturdy and it goes on either side of my bed and I do have a high bed. This is a good size table which I place my laptop on with room enough to write. Has a large cup holder and a place for me to set my pencil or pen without it rolling off the table and there still room for my phone. It has a handle on the side of the table at your finger tips that raises the table up or down while your in bed or sitting in your chair. Everything I need is at my finger tips. My daughter-in-law liked mine so much she bought one for herself. I highly recommend this table if your looking for an Over The Bed Table."
Full Electric Home Care Bed Package,$865.00,3.5/5.0,https://www.walmart.com/ip/Full-Electric-Home-Care-Bed-Package/178235225,"This Full Electric Homecare Bed Package includes the full electric bed, innerspring mattress and half rails. This bed is very popular with patients converting from a hospital bed package to a home care bed package. This full electric bed includes hand pendant control to move the head, feet and height independent of one another. The new IVC bed components such as the Universal Bed End, headspring and foot spring are interchangeable with the existing Invacare beds, so you can now upgrade your supplies with these enhancements. Users and caregivers can easily adjust body position and bed height with the intuitive hand pendant. Maintenance is easy with color-coded junction box connections. These new features of this medical bed are designed to be easier to deliver, set up, clean and maintain for convenience and ease of use. It has a weight capacity of 350 lbs, so it's suitable for a wide variety of users.","What a great bed for the cost.  Nothing cheap or chintzy about it. Works just like a hospital bed, as described. Durable and well constructed.  Would definitely buy again if needed to."
Drive Medical Non Tilt Top Overbed Table,$47.42 - $51.63,4.2/5.0,https://www.walmart.com/ip/Drive-Medical-Non-Tilt-Top-Overbed-Table/15935794,"Enormous Value, Dependability and Quality The Non-Tilt Over bed Table from Drive Medical represents everything you want in a traditional and sturdy mobile bed table.You'll fully appreciate the enormous support and utility this table offers you, because being bedridden no longer needs to be an unfortunate situation that incapacitates, or prevents you from carrying out business or meaningful personal activities that add a measure of independence and achievement to your daily life.The table rises and lowers easily, requiring the slightest of upward pressure, making it user friendly for all ages and needs. The swivel casters make it extremely lightweight and comfortable to move from one position, or room to the next.The laminated surface is textured, making it difficult for items to slide off your table, and once your desired height is reached, the table top locks firmly and safely into place. If you seek stability, safety and value, the traditionally designed Non-Tilt Over bed Table from Drive Medical is the ideal solution you've been searching for. Go ahead...Experience the Drive Difference Now!",This table was really easy to assemble an easy to use. It has pretty good quality materials and it is very easy to clean. It is easy to adjust from chair to bed height.
"DMI Wooden Slide Transfer Board, 440 lb Capacity Hea  ...",$24.27,4.9/5.0,https://www.walmart.com/ip/DMI-Wooden-Slide-Transfer-Board-440-lb-Capacity-Heavy-Duty-Slide-Boards-for-Transfers-of-Seniors-and-Handicap-30-x-8-x-1-2-Cut-Out-Handles/32427492,"This DMI Deluxe Wood Transfer Board with Cut-Outs is a convenient method for safely transferring patients. It's made of 0.75&quot; wood that's sealed and coated to protect it against environmental factors. Two cut-outs make the transfer board wheelchair to toilet easy to grip and carry. It's 30&quot; x 8&quot; in size and supports patients up to 440 lbs. This DMI transfer board is a useful mobility aid to help patients maintain more of their independence. The top layer coating on the wood reduces friction to allow for easier and freer movement off of the unit. This wheelchair transfer board is ideal for both private homes and for use in institutions. This product is compact enough to hold on your lap while you wheel around, or to pack away in your luggage. This unisex product is suitable for use by both male and female patients.",Best price for great quality board
Medline Tool-Free Bed Assist Bar with storage bag,$29.75,4.7/5.0,https://www.walmart.com/ip/Medline-Tool-Free-Bed-Assist-Bar-with-storage-bag/21782273,The Medline Bed Assist Bar features a soft grip for comfort and full length legs and straps for added safety. It's designed to provide help for getting in and out of bed. This Medline assist bar is easy to install without the need for tools. The simple push-button adjustment lets you slide the legs and soft grip handle up and down to provide a custom fit.,"I have always needed help getting in and out of bed after I became permanently disabled after my strokes however I have never found anything to help me get in and out of bed until now. This Medline bed assist bar is really super helpful in more ways than one.
I can pull my wheelchair up to the bed and instead of using my one good leg to make a leap for the bed I can now grab hold of the handle of the bed assist bar and swing to the bed. LOL it sounds funny but it's bad when you only have one semi good leg and 1 semi good arm, so you do what you have to do. Anyway I canhold on to it when I lay down and it is super helpful when I want to sit up. There is also a magazine/paper holder on the side so if I don't want to get out of bed for a book or whatever since it's so hard I just have to reach around to get it.
It says in the directions that it's not for keeping people in bed from rolling out however I roll out and it has kept me in and I weigh 175 so that really is another good point.
It is a light brown and very light weight, there is 1 piece goes all the way under the mattress up to a queen size and then there is a strap to further secure it so it's not going anywhere and neither are you.
This is a quality product."
Able Life Bedside Mighty Rail,$39.00,4.7/5.0,https://www.walmart.com/ip/Able-Life-Bedside-Mighty-Rail/15751849,"The Able Life Bedside Mighty Rail is among the smallest, most economical bed rails on the market. Made of aircraft-grade, hardened anodized aluminum, it weighs less than 2 lbs and can support over 300 lbs. The full-size cushion handle allows for comfortable transfer in and out of bed. It also includes a 4-pocket organizer pouch to keep items handy. The Able Life bed rail can be installed on almost any home or hospital bed to enables those with injury or illness to lift themselves out of bed. This rail is collapsible and can fit into spaces as small as a carry-on suitcase, making it easy to travel with. The Able Life Bedside Mighty Rail is easy to install. Simply snap it together for a convenient assembly that doesn't require any tools.","My 89 year old father was nervous about falling out of his bed during the night (he would stack pillows on both sides of him!) Have been searching for small, lightweight bedside rails for him --definitely did not want them to be full bed-length or look like children's rails. These have been PERFECT for his needs!"
Silver Spring Adjustable Essential Overbed Table,$39.99,4.0/5.0,https://www.walmart.com/ip/Silver-Spring-Adjustable-Essential-Overbed-Table/356413263,"Remain comfortable in bed with the Silver Spring Adjustable Essential Overbed Table. It provides a beneficial solution for people with limited mobility who are unable to get out of bed for meals or who need access to a hard surface. This adjustable overbed table features a non-corrosive, heavy-duty steel frame for extended use with an attached table top made of a high-density board with a brown finish. The revolving H design slides easily under the bed. It also features an adjustable height that can accommodate beds of all sizes and a tilt feature that lets you raise and lower and slant forward or down to accommodate your personal needs. Plus, it has locking caster wheels that keep it secure. The Silver Spring Adjustable Essential Overbed Table has a laminate top that's easy to clean and use. It's ideal for meals, writing or reading as well as for keeping drinks, medications, phones and other necessities within reach.",Adjusts up and down and also the tray tilts. Nice quality. Works as intended.
Drive Medical Med Aire Alternating Pressure Pump and  ...,$51.00 - $52.66,3.9/5.0,https://www.walmart.com/ip/Drive-Medical-Med-Aire-Alternating-Pressure-Pump-and-Pad-System-Variable-Pressure/14692322,"The Med Aire Alternating Pressure Pump and Pad System with Low Air Loss by Drive Medical provides alternating pressure and is designed to be used in the prevention, treatment and management of Pressure Ulcers. The bubble pad provides superior therapeutic treatment alternating which of the 130 individual bubble cells are inflated or deflated every 5 minutes, never placing too much pressure on any affected area. The variable pressure, 4 LPM (liters per minute) pump produces a consistent air flow, adjustable pressure, and it's quiet technology alternately inflates and deflates the pads air cells.","Very satisfied with the alternating pressure pump and pad. However the pad does not match the online photo, but I'm happy it didn't. The pad received does not contain the extra ends to tuck underneath the mattress. This system is helping to heal a pressure sore, I can really tell the difference since we started using it. Tip the pad is longer than the bed when it's not inflated, but once inflated it meets specification. I like the on/off switch and the variable pressure knob(firm/soft). Normally run the pump on soft, there is some noise from the pump, but it's doesn't keep us awake. If you are use to sleeping with a fan running you won't have a problem with the sounds. The hooks on the pump make it easy to hang on the bed head board, the instructions indicate to hang on the foot of the bed, which would put the noise at the feet instead of your head (our bed did not have a footboard). Also I put on it on the front side of a full bed and it's working well."
Able Life Bedside Extend-A-Rail - Adjustable Length   ...,$79.00,4.5/5.0,https://www.walmart.com/ip/Able-Life-Bedside-Extend-A-Rail-Adjustable-Length-Adult-Home-Bed-Rail-and-Stand-Support-Handle-Included-Safety-Strap/39992211,"The Able Life Bedside Extend-A-Rail provides safety and support for you or your loved one while in bed or when getting out of bed. It easily extends from 20&quot; to 30&quot; in length to help prevent falls and possible injury. The Able Life bed rail secures to the frame with the included safety strap for added stability and is made to work on either side, making it adaptable for any bedroom setup. The device supports up to 300 lbs and fits 8&quot; to 16&quot; deep mattresses, allowing it be to be used with the bedding you currently have. In addition, it has the added safety feature of being suitable for standing assistance when not extended. It's easy to install and comes with everything you need to set it up.",Extremely happy with this purchase. Bought for my dad who had fallen out of the bed 5-6 times this year. Super easy to assemble and the long straps goes all the way to the other side so you can anchor for additional support. Easy to use and my dad is also pleased with this item. I definitely recommend it.
Deluxe Hand Bed Rail with Floor Support,$39.02 - $67.36,5.0/5.0,https://www.walmart.com/ip/Deluxe-Hand-Bed-Rail-with-Floor-Support/35391467,"The Endurance Hand Bed Rail with Floor Supports and Pouch is designed to help users get in and out of bed. The handle and floor supports are fully adjustable and can support users up to 300 lbs. Easy to install between mattress and box spring. Includes securing strap and non-slip sleeves that extend up to 43 inches under the mattress. Fits nearly all bed sizes. Warning: the Endurance Hand Bed Rail is not intended or designed to ensure that the user is confined to bed. If the user is at risk to roll out of bed, a hospital style bed rail should be used. The Endurance Hand Bed Rail is designed to help the user get in and out of bed safely.",Works good and solid support for person to pull them self in and out the bed . Even though the directions were not That hard to understand it took a while to assembly and measure out height for bed rail
Stander CarCaddie - Adjustable Vehicle Support Handl  ...,$12.99,4.8/5.0,https://www.walmart.com/ip/Stander-CarCaddie-Adjustable-Vehicle-Support-Handle/6372788,"Get the stability you need by using this Stander Carcaddie Adjustable Vehicle Support Handle. This product makes it easier to get in and out of your vehicle. The Stander handle can be used in a car, van or truck. It is an excellent tool for people with limited mobility. The car handle has a simple yet effective design that makes it easy to install. Simply roll down your window and put the end of the unit's strap around the top of the window frame. Then snap the buckle in place, adjust the handle height and roll up the window. Because it is not permanently installed and has an adjustable strap, you can carry it with you to use in other vehicles. Now you will not struggle no matter whose car you are riding in. This item is made of durable nylon. The cushion grip provides a comfortable gripping surface. The buckle has an ergonomic design, making it easy to open and close.",Just what I was looking for in my Acadia. I like to be able to hold onto it while riding. I bought 2 so there is one for the driver side also. Glad that it doesn't interfere with the automatic windows going up and down. During a recent rain it did not drip inside the vehicle.
"Carex Easy-Up Bed Rails For Elderly, Adult Bed Hand   ...",$59.99,4.3/5.0,https://www.walmart.com/ip/Carex-Easy-Up-Bed-Rails-For-Elderly-Adult-Bed-Hand-Rails-Safety-Rails-For-Seniors/14673411,"The Carex Easy-Up Bed Rail Support bar helps make it easy for you to get in and out of bed despite mobility issues. It stays in place once you're lying down in order to keep you from rolling off the bed in your sleep. This Carex bed rail has padding to make it easier to grip for both security and comfort. It makes a practical choice for those with limited mobility due to age or a recent injury. This health care product is convenient for patients in the hospital or at home and is easy to use. The release on this bed safety rail takes only one step to activate, so a caregiver can quickly raise or lower it when needed. It comes unassembled, but putting it together is fast and easy and requires no additional tools. This unit can hold up to 300 lbs at a time to provide safe and sturdy support. It's designed to fit virtually any bed so you can use it with an existing bedroom setup.","My mother in law is suffering from Alzheimer's disease and gets out of bed, yes, then falls.  She is getting worse every day so we purchased this bed rail to help avoid her falling and breaking her neck or bones.  It has been a great deterrent and now we do not have to worry whether or not she is able to get up, she cannot.
She has a king size bed, and both rails compliment each other. One rail is permanent which is up by her head, and the other has a strap you pull to let the rail down so as to let her out of bed.
We are grateful for this bed rail and recommend it to anyone who is remotely looking to purchase it."
Drive Medical Air Mattress Overlay Support Surface,$26.05,5.0/5.0,https://www.walmart.com/ip/Drive-Medical-Air-Mattress-Overlay-Support-Surface/17351566,"The Air Mattress Overlay Support Surface by Drive Medical's unique construction allows for efficient air flow throughout the mattress for use in the treatment and prevention of pressure ulcers. The air flow holes in the mattress, reduce heat and fluid build up, ensuring that the affected areas remain well ventilated and dry for proper healing. The adjustable bed straps prevent the mattress from moving and ensuring user safety and comfort.","The first time I blew it up, it went flat by the next day. It was my fault. Probably didn't read the directions thoroughly. Make sure you only take the small cap off, and there's a ""bladder"" type valve you blow into. If the air comes out before you get the cap on you are filling it incorrectly (like I did). 

If you need to let air out, as I did, take a small object (unsharpened pencil or the like) and GENTLY push the bladder down for a second. If you need to empty it, undo 2nd ring.

Very sturdy, well made product. I sleep on it nightly."
DMI Ortho Bed Wedge Elevating Leg Rest Cushion Pillo  ...,$28.00,4.1/5.0,https://www.walmart.com/ip/DMI-Ortho-Bed-Wedge-Elevating-Leg-Rest-Cushion-Pillow-8-x-20-x-24-Blue/7079356,"DMI Ortho Bed Wedge Leg Rest Cushion Pillow <br />If you suffer from back pain, knee pain, varicose veins, phlebitis or restless legs, this cushion could help you achieve a more comfortable night's rest. Keeping your legs elevated at night can help to take pressure off your lower back, legs and knees. This supportive foam pillow will help elevate your legs at the proper angle so you won't have to resort to using pillows not designed for this purpose. Set the cushion at the foot of the bed and rest your legs on it. The bed wedge includes a removable blue poly/cotton which is machine washable. 8&quot; x 20&quot; x 24&quot;.","Product is excellent, the only issue is that, who ever take control of the quality control is not inspecting the product before they go out, in my case my items had like a Orange spot on the foam and covers looks like stain of someting spill on both items, other than that the product is excellent."
Stander BedCane – Height Adjustable Home Assist Bed   ...,$69.00,4.7/5.0,https://www.walmart.com/ip/Stander-BedCane-Height-Adjustable-Home-Assist-Bed-Rail-Support-Handle/6372782,"The Stander BedCane Home Assist Height Adjustable Bed Rail and Support Handle attaches to most home, hospital and adjustable beds. It is made from sturdy steel and by design can support up to 300 lbs. The Stander bed rail includes an attachable four-pocket organizer pouch for storage of remote controls, books or magazines. The wooden board slides under your mattress, then the safety strap is fed through to the other side and wrapped around the bottom of the bedframe. This attaches the railing to the bed snugly and securely. The hex wrench needed for quick assembly is included.","I purchased this BedCane for my 92 year old mother. The bedcane stays securely in place under the mattress and does not move when she uses it to pull herself up out of her bed. With the cane adjusted to the tallest setting, it is the correct height for my mother's standard size mattress. This cane would not work for pillowtop or thicker mattresses. The handle is not completely stationary. It does move some. This is not a problem and may reduce stress on the wrist.

A word of caution - my mother's physical therapist recommended we buy this type bedcane for my mother to use. However, the assisted living facility where my mother resides has now informed me that the physical therapist was wrong. This bedcane does NOT meet their safety requirements. If you are purchasing this cane for use in a care facility, verify that this cane can in fact be used at that facility."
Drive Medical Home Bed Assist Grab Rail,$38.31,4.7/5.0,https://www.walmart.com/ip/Drive-Medical-Home-Bed-Assist-Grab-Rail/15935796,"The home bed assist rail by Drive Medical provides patients with assistance getting into and out of the bed. This model features a safety strap you wrap around the mattress or box spring to ensure a safe and secure fit. The extra long strap fits single, twin, double, queen, or even king-sized beds. The removable powder-coated steel handle includes a &quot;mid bar,&quot; which creates a reliable grip at any height, and can be detached when not in use. The product arrives in two pieces and requires simple, quick tool-free assembly (Also available with bed board).",My husband was having trouble sitting up in bed after his stroke. This made it possible for him to sit up by himself. I would definitely recommend the strap that goes around the mattress otherwise it tends to come out from under the mattress.
Drive Medical Adjustable Height Home Bed Assist Hand  ...,$27.83,4.5/5.0,https://www.walmart.com/ip/Drive-Medical-Adjustable-Height-Home-Bed-Assist-Handle/17351608,"The Adjustable Height Home Bed Assist Handle from Drive Medical provides assistance for getting in to and out of your home-style bed. You won't have to worry about the fit since the handle attaches to either side of the bed. It simply slides underneath the mattress and includes an added feature on the base bar, &quot;no-slip foam&quot; that helps hold the bar in place. The removable handle is part of an all steel, chrome-plated construction that is strong, solid and easy to clean. The unit arrives in three pieces and can be assembled quickly and tool-free, and it also can be adjusted flat for easier storage.",Everything works great except for the extension piece to change the height it is loose and makes the handle wobbly.
Memory Foam Waist Pillow Slow Rebound Lumbar Pillow   ...,$15.95,4.1/5.0,https://www.walmart.com/ip/Memory-Foam-Waist-Pillow-Slow-Rebound-Lumbar-Pillow-Cushion-Office-Car-Waist-Cushion-Relieve-Fatigue-Pressure/10105197,"Experience relief without medication with this Carex Lumbar Support Cushion. It's ergonomically designed to provide support and help alleviate lower back pain by promoting good posture. This highly versatile cushion can be used at home, at work or when traveling. Made with premium quality memory foam, it reacts fast to provide instant relief and recovers slowly for long-lasting support. It comes with a removable hypoallergenic soft cover for easy machine washing. This memory foam lumbar support cushion is also small enough to store almost anywhere when not in use.","I'm 5'7"" 130lbs, and I find that this lumbar support cushion is a little too thick to sit comfortably in my car, it pushes me so far forward that I can't lean my upper back on the seat. That being said, for that exact same reason, it's a miracle worker at my desk job. It forces me to sit up more and not slouch, which helps my back, it also pushes me forward on my office chair to be closer to my keyboard and thus, much more ergonomical to work. I think the strap on the cushion is WAY too short, it wouldn't fit over my car seat or my office chair ( I ended up cutting the strap and sewing on elastic bands to each side then using sew-on velcro to make it work, which was an extra 15"" of strap). So, although I had orginally bought it for the car, I think it's too thick, but for that same reason works wonders for posture and egronomics at my desk job."
"LogicMark Freedom Alert Emergency Alert System, 1ct",$267.50,4.5/5.0,https://www.walmart.com/ip/LogicMark-Freedom-Alert-Emergency-Alert-System-1ct/15935639,<p>Call up to four custom contacts and then the 911 emergency operator with the touch of a button using the LogicMark Freedom Alert Emergency Alert System (1-Count). It provides complete call coverage in and around most homes. The LogicMark Freedom alert emergency system is VoIP compatible and works on regular home telephone lines. Help is just seconds away with the world's smallest 2-way voice emergency pendant communicator.</p>,"After researching  several other  devices  such as the Freedom  Alert ,  I found  that for the money it could not be beat.. The purchase price is less than one would  pay if subscribing  to any other device for a year or less. Also no installation  or activation  fees.
One of the things that really impressed me was the 2 way communication ,  that works thru the pendant, so I  can be anywhere within 600 feet of the base  and be able to call for help, either  by calling any contact I program in or 911. I particularly  liked the fact it calls 911 instead  of  a call center located who knows where, which could take more  time.
I have tested it in all parts of my home, basement to second floor and the perimeter  of my yard with excellent  reception . 
Luckily I have had no emergency sine receiving but feel confident  it will be  there and do its job."
"Carex Health Brands Carex  Seat Cushion, 1 ea",$26.88,4.2/5.0,https://www.walmart.com/ip/Carex-Health-Brands-Carex-Seat-Cushion-1-ea/10105194,"Seat Cushion, Memory Foam 1 cushion 3 inch H x 16 inch W x 18 inch D. Caring for you. Premium quality self-molding memory foam provides a comfortable seating surface. Helps maintain proper posture and provides stability while seated. Hypo-allergenic. Removable washable cover. Fits most standard wheelchair and transport chair seats. Sitting is more comfortable with an orthopedic seat cushion that is designed to fit the contours of your body. The Carex seat cushion is ergonomically designed to promote proper posture and provide comfort, support and stability while seated. The high quality memory foam in the Carex seat cushion retracts fast to provide instant relief and comfort, and provides slow memory foam recovery for longer support. The removable soft polyester and rayon cover zips off easily for machine washing. Made in China. 1 cushion PO Box 2526 Sioux Falls, SD 57101-2526 800-328-2935 2009","The product did what it was supposed to do. My wife and I both suffer from boney senior citizen butt, and the cushions made a long car trip much more pleasant. An advantage and a disadvantage: The cushion gives you about two inches of extra height. My shorter wife liked that. I could not drive one of our cars with the cushion because of lack of headroom. Also, pay attention to putting the tag side up - much more comfortable."
Able Life Able Tray - Bamboo Swivel TV Tray & Laptop  ...,$149.00,4.7/5.0,https://www.walmart.com/ip/Able-Life-Able-Tray-Bamboo-Swivel-TV-Tray-Laptop-Tray-Table-with-Safety-Support-Handle/49909427,"Get onto and off of your favorite sofa or large comfy chair easily with this Able Life Able Tray. It features a couch-side handle that makes it easy to stand from a sitting position. This couch-side tray measures 16&quot; x 18&quot; and can support up to 30 lbs. It conveniently swivels so you can eat, work on crafts, read or surf the web from your laptop. The tray includes a built-in cup holder and a separate compartment for keeping utensils, pens, glasses and more. The sturdy base adjusts in depth from 20&quot; to 36&quot; to fit a wide range of couches and chairs. It also features super rubber grip pads that prevent movement and protect your floor from damage. The handle height of this Able Life Able Tray is adjustable from 34&quot; to 40&quot; and can support up to 250 lbs. The neutral color blends in with your living room decor so you can maintain the comforting feeling of your home. <br />","My 93 year old mother, who is average height, found that the writing desk was too high for her to write comfortably on the desktop.  It was set on the lowest setting so it could not go any lower.  Even when I put some cushions in her chair to raise her up, the desk  top  was still too high (not to mention that she had difficulty sitting down on the stack of cushions before being completely seated).

One other problem was that when I was disassembling the table,  the spring-loaded pin (for the height adjustment) popped down into the cylinder on one side and was only accessible through the other side.

The concept for the table is good, but these problems made it unworkable for our needs."
Automatic Adjustable Overbed Table with Woodgrain To  ...,$72.00,2.8/5.0,https://www.walmart.com/ip/Automatic-Adjustable-Overbed-Table-with-Woodgrain-Top/35294540,"This Automatic Adjustable Overbed Table with Woodgrain Top is ideal for people recovering from surgery, with chronic back pain or for those with limited mobility. It has a heavy-duty, non-corrosive metal frame that adjusts from 30&quot; up to 42.5&quot; high. This rolling overbed table also has a large table top that measures 15&quot; x 31&quot; and is made of durable melamine with a laminated wood grain finish. Plus, it has four 2&quot; swivel casters that allow it to move freely from one location to another. This table comes with complete instructions for a quick, easy assembly.  <br />",Great table. Could be shorter wheel bar to slide under a loft chair
Drive Medical Plastic Tub Transfer Bench with Adjust  ...,$55.88,4.6/5.0,https://www.walmart.com/ip/Drive-Medical-Plastic-Tub-Transfer-Bench-with-Adjustable-Backrest/17284709,"This plastic transfer bench by Drive Medical accommodates any bathroom because of its reversible bench and extension legs with extra large suction cups that lock provide added versatility and safety. The &quot;Dual Column&quot; extension legs height adjust in 1/2&quot; increments. Sturdy &quot;A&quot; frame construction, durable blow-molded plastic bench and backrest ensure maximum stability. This products features tool-free assembly leaving no hardware exposed.","I bought the plastic transfer bench to replace an older one given to me by my dad that was falling apart and rusting. I was afraid that the price paid meant that it wouldn't be very sturdy. Much to my surprise, it was very sturdy and I'm very pleased with the purchase. The 2 ""inside"" legs have suction cups which mean that the bench won't accidentally slide during my shower."
SafetySure Transfer Sling,$42.38,4.0/5.0,https://www.walmart.com/ip/SafetySure-Transfer-Sling/183780772,The SafetySure Transfer Sling (SST Sling) is a small and easy to use device with many applications. SST Transfer Sling is used primarily to:...,For the time that I have used this sling I like it. But mind your I am still learning how to use it. sustain tactics are need for different moves.  Still learning
Able Life Bedside Sturdy Rail Elderly Home Bed Handl  ...,$54.00,4.5/5.0,https://www.walmart.com/ip/Able-Life-Bedside-Sturdy-Rail-Elderly-Home-Bed-Handle-with-Adjustable-Legs-and-Organizer-Pouch/39992214,"This Able Life Bed Rail with Adjustable Legs and Organizer Pouch gives you the help you need to climb in and out of bed safely. It's made of heavy-duty, non-corrosive steel with a black, powder-coated finish. The adjustable bed rails extend to the floor for improved stability and feature rubber covers to protect floors from damage. It also extends from 6&quot; to 17&quot; to accommodate mattresses of varying thicknesses. This Able Life Bed Rail with Adjustable Legs and Organizer Pouch features a sturdy, rounded top handle for added safety and can support up to 400 lbs. Plus, it includes an organizer pouch for personal items and a safety strap.  <br />","For a senior, getting in and out of bed can become very difficult, especially after a fall. That is my mom's case and once she came home, I had to find a product that allowed her the same leverage she had with the bedrails while in hospital. This product did that. The only thing I would comment on is the assembly part - it was a bit cumbersome. Otherswise, I like the two legs, and the strap to tie it down and make it even more sturdy. [This review was collected as part of a promotion.]"
"Stander 30"" Home Safety Bed Rail + Swing Down Assist  ...",$89.00,4.6/5.0,https://www.walmart.com/ip/Stander-30-Home-Safety-Bed-Rail-Swing-Down-Assist-Handle-with-Included-Safety-Strap/6372787,"The 30&quot; Pivoting Safety Bed Rail from Stander prevents rolling or falling out of bed and provides safety and security for the user getting in and out of bed. This collapsible bed rail folds down on the side of the bed to make it easy to get in and out of bed. The 30&quot; Safety Bed Rail is reversible and can be placed on either side of the bed. The collapsible bed rail is 23&quot; high from the base of the mattress. The included safety strap runs underneath the mattress and buckles to the bed frame. This decreases risk of entrapment by keeping your rail securely next to your mattress. The 30&quot; Safety Bed Rail can be easily assembled and installed on most home, hospital, and adjustable beds. It is designed to low profile to help match the look and feel of your home. Much like a cane, walker, or grab bar, the 30&quot; Safety Bed Rail will soon become an essential part of your loved ones safety and independence.",I fell out of bed on a Thursday and ordered this rail on Friday and it was delivered on Saturday. And it's just perfect for what I needed and couldn't be more happy could not live without it. I can move around in bed easily and I can sleep knowing I'm safe. And it is well made and strong I'm a big man and I can pull myself to turn in bed and it doesn't budge. I am very happy with it.
Stander Mobility Home Bed Rail - Adjustable Swing-ou  ...,$99.00,4.6/5.0,https://www.walmart.com/ip/Stander-Mobility-Home-Bed-Rail-Adjustable-Swing-out-Hand-Rail-Pouch/15751914,"The Stander Mobility Home Bed Rail helps get you mobile, so you can retain independence. It has an extendable arm that swings out to provide assistance once you are on your feet. The rail comes complete with an ergonomic handle that provides a comfortable and smooth transition out of bed. It can also be used to pull yourself up from a lying or sitting position. This bed handle includes a four-pocket organizer pouch to keep your small, personal items close by your bed. Two extendable legs reach down and touch the floor to provide extra support, giving it the capacity to accommodate up to 300 lbs. Installation of the swing bed rail is made simple without tools and will require just seconds of your time. It is beneficial for giving an individual using a cane, walker, grab bar or transfer pole a sturdy hand every step of the way.","Bought this for my dad. Pretty expensive, but cheaper than a fall. Very high quality and feels very secure; that's important when you're trying to get an older person to use something new. He is very confident with this device and understands its features. Doesn't look too much like 'hospital' equipment, so the room is still 'homey.'"
"""Lumex Stand Assist Non-Powered Stand Assist""",$530.98,4.7/5.0,https://www.walmart.com/ip/Lumex-Stand-Assist-Non-Powered-Stand-Assist/51499697,"Lumex Stand Assist <br />Brand New <br /> <br />The  <strong>Lumex LF1600</strong> is a Lumex Stand Assist which is a transport assistance unitthat keeps the resident actively engaged in the transport process. Transport functions of allkinds are quick, convenient, and require minimal caregiver assistance. Users grasp the middlebar and use their own strength to pull themselves up into position. A padded split seat swingsout to allow loading or unloading, then swings back to form a comfortable and stable transportseat. The Stand Assist is a convenient toileting alternative to a wheelchair. <br /> <br />LF1600 Features: <br /> <br /> <ul>  <li>Stand Assist</li>  <li>Toileting Alternative to Wheelchair</li>  <li>Padded Split Seat Swings Out <br />- For Loading or Unloading</li>  <li>Padded Dual Knee Pads &amp; Seat Pads <br />- For Transport</li>  <li>Stable Base With Locking Rear Casters</li>  <li>Fits Easily Through Narrow Doorways</li>  <li>400 Lbs. Weight Capacity</li> </ul> <br /> <br /> <ul type=""circle""></ul>","My mom needs help steadying herself to stand, and cannot  (at present) move her legs to walk. This device is perfect for transferring her from bed to wheelchair to commode to chair,  etc. Allows her to use the ability she still has, while compensating for that which she doesn't.  Sturdy, well-built, and well-designed."
Medline Transfer Bench with Back & Microban,$69.99,4.4/5.0,https://www.walmart.com/ip/Medline-Transfer-Bench-with-Back-Microban/37617767,"<p>This Medline Transfer Bench with Back and Microban provides bath safety with suction cup feet, which secure the bench and grip to the tub floor. The height of the bench is adjustable. The legs accommodate most tub walls, and the side arms provide additional stability and leverage. The medical transfer bench is protected by Microban anti-microbial product safeguards. This helps prevent the growth of stain- and odor-causing bacteria, mold and mildew. You can trust that your chair will stay free of germs and help deter illness. This adjustable transfer bench can support up to 350 pounds and has a reversible seat back and a rust-resistant and anodized aluminum frame. It's made of aluminum and contains dry natural rubber. It is laboratory tested for comparative purposes. The Medline Transfer Bench with Back and Microban allows for a safe bath tub experience and the peace of mind that comes with the stability of this chair.</p>","This product exceeded my expectations in it's overall quality and features at an affordable price.
Notably first, it is made by Medline which has been a trusted name in healthcare supplies and the largest in the US since 1910. They are known for using high quality materials in their products.
This product has microban which is built right into the product's non slip seat and backrest. The microban protection repels bacteria, mold and mildew and odor. The protection lasts a lifetime.
The product allows the bather to sit on the seat outside the tub area and simply and safely slide into the tub area. The bather can sit on the seat while using a hand held spray or use the seat for stability when sitting down into the tub.
The bench has 2 suction cup feet which securely hold the bench to the tub floor. The other two legs have non slip protectors. The legs are adjustable to make up for the difference in height from the outside to the inside height of the floor. This design is superior in safety than the small seats which only fit in the tub.
The product itself is lightweight but sturdy. The seat is wide enough for a large person and can hold up to 300 pounds. The seat back can be moved to allow for either left or right entry in the tub. The price is a value for the safety protection this product has."
Structures Hook-In Bed Rail System with Center Bar S  ...,$43.99 - $47.99,3.2/5.0,https://www.walmart.com/ip/Structures-Hook-In-Bed-Rail-System-with-Center-Bar-Support/54716229,"Improve your level of comfort while sleeping or relaxing with this Structures Hook-In Bed Rail System with Center Bar Support. It's made of heavy-duty, non-corrosive metal and easy to assemble. This adjustable bed rail features angled steel side rails and includes a strong center support with a leg and a glide foot. The rails come with an attached hook-in headboard and footboard connections to work with standard size beds. This allows you to secure them directly to your furniture, to support a box spring and a mattress. The legs also adjust from 6.5&quot; up to 15.5&quot; to customize the fit of the rails. It's available in multiple sizes to suit your needs. The package includes a complete set of instructions.  <br />  <br />","I ordered this to use with an antique full-sized bed as part of the process of converting it to use a queen-sized mattress. It worked great, hooked easily and solidly into both the head and foot. The support foot in the middle is attached so that you can adjust the width and it will be solid so that worked well too."
Drive Medical Quick 'N Easy Comfort Mattress,$125.13,4.8/5.0,https://www.walmart.com/ip/Drive-Medical-Quick-N-Easy-Comfort-Mattress/23218059,"The Quick 'N Easy Comfort Mattress offers the utmost in comfort, safety and convenience. Its inner core is encased in fire retardant barrier, meeting regulation 16 CFR 1633. A non-slip bottom and 4 corner straps keep the mattress securely in place. Two carry handles on the side make lifting and placement easier.","This mattress arrived a few days early which was great because we needed it for my elderly father for a hospital bed. It fits the bed perfect. He sleeps well on it, no complaints.  I give this Mattress a high rating... thank you!"
