Walker's Game Ear ULTRA EAR BTE&ITC GWP-UE2002 Ear M  ...,$27.27,3.2/5.0,https://www.walmart.com/ip/Walker-s-Game-Ear-ULTRA-EAR-BTE-ITC-GWP-UE2002-Ear-Muff/14657438,"Amplify your hearing so you can listen carefully for your preys footfall or reduce it to avoid damage to your ears from muzzle blasts when you put in Walkers Game Ear Ultra Ear ITC Sound Amplifier This pair of ear buds also comes with 3 different sets of eartips of various sizes so theyll fit you like a glove These in ear buds are lightweight and can be used in either ear Adjust the tone and volume to improve your hearing or deafen the sound of a shot, thanks to the mild compression circuit",Walmart #  939382
Medline Walker Basket Accessory,$19.25,4.0/5.0,https://www.walmart.com/ip/Medline-Walker-Basket-Accessory/7983662?wpa_bd=&wpa_pg_seller_id=F55CDC31AB754BB68FE0B39041159D63&wpa_ref_id=13ef540c3c30cb2e6af37abffb67deb5&wpa_aux_info=__aux_info__&wpa_tag=&wpa_pos=5&wpa_plmt=__plmt__&wpa_aduid=__aduid__,"The Medline walker basket accessory makes it easier to carry important items with you It offers plenty of storage space and can hold up to three pounds This basket for mobility walker attaches easily to any style walker It is made with plasticcoated wire and is convenient to use You can put your groceries in it while you shop instead of struggling with a cart This basket can also hold your purse or bag, making the contents more accessible Put your belongings in this basket to take strain off your shoulders and back Because it detaches easily, you can take it with you anywhere Add this to your collection of walker accessories",Walmart #  552290883
"Hip Kit #8: 32"" Reacher, Contoured Sponge, Sock and   ...",$20.19,0.0/5.0,https://www.walmart.com/ip/Hip-Kit-8-32-Reacher-Contoured-Sponge-Sock-and-Stocking-Aid-Dressing-Stick/41535984,"This Fablife Hip Kit includes a reacher, contoured sponge, sock and stocking aid, and a dressing stick all in one convenient package Its the smart way to maintain independence for yourself or a loved one Each item included in the kit is designed to help people avoid bending at the hip The 32inch reacher assists with picking items up off the ground or in other low places The contoured sponge helps clean hardtoreach places in the bath or shower The sock aid and dressing stick allow you to get dressed independently",Walmart #  557140806
MagniPros Magnifying Glass with Bright LED Lights an  ...,$15.95,5.0/5.0,https://www.walmart.com/ip/MagniPros-Magnifying-Glass-Bright-LED-Lights-10X-5X-Illuminated-2-Lens-set-Cleaning-Cloth-Ideal-Seniors-Maps-Macular-Degeneration-Jewelry-Watch-Compu/641996753,"Bring things into view with the MagniPros Magnifying Glass with Bright LED Lights As we age, eyesight can become compromised by a common process called macular degeneration, which makes it harder to read small type and even see images clearly With the MagniPros hand held magnifying glass, you can regain your original clarity and enjoy your morning paper, read prescriptions and enjoy day to day life again with two different magnifying glasses to hone in on just about everything This twopiece set includes a lens that magnifies up to five times the original size as well as one that magnifies images up to 10 times The large 35&quot; 5X magnifying lens is considered ideal magnification for low vision individuals to read; the10X lens is ideal for jewelry appraisal and more The lightweight, shatterproof construction makes it easy to switch lenses depends on your usage needs, including intricate electronic repairs and examining extremely small texts, images and objects",Walmart #  570958431
"Hip Kit with 26"" Reacher, Contoured Sponge, Sock Aid  ...",$24.19,4.5/5.0,https://www.walmart.com/ip/Hip-Kit-with-26-Reacher-Contoured-Sponge-Sock-Aid-18-Plastic-Shoehorn-and-Dressing-Stick/55210952,"Now you can prove it is hip to have help with the aid of this 26&quot; Reacher This is part of a FabLife Hip Kit that includes a collection of AidsToDaily Living ADL products in one convenient package Minimize dependence on others with these essential items to assist with bathing, dressing and other daily living activities A stocking aid is part of this kit, which is ideal for people recovering from hip, knee or back surgeries Included is a 26&quot; reacher, a contoured sponge, one formed sock aid, an 18&quot; plastic shoehorn and a 24&quot; dressing stick, all of which help in the recovery process All items, like the included sock assist tool, help people avoid the need to need to bend at the hip, giving freedom to people with a limited range of motion You can grab items in hard to reach places, remove and put on socks and shoes and make getting ready for the day or for bed easier Turn to the 26&quot; Reacher as part of a hip kit that helps make you more mobile",Walmart #  557092997
"Carex 32"" Metal Reacher Grabber",$13.99,4.2/5.0,https://www.walmart.com/ip/Carex-32-Metal-Reacher-Grabber/10105202,"This Carex 32&quot; Metal Reacher grabber helps users with weakened strength to grasp items from hardtoreach places in and around their homes With magnetic tips, this folding reacher can aid in lifting small objects Measuring 32&quot; in length, this grabber is suitable for use by virtually anyone Made from primarily metal, it is sturdy and durable The convenient size also allows this folding reacher to easily be stored in your home when not in use This grabber can be used for doorknobs, keys, lamps, switches and much more",Walmart #  4025940
"Apothecary EZY Dose Cut n' Crush, 1 ea",$7.33,5.0/5.0,https://www.walmart.com/ip/Apothecary-EZY-Dose-Cut-n-Crush-1-ea/199407746,Make taking your medications easy and convenient with the Ezy Dose Ultra Fine Cut N Crush The removable pill cutter has a sharp doublesided blade that effortlessly cuts tablets in half for easier swallowing Its new flexible &quot;arms&quot; with ridges cut larger tablets than other models and hold any size tablet steady while its in use This Ezy Dose pill cutters serrated disks grind pills up so they can be mixed with food or beverages A builtin container allows your to store medications or vitamins This tablet pill cutter easily converts to a drinking cup by simply sliding out the tablet section Use the extra cover provided to cap it off It cuts pill exactly in half for precision dosing The stainless steel blade is exceptionally strong and immune to rust to have a longer service life Please note that entericcoated tablets are intended to be swallowed whole and should never be split or crushed before taking/p,Walmart #  567193640
Ezy Dose AM/PM Travel Pill Pods Pill Planner,$5.99,4.8/5.0,https://www.walmart.com/ip/Ezy-Dose-AM-PM-Travel-Pill-Pods-Pill-Planner/33056563,"Keep your daily medication intake on schedule with the Ezy Dose pill planner This convenient item offers a handy way to remember when it is time to take your pills The AM/PM medication planner has individual pods that are clearly marked The design of the contoured compartments makes it simple to remove the tablets This daily pill planner gets you ready for the week With its handy design, it is excellent for taking with you or keeping it at home This dispenser is ideal when you need a reminder to take prescribed medications or vitamins at the correct time each day",Walmart #  551930174
"BirdRock Home 32"" Grabber Pick Up Tool",$16.99,0.0/5.0,https://www.walmart.com/ip/BirdRock-Home-32-Grabber-Pick-Up-Tool/661529496,"The BirdRock Home lightweight reaching aid has been specifically designed to assist you with hardtoreach areas Simply grab the reaching aid along the textured, comfortable handle and position the grabber around the object to be picked up Gently squeeze the trigger and allow the rubber grabber jaws to fasten securely around the object Reduce the strain on your back and allow the reaching aid to assist you",Walmart #  570748194
Apex 7-Day MediPlanner Pill Organizer,$7.99,4.4/5.0,https://www.walmart.com/ip/Apex-7-Day-MediPlanner-Pill-Organizer/14089470,"The Apex 7Day MediPlanner provides a useful system for holding and organizing your pills or vitamins It helps manage a weekly fourtimesperday medication regimen Each compartment in the Apex MediPlanner is labeled with Morn, Noon, Eve and Bed for each day of the week for easier and safer dosing The fourcompartment design and easy snap lids securely hold pills and keep them safe while within a drawer or on your counter This product is ideal for taking with you when you travel, or for setting up elderly folks so they remember which pills to take and when The bottoms of each compartment are contoured to make it easier for you to get the pills out Their translucent tops allow you to see whats inside without having to open up the lids",Walmart #  004054186
Pill Organizer Medium 7 Day,$3.81,5.0/5.0,https://www.walmart.com/ip/Pill-Organizer-Medium-7-Day/46108695,"ul  liClassic 7day design helps you remember daily medications/li  liSeethrough plastic lets you see if todays pills have been taken without opening the lid/li  liEach compartment holds 11 aspirin tablets/li  liDurable, translucent plastic/li  liEasyopen lids/li /ul",Walmart #  567193593
HealthSmart Folding Magnetic Tip Reacher Grabber for  ...,$9.99,3.2/5.0,https://www.walmart.com/ip/HealthSmart-Folding-Magnetic-Tip-Reacher-Grabber-Elderly-Disabled-32-Inch-Aluminum-Lightweight-Trash-Grabber-Garden-Nabber-Litter-Picker-Arm-Extension/36782329,"The HealthSmart 32 Aluminum Reacher Grabber with Magnetic Tip helps you to get things that are out of reach It extends a full 32&quot; Easily retrieve items from the top shelf or that have fallen behind the furniture This folding reacher does the hard work by securely gripping the outofreach object, saving your back in the process The aluminum frame and plastic handle and jaw ensure that it is not only lightweight, but sturdy as well It even has a magnetic tip for picking up metal objects, such as screws or paper clips This lightweight reacher has a comfortable, slipresistant, ergonomically contoured handle Its wellsuited for people with back issues and can help them pick up shoes, a piece of paper, clothing or other items off the floor with minimal bending",Walmart #  552690559
Digital Hearing Amplifiers - Rechargeable BTE Person  ...,$42.73,3.4/5.0,https://www.walmart.com/ip/Digital-Hearing-Amplifiers-Rechargeable-BTE-Personal-Sound-Amplifier-Pair-USB-Dock-Premium-Gold-Behind-Ear-Sound-Amplification-NewEar/772347670,,Walmart #  569788618
Ezy Dose Weekly / Push-Button 1 Medtime Planner,$6.68,4.0/5.0,https://www.walmart.com/ip/Ezy-Dose-Weekly-Push-Button-1-Medtime-Planner/10996834,"The four times a day Ezy Dose Weekly PushButton Medtime Planner offers 28 compartments so you have plenty of room to organize your medicines With this convenient device, you can ensure that you take your medication or vitamins in a timely fashion every day The upgraded pushbutton mechanism and grip bottom offer a nofuss, easy way to access daily medications without having to use two hands or excess pressure, making this an ideal choice for those with dexterity issues or sensitive hands The weekly planners extralarge compartments hold up to 30 pills, meaning you will be able to house an ample amount of medicine or vitamins The Ezy Dose Weekly PushButton Medtime Planner offers seethrough covers so you know what is stored in each compartment",Walmart #  4039761
"Pack of Two Britzgo Hearing Aid Amplifier BHA-220, 5  ...",$75.00,0.0/5.0,https://www.walmart.com/ip/Pack-of-Two-Britzgo-Hearing-Aid-Amplifier-BHA-220-500hr-Battery-Life-FDA-Approved-Silver/824756450,"Our best seller, the BHA220 is the most accessible Hearing Amplifier on the market and a perfect entry level option Easy to use, readytowear and reliable This Hearing Amplifier has a great range of frequency settings and works straight out of the box Each Amplifier comes with a kit that includes long life batteries, adjustable tubes, and easy to read instructions",Walmart #  570743914
Reaching Aid 32 Inch,$7.33,4.4/5.0,https://www.walmart.com/ip/Reaching-Aid-32-Inch/32427526,"The HealthSmart 32 Aluminum Reacher Grabber with Magnetic Tip makes it simple to pick up items off the floor or get them down from a shelf It features a slipresistant ergonomic contoured handle for comfort during use This extend grabber allows you to get to hard t reach places with ease, whether something is too high or low It has an aluminum frame and plastic handle with jaw to ensure that its not only lightweight but sturdy This device will extend your reach a full 32&quot; This aluminum grabber eliminates excessive bending It does the hard work by securely gripping the outofreach object, saving your back in the process This grabber is simple to operate It has a magnetic tip for picking up light metal objects like screws or paper clips The 25&quot; jaw opening features interlocking sections for a secure grip on just about any object",Walmart #  563282689
As Seen On Tv Sock Slider - The Fastest Easiest Way   ...,$9.88,3.8/5.0,https://www.walmart.com/ip/As-Seen-On-Tv-Sock-Slider-The-Fastest-Easiest-Way-To-Put-Socks-On/770044010,"Puts your socks on for you so you dont have to bend far over Unique cradle design expands and holds your sock open Keeps your sock in the perfect position so all you have to do is slide your foot in Makes taking your socks off easy Helps put on your shoes, too",Walmart #  564198222
