Product Name,Price,Rating,Link,About,Top Comment
As Seen on TV MSA 30x,$19.88,3.4/5.0,https://www.walmart.com/ip/As-Seen-on-TV-MSA-30x/40774903,"Sound Amplifier 1 amplifier As seen on TV. Includes: 1 MSA 30X device, 6 silicone ear buds, 1 charging cradle, 1 adapter and 1 cleaning brush. Rapid charger included. Rechargeable. No batteries required. Improves amplification up to 30x. Includes 6 different sized silicone ear buds to fit any ear and seal out the noise. Rechargeable. No batteries required. Recharge using an outlet. 6 different sized silicone ear buds to fit any ear and seal out the noise. Rapid charger charges in half the time! The MSA 30X Sound Amplifier is not a substitute for a hearing aid or intended for use by hearing impaired people. The FDA advises anyone who suspects hearing loss to seek evaluation by a health care professional. For right. For left. Microprocessor technology. Comfortable. Ultra small. Lightweight. For him. For her. Any use of the graphics or photography will be considered an infringement and GTV will prosecute. UL listed. CE listed. RoHS compliant. FDA listed. C/UL/US listed adapter. GS adapter. www.msa30.com. Assembled in China. 1 amplifier Deerfield Beach, FL 33442 GTV 2011",I bought it for my mother-in-law. She had it and she wore it out and she said that it worked better than the onces you pay a lot a money for .
Walker's Game Ear ULTRA EAR BTE&ITC GWP-UE2002 Ear M  ...,$28.93,3.2/5.0,https://www.walmart.com/ip/Walker-s-Game-Ear-ULTRA-EAR-BTE-ITC-GWP-UE2002-Ear-Muff/14657438,"Amplify your hearing so you can listen carefully for your prey's footfall or reduce it to avoid damage to your ears from muzzle blasts when you put in Walker's Game Ear Ultra Ear ITC Sound Amplifier. This pair of ear buds also comes with 3 different sets of eartips of various sizes so they'll fit you like a glove. These in ear buds are lightweight and can be used in either ear. Adjust the tone and volume to improve your hearing or deafen the sound of a shot, thanks to the mild compression circuit.","Bought these for my 87 year old aunt who does not have the money to buy another set of the expensive hearing aids.  I put the battery in and she placed  one in her good ear and gasped at the results, no squealing as I have had with other hearing devises. Then placed one in her bad ear and said it worked. Now she will not take them out.  I do not know how long they will last but as for now these things are great, so easy to use an 87 year old lady can operate them and you can get a set without breaking the bank, what else can you ask for?."
Aquasonic 100 Ultrasound Transmission Gel  250 mL (8  ...,$6.04,4.2/5.0,https://www.walmart.com/ip/Aquasonic-100-Ultrasound-Transmission-Gel-250-mL-8-5-oz-Squeeze-Bottle-1-Count/123107096?wpa_bd=&wpa_pg_seller_id=DABA61A51AA444798605B2E5391AF8EA&wpa_ref_id=22d52222a830d955d7b5b090bc49435a&wpa_aux_info=__aux_info__&wpa_tag=&wpa_pos=3&wpa_plmt=__plmt__&wpa_aduid=__aduid__,"The Aquasonic 100 Transmission Gel (0.25 liter) item #01-08, item #GE0108 is the world standard and most widely used gel for diagnostic and therapeutic medical ultrasound. Recommended for all procedures where a viscous gel is required, AQUASONIC 100 consistently exceeds industry standards and customer expectations. Medical practitioners around the globe recognize AQUASONIC 100 as a brand synonymous for quality and dependability. With its non-sensitizing and non-irritating formula that is completely aqueous, AQUASONIC 100 will not stain clothing or damage transducers and is used and recommended by leading manufacturers of medical ultrasound equipment worldwide! Ideal for EEG exams, stress tests, Holter monitoring ECG telemetry and more! AQUASONIC 100, the universal standard by which all others are measured. Features: Acoustically correct for the broad range of frequencies usedCompletely aqueous, will not stain clothing or damage transducersUnique ''can't be copied'' formula is hypoallergenic, bacteriostatic, non-sensitizing and non-irritatingNo formaldehydeNot a spermicide Great for use in:UltrasoundRadiologyPhysical TherapyCardiology UltrasoundOB/GYNNurseryEmergency",I have a small ultrasound device I use for various injuries to my dogs and myself. The company no longer sold the gel. I was at a lost. Then Walmart made it easy to acquire more.
Digital Hearing Amplifier - Personal Hearing Enhance  ...,$21.99,4.0/5.0,https://www.walmart.com/ip/Digital-Hearing-Amplifier-Personal-Hearing-Enhancement-Sound-Amplifier-Rechargeable-BTE-Digital-Hearing-Amplifier-Behind-Ear-All-Day-Battery-Life-Mod/552595338,"<p> <b>Have You Been Searching For A Rechargeable High Quality Behind The Ear Digital Personal Hearing Amplifier? </b> <br /><br /> NewEar would like to share this amazing news with you. The <b>MEDca</b> rechargeable hearing amplifier is the most popular behind the ear sound amplification device for speech frequencies of the human voice with its complete background noise reduction and cancellation technology. Intelligently designed, the <b>MEDca</b> BTE digital hearing amplifier is compact, lightweight, discreet and durable in design making this the the ideal hearing solution for you to instantly experience higher quality sound the way it is intended. <br /><br /> With so many digital advancements today - you will want the latest technology when it comes to your hearing for the most crystal clear sounds. Our digital hearing amplifiers are practically invisible and very light weight for a remarkable industry leading standards. </p>  <p><b>The Perfect Easy Charge &amp; Go Battery Designer to Last Al</b></p>",This hearing amplifier works very well I have it on the lowest setting and hear things with ease . I think that it too power full for myself. I will continue to ware it to see if I can get use to it. I gave it 4 star because I can't lower it further.
Apex Twice A Day Pill Organizer,$4.99,3.7/5.0,https://www.walmart.com/ip/Apex-Twice-A-Day-Pill-Organizer/14089469,"Keep your medication in order with the Apex Weekly Pill Organizer. Simply take a few extra minutes to set the organizer for effortless doses throughout the week. The Apex pill organizer features tabbed compartments that open easily and securely snap shut to ensure your medicine stays put. The AM and PM slots are differently colored for easy distinction, allowing you to safely take the appropriate drug. The twice a day pill organizer is easy to maintain as well. Once the week is over, simply rinse the container under warm water and air dry. The Apex Weekly Pill Organizer is ideal for those who are taking numerous medications and want to prevent missed or extra dosages.","These are deep, and personally I can fit all the pills I need to take in them. I bought 2 and changed out the AM/PM so one cart is AM only. Helps because allergy pills are once a day. The large fish oil, vitamin E gels, large one a day multi vitamin, QouQ10 or whatever, plus several herbal capsules, Vitamin C. It holds a lot!"
Handheld Illuminated Pocket Magnifying Glass Reading  ...,$9.21,4.0/5.0,https://www.walmart.com/ip/Handheld-Illuminated-Pocket-Magnifying-Glass-Reading-Magnifier-12x-Magnification/176039612,"<p>Illuminate various situations with the Handheld Illuminated Pocket Magnifying Glass Reading Magnifier with 12X Magnification. Candle-lit restaurants can be romantic, but they're notoriously difficult when it comes to reading items on the menu. When you add a playbill or libretto to follow dinner, you may find yourself in a difficult situation if you don't have a little bit of help. If you're having trouble reading fine print, this pocket magnifier offers a convenient solution. This handy item can help you maneuver your way through a sea of small print and inadequate lighting. This handheld reading magnifier has 12X magnification to help ensure that very small text will be easy to see, even in dimly-lit restaurants and theaters.</p>",Good for inspecting tight places on a sewing machine.
RMS Long Reach Comfort Wipe Toilet Tissue Aid Bottom  ...,$10.99,3.8/5.0,https://www.walmart.com/ip/RMS-Long-Reach-Comfort-Wipe-Toilet-Tissue-Aid-Bottom-Buddy-Tool/335306597,"The RMS Long Reach Comfort Wipe Bottom Buddy Tool allows you to maintain your independence and bathroom privacy for longer. This helpful tool overcomes the drawbacks of existing devices and ensures personal hygiene for those who find reaching difficult. RMS's long-reach comfort wipe toilet aid is made with an ergonomic shape to aid those with limited dexterity, such as seniors or people dealing with back or neck issues. The rounded, soft and smooth design has a simple, uncomplicated mechanism which grips the toilet tissue firmly. A single button press allows you to release the tissue cleanly, thus abolishing the need to touch the tissue after wiping. The RMS Long Reach Comfort Wipe Bottom Buddy Tool works equally well with toilet tissue or wet wipes.","I have used this product after several back surgeries,  I have rods the length of my spine and I am not at all flexible.  This has been a blessing.  Have used one for 16 years.  The release spring is the only thing that goes bad.  But it lasts for several years."
Weekly Pill Box AM PM Organizer Case Medicine Storag  ...,$5.67,4.3/5.0,https://www.walmart.com/ip/Weekly-Pill-Box-AM-PM-Organizer-Case-Medicine-Storage-Vitamin-Tablet-Holder-New/146275065,"The Weekly Pill Box Organizer AM PM Medicine Storage Case boasts a convenient see-through design that lets you see each compartment without the need for opening. Each compartment snaps shut and pops open with ease. These home health care products will help organize your medication for up to seven days according to what you need to take in the morning and at night. AM and PM compartments are color coded so they do not get mixed up, with blue for morning and purple for the night. It is good for daily use, or you can utilize it while working or traveling to keep everything needed neatly organized. This 7-day weekly pill box organizer can be used to keep track of medicines and vitamins that you take on a daily or weekly basis. This means no important doses will be missed.","The pill box is very hard to open.  Some of the tabs are opening sideways and when I got the lettering slightly wet, the black numbers came off!  I had one just like it in the past and I even put it into the dishwasher and the numbers didn't come off.  I believe they were painted on - not just colored on.

I am taking this box back to Walmart."
Apex Ultra Pill Splitter,$5.99,4.1/5.0,https://www.walmart.com/ip/Apex-Ultra-Pill-Splitter/10322088,"The Apex Ultra Pill Splitter is a handy item to have in your medicine cabinet. Featuring a little grabber, the unit holds the tablet firmly in place while dividing. The clear Apex pill splitter features opaque grips for easy handling and a self-retracting blade guard for safety. It provides a much simpler alternative than using your fingers and other tools and is easy to use.","This pill splitter is probably one of the best you can get for the first 100 pills, but after that, it is ready for the trash basket. There is a plastic shield that covers the blade when the splitter is open, and slides out of the way when you close it and split the pill. The sliding action of this shield eventually cracks it and the splitter is then useless. The VERY reasonable price is the only reason I continue to buy this device, but if APEX ever raises the price, I will go back to another device. I checked that I WOULD recommend this to friends, but it would definitely be with a warning.
A NOTE TO APEX: If you want to keep selling these splitters, tell your retailers to control their pricing!!"
"Hip Kit with 26"" Reacher, Contoured Sponge, Sock Aid  ...",$26.23,4.5/5.0,https://www.walmart.com/ip/Hip-Kit-with-26-Reacher-Contoured-Sponge-Sock-Aid-18-Plastic-Shoehorn-and-Dressing-Stick/55210952,"Now you can prove it is hip to have help with the aid of this 26&quot; Reacher. This is part of a FabLife Hip Kit that includes a collection of Aids-To-Daily Living (ADL) products in one convenient package. Minimize dependence on others with these essential items to assist with bathing, dressing and other daily living activities. A stocking aid is part of this kit, which is ideal for people recovering from hip, knee or back surgeries. Included is a 26&quot; reacher, a contoured sponge, one formed sock aid, an 18&quot; plastic shoehorn and a 24&quot; dressing stick, all of which help in the recovery process. All items, like the included sock assist tool, help people avoid the need to need to bend at the hip, giving freedom to people with a limited range of motion. You can grab items in hard to reach places, remove and put on socks and shoes and make getting ready for the day or for bed easier. Turn to the 26&quot; Reacher as part of a hip kit that helps make you more mobile.",Bought because it was cheaper to buy package rather then buying each one separately.
"MEDca Pop-Up Weekly Pill Organizer, Single Box and 4  ...",$8.99,5.0/5.0,https://www.walmart.com/ip/MEDca-Pop-Up-Weekly-Pill-Organizer-Single-Box-and-4-Daily-Compartments/324168322,"<p> <b>Why MEDca Weekly Pill Organizer is a must buy medicine accessory?</b> </p>  <p> <b>Best and Most Convenient</b> </p>  <p> MEDca brings for you the most convenient weekly pill organizer. It allows you to set your morning and night pills for a week without needing to track manually. If you are in a long term medication then this is a perfect accessory for you. Double lock compartments to keep spills and contamination from occurring. </p>  <p> <b>Optimal Design</b> </p>  <p> This pill organizer has everything to make it an optimal choice. It consists of one large holder with 7 individual day marked pill organizer for every day of the week. with separate opening lids for every compartment. The lids are designed translucent so that you can check your regularity without even opening them. Each lid has the first letter of a week-day with am and pm label. Lightweight and small size makes it perfect for long journey. </p>  <p> <b>Attractive, Odorless and Long Lasting</b> </p>  <p> What makes</p>",It is easy to take one tube out for the day and then we know that we have taken all our pills for the day.  Also it fits in my purse to take with me when we eat out.  Wish they sold them in the store.
"Apothecary EZY Dose  Cut n' Crush, 1 ea",$7.33,5.0/5.0,https://www.walmart.com/ip/Apothecary-EZY-Dose-Cut-n-Crush-1-ea/199407746,<p>Make taking your medications easy and convenient with the Ezy Dose Ultra Fine Cut N' Crush. The removable pill cutter has a sharp double-sided blade that effortlessly cuts tablets in half for easier swallowing. Its new flexible &quot;arms&quot; with ridges cut larger tablets than other models and hold any size tablet steady while it's in use. This Ezy Dose pill cutter's serrated disks grind pills up so they can be mixed with food or beverages. A built-in container allows your to store medications or vitamins. This tablet pill cutter easily converts to a drinking cup by simply sliding out the tablet section. Use the extra cover provided to cap it off. It cuts pill exactly in half for precision dosing. The stainless steel blade is exceptionally strong and immune to rust to have a longer service life. Please note that enteric-coated tablets are intended to be swallowed whole and should never be split or crushed before taking.</p>,This is a great crusher due to serated edges inside pill crush compartment makes it easier to crush several pills at one time..(unlike others u have to crush a couple at a time.)This is a definite plus for us &we are also pleased it has a built in pill storage &splitter compartments.A truly great durable unit for anyone.
Ezy Dose AM/PM Travel Pill Pods Pill Planner,$5.99,4.8/5.0,https://www.walmart.com/ip/Ezy-Dose-AM-PM-Travel-Pill-Pods-Pill-Planner/33056563,"Keep your daily medication intake on schedule with the Ezy Dose pill planner. This convenient item offers a handy way to remember when it is time to take your pills. The AM/PM medication planner has individual pods that are clearly marked. The design of the contoured compartments makes it simple to remove the tablets. This daily pill planner gets you ready for the week. With its handy design, it is excellent for taking with you or keeping it at home. This dispenser is ideal when you need a reminder to take prescribed medications or vitamins at the correct time each day.","The pods in this planner are large enough to easily hold several pills and capsules. The only down side is that it doesn't have a lock to keep the grandchildren from opening them, so if you have little kids around, be sure to keep out of their reach."
31 Day Monthly Pill Organizer Tray with Daily Pop-Ou  ...,$9.95,4.4/5.0,https://www.walmart.com/ip/31-Day-Monthly-Pill-Organizer-Tray-with-Daily-Pop-Out-Pods/199531058,The 31 Day Monthly Pill Organizer Tray with Daily Pop-Out Pods helps you manage your monthly medications and vitamins. Each of the 31 day pill pods are easy to open helping those with limited strength and dexterity. Single day pods pop out of the tray allowing you to easily take one day's pills with you on-the-go. Simply push up from the bottom of the compartment and the daily pod will pop right out.,"the product is very well designed for people with complicated pill schedules. Also, with the removable pods, it allow you to have your daily meds on-hand (added bonus)."
Hearing Amplifiers Set with New Digital Technology -  ...,$19.99,3.0/5.0,https://www.walmart.com/ip/Hearing-Amplifiers-Set-New-Digital-Technology-Almost-Invisible-Design-Rechargeable-USB-Dock-Personal-Pair-Sound-Amplifier-Adjustable-Volume-Tone-Cont/770893446,"Hear more clearly and crisply with the NewEAR EAR Hearing Sound Amplifier. Each kit comes with a hard storage case, two earbuds and cleaning brushes. There are also extra ear pieces and batteries in the ITC (pair) EAR sound amplifier pack. Designed to look more discreet, each piece has a natural tone and fits inside the ear canal. The volume of each hearing amplifier can be adjusted to a custom level. Sounds will be more defined while background noises and disturbances are filtered out. This medical instrument is designed to be long-lasting and comfortable. Use the pair as a main hearing aid or as a back-up solution. With the convenient storage box, it's easier to keep the devices clean and they can be efficiently transported when traveling. Two different-sized covers are provided so the user can find the best fit. Have a conversation more easily when you try the NewEAR EAR Hearing Sound Amplifier set.","I like them so far that they have improved the hearing of TV and voice sounds. Only have had them for about one week, don't know how long the batteries last todate."
(2 Pack) As Seen On TV! Gopher II Deluxe Pick Up & R  ...,$9.88 - $19.17,3.9/5.0,https://www.walmart.com/ip/2-Pack-As-Seen-On-TV-Gopher-II-Deluxe-Pick-Up-Reaching-Tool/977867921,"Make life easier with the Gopher II Deluxe Pick Up and Reaching Tool. This indispensable household helper simplifies the process of reaching hard-to-get items without bending, climbing, or straining. With the Gopher II reacher and grabber pick up tool, you can pick up high or low without effort or exertion. The simple-to-use design features a comfortable handle with large trigger that activates two suction-cupped gripping &quot;fingers&quot; when squeezed. The device expands easily, extending your reach by nearly 3' for effortless use with high shelves, low cabinets and more. The newly improved design features a rotating head that makes it even easier to access tight spaces. The rugged design is built to withstand regular use in indoor and outdoor settings. The reacher grabber pick stick folds down into a compact size for effortless storage when not in use.","I literally can not live without my reachy stick. The only issue I have is the rubber cups coming off. So I unscrew them and Gorilla glue them. Other than that, I have no complaints. My last one broke due to neglect (son) and I was miserable without it.  I use it to pick up trash, throw pillows, can goods, anything that falls that I can't bend to pick up. I bought 2. Now I have 3. I leave one in the bathroom, kitchen and living room. Love this stick."
"(2 Pack) Ettore Products 49036 36"" Grip' N Grab",$16.91 - $33.79,4.6/5.0,https://www.walmart.com/ip/2-Pack-Ettore-Products-49036-36-Grip-N-Grab/858316545,"Make picking things up easier when you use this handheld Ettore Products 49036 36&quot; Grip' N Grab. A slim stick profile makes it easy to reach in between the wall and furniture as well as other difficult to maneuver areas. The Grip 'N Grab tool features rubberized jaws that help keep hold of objects without slippage. It can even retrieve small items like coins, pills or pens. Turn the head of this Ettore Grip 'N Grab manually to adjust for an individual need so it can fit well or to improve visual acuity. Extend your reach by 3' safely and reduce the need for ladders or bending, which could risk injury for people with limited mobility. The shaft is rust-proof so it can even be used in water without damage. Use the Ettore Products 49036 36&quot; Grip' N Grab around the house while watching television, in the kitchen or out in the yard while gardening and limit the need for bending over.","This is the best grab tool for picking things up especially if you cannot bend over or have some other disability. It is a bit more expensive than some of the other ones out there but it grabs more than the ones with the rubber circles on the ends, plus it is 36 inches so it has a long reach."
Apex 7-Day MediPlanner Pill Organizer,$7.99,4.4/5.0,https://www.walmart.com/ip/Apex-7-Day-MediPlanner-Pill-Organizer/14089470,"The Apex 7-Day MediPlanner provides a useful system for holding and organizing your pills or vitamins. It helps manage a weekly four-times-per-day medication regimen. Each compartment in the Apex MediPlanner is labeled with Morn, Noon, Eve and Bed for each day of the week for easier and safer dosing. The four-compartment design and easy snap lids securely hold pills and keep them safe while within a drawer or on your counter. This product is ideal for taking with you when you travel, or for setting up elderly folks so they remember which pills to take and when. The bottoms of each compartment are contoured to make it easier for you to get the pills out. Their translucent tops allow you to see what's inside without having to open up the lids.","I needed a replacement for my old case which didn't last too long because of the flimsy plastic hinges on the little doors. They break off and soon will not stay on the case.

I was pleasently surprised to find this was made of a much heavier plastic and a different configuration for the hinges. Only time will actually tell if they are better, but I think they will be.
I am now glad I bought two.

Also happliy surprised to see the ""Made in America"" signs all over it.

If you need a replacement or are a first time user. This is the one to buy.

Jake"
Pill Organizer Medium 7 Day,$2.95,5.0/5.0,https://www.walmart.com/ip/Pill-Organizer-Medium-7-Day/46108695,"<ul>  <li>Classic 7-day design helps you remember daily medications</li>  <li>See-through plastic lets you see if today's pills have been taken without opening the lid</li>  <li>Each compartment holds 11 aspirin tablets</li>  <li>Durable, translucent plastic</li>  <li>Easy-open lids</li> </ul>","This is very useful and convient! It is an excellent reminder tool: the letteres are easy to see and read, it is easy to see and use :)"
"Ezy Dose Pill Planner, 1.0 CT",$4.78,4.3/5.0,https://www.walmart.com/ip/Ezy-Dose-Pill-Planner-1-0-CT/10996835,"<p>Ezy Dose Pill Planner. It is the leader in innovative, easy-to-use medication management products. It has large push buttons that easily pop open each compartment for morning and evening pill organization. Its push buttons are excellent for those with dexterity or hand sensitivity issues.</p>","I've looked high and low for a reliable and secure pill organizer. I've literally looked in every drug store and website I could think of.  I was sick of using the dollar store brand because the lettering would wear off within a week. This one the lettering has stayed on because you use your finger to unlock the latch and it doesn't touch the rest of the plastic. This one has securely locking compartments that won't come open unless you want it to. It's pretty large, but it can easily fit many pills and supplements in it. It lays flat so it won't topple over or fall. It also has little non-skid circles on the bottom so it stays in place on the counter. Mine came in Blue/Orange coloring, but I've also seen Blue/Purple in other stores.  Highly recommended!"
Digital Hearing Amplifier - (Pair of 2) Personal Hea  ...,$39.99,1.0/5.0,https://www.walmart.com/ip/Digital-Hearing-Amplifier-Pair-2-Personal-Hearing-Enhancement-Sound-Amplifier-Rechargeable-Digital-Hearing-Amplifier-All-Day-Battery-Life-Modern-Blue/173810948,"<p> <b>Have You Been Searching For A Rechargeable High Quality Behind The Ear Digital Hearing Amplifier? </b> <br /><br /> NewEar would like to share this amazing news with you. The <b>MEDca</b> rechargeable hearing amplifier is the most popular behind the ear sound amplification device for speech frequencies of the human voice with its complete background noise reduction and cancellation technology. Intelligently designed, the <b>MEDca</b> BTE digital hearing amplifier is compact, lightweight, discreet and durable in design making this the the ideal hearing solution for you to instantly experience higher quality sound the way it is intended. <br /><br /> With so many digital advancements today - you will want the latest technology when it comes to your hearing for the most crystal clear sounds. Our digital hearing amplifiers are practically invisible and very light weight for a remarkable industry leading standards. </p>  <p><b>The Perfect Easy Charge &amp; Go Battery Designer to Last All Day On</b></p>",I ordered a pair and only received one. The customer service at The Savings Mart is terrible. The hearing aid also doesn't hold the charge for more than two hours. Terrible device.
HealthSmart Folding Magnetic Tip Reacher Grabber for  ...,$9.99,3.4/5.0,https://www.walmart.com/ip/HealthSmart-Folding-Magnetic-Tip-Reacher-Grabber-Elderly-Disabled-32-Inch-Aluminum-Lightweight-Trash-Grabber-Garden-Nabber-Litter-Picker-Arm-Extension/36782329,"The HealthSmart 32 Aluminum Reacher Grabber with Magnetic Tip helps you to get things that are out of reach. It extends a full 32&quot;. Easily retrieve items from the top shelf or that have fallen behind the furniture. This folding reacher does the hard work by securely gripping the out-of-reach object, saving your back in the process. The aluminum frame and plastic handle and jaw ensure that it is not only lightweight, but sturdy as well. It even has a magnetic tip for picking up metal objects, such as screws or paper clips. This lightweight reacher has a comfortable, slip-resistant, ergonomically contoured handle. It's well-suited for people with back issues and can help them pick up shoes, a piece of paper, clothing or other items off the floor with minimal bending.",Such a great deal on this grabber. I think I'm going to order one for my mom for a Christmas present.
"RMS Sock Aid, Sock Puller, Stocking Aid, Stocking Do  ...",$9.95,4.8/5.0,https://www.walmart.com/ip/RMS-Sock-Aid-Sock-Puller-Stocking-Aid-Stocking-Donner-with-Foam-Handles-Made-in-USA-Limited-Lifetime-Warranty/134106880,"<p>The RMS Deluxe Sock Aid with Foam Handles is a convenient tool to assist with pulling on socks or stockings. It's an ideal aid to suit a variety of individuals. This RMS sock aid was designed carefully by healthcare professionals and manufactured in the USA to meet high-quality standards. It features comfortable foam handles and a flexible plastic shell. The slip-resistant pad and cords on this daily living aid can be cut to adjust the length, for a custom experience as well as convenience and ease of use. Your satisfaction is 100 percent guaranteed by the manufacturer. It's designed for use by disabled or elderly persons who have difficulty straining or reaching. Make the simple daily task of putting on socks quicker and more efficient with the RMS Deluxe Sock Aid.</p>","I ordered one of these sock tools, then told a friend about it. They had ordered two of them and gave me one of them, so I cancelled my order. The vendor was very nice and quick to process the cancellation.
This is a great sock tool! The sock holder is more rigid, not floppy, and holds the sock wide open unlike other ones that I have used where the holder bends and collapses.  Also has ropes to pull the sock up, and not bands which tear after time. I totally recommend this sock aid!"
Digital Hearing Amplifiers - Rechargeable BTE Person  ...,$42.73,3.1/5.0,https://www.walmart.com/ip/Digital-Hearing-Amplifiers-Rechargeable-BTE-Personal-Sound-Amplifier-Pair-USB-Dock-Premium-Gold-Behind-Ear-Sound-Amplification-NewEar/772347670,,These are great. I had a pair that cost $2000 that did not work any better.
EEEKit Foldable Long Reaching Pick Up Tool Claw Grip  ...,$7.97,3.1/5.0,https://www.walmart.com/ip/EEEKit-Foldable-Long-Reaching-Pick-Up-Tool-Claw-Gripper-Grabber-Helping-Hand-Kitchen-Home-Tool/110636174,"Great for assisting in picking up trash, getting into tight spaces, reaching high areas, picking up broken glass, and so many other uses. <br /> <li><b>Product Features</b></li> <li>Unique trigger-action design, easy to manipulate.</li> <li>Ultra lightweight aluminum alloy body, sturdy and durable.</li> <li>The soft suckers, you can pick up many kinds of things, even those that are hard to get your hands.</li> <li>Collapsible body hole on the handle ensures easy storage and transport.</li> <li>Turn the on-off switch on the handle, object can be kept being held or released.</li> <li>Please note this Gripper can not be used for picking up HEAVY article!</li> <li><b>Specification</b></li> <li>Device Type: Foldable Pick Up Tool Grabber Reacher Gripper</li> <li>Material: Aluminum alloy and plastic handle</li> <li>Size unfolded: 80cm / 31.5 inch</li> <li>Size folded: 40cm / 15.7 inch</li> <li>Weight: 7.4 oz / 210g</li> <li><b>Package Includes: 1 x Foldable Pick Up Tool Grabber Reacher Gripper.</b></li>",This EEEKit Grabber really works well. A clock had fallen behind my washing machine and I could not get it out. I ordered the Grabber and it was out so quickly. This grabber has a lot of holding power. It folds up for storage and is very lightweight. I highly recommend.
Reaching Aid 32 Inch,$7.33,4.4/5.0,https://www.walmart.com/ip/Reaching-Aid-32-Inch/32427526,"The HealthSmart 32 Aluminum Reacher Grabber with Magnetic Tip makes it simple to pick up items off the floor or get them down from a shelf. It features a slip-resistant ergonomic contoured handle for comfort during use. This extend grabber allows you to get to hard t reach places with ease, whether something is too high or low. It has an aluminum frame and plastic handle with jaw to ensure that it's not only lightweight but sturdy. This device will extend your reach a full 32&quot;. This aluminum grabber eliminates excessive bending. It does the hard work by securely gripping the out-of-reach object, saving your back in the process. This grabber is simple to operate. It has a magnetic tip for picking up light metal objects like screws or paper clips. The 2.5&quot; jaw opening features interlocking sections for a secure grip on just about any object.",Now I bought one of these for my mother like 5 years ago. Only reason I had to buy another was because one of the dogs decided to eat a piece on it. The magnet needs to be glued in. It does come out easily. That's the only down fall. They last. The price is great.
Ezy Dose Weekly / Push-Button 1 Medtime Planner,$6.68,4.0/5.0,https://www.walmart.com/ip/Ezy-Dose-Weekly-Push-Button-1-Medtime-Planner/10996834,"The four times a day Ezy Dose Weekly Push-Button Medtime Planner offers 28 compartments so you have plenty of room to organize your medicines. With this convenient device, you can ensure that you take your medication or vitamins in a timely fashion every day. The upgraded push-button mechanism and grip bottom offer a no-fuss, easy way to access daily medications without having to use two hands or excess pressure, making this an ideal choice for those with dexterity issues or sensitive hands. The weekly planner's extra-large compartments hold up to 30 pills, meaning you will be able to house an ample amount of medicine or vitamins. The Ezy Dose Weekly Push-Button Medtime Planner offers see-through covers so you know what is stored in each compartment.","WM 001

I take a lot of pills, in my humble opion, some prescribed by my medical doctor some determined by me from my research in Ortho Molecular Medicine. This pill dispenser keeps me accurate in taking the pills that I'm suppose to take, when I'm suppose to take them. It is no secret that some pills are best taken at certain times of the day. Other pills work synergistically with others, for example Vitamin C works synergistically with Rutin. This dispenser lets me accomplish that fact each week when I routinely schedule my pills, i.e. refill the dispenser, a process that I had a healthcare service want anywhere from $30.00 per month $150.00. This dispenser paid for itself in one week! Of course, I still had to “package the pills correctly.

I highly recommend this product or one like it for anyone who takes more than one or two pills multiple times throughout the day. I've recommended it to several people/friends verbally.

Gunner February, 2013.
WM-OO1
Wc:171
JBJ 2/22/13"
2 Round 7 Day Pill Box Medicine Organizer  Daily Wee  ...,$5.52,2.8/5.0,https://www.walmart.com/ip/2-Round-7-Day-Pill-Box-Medicine-Organizer-Daily-Weekly-Medication-Holder-Travel/199344006,"Remember to take your medicine, vitamins and supplements with this Daily Pill Box for Weekly Medication. It's the smart way to stay organized and on top of your medications, vitamins or supplements. Every pill case has seven individual compartments, one for each day of the week. Each pack contains two cases, so you can use them to separate vitamins and medicine or fill them both for extended travel. The cases are small and compact, so they fit easily in purses, backpacks, cosmetic bags and carry-ons. The colors vary, so the color shown may not be the color received. Pill organizers also make a useful gift.","The flip-up sections sometimes don't snap.  They are small for people who take alot of medications.  Expected two different colors like in the picture, but got only the blue."
Daily Pill Box AM PM Organizer Case Medicine Storage  ...,$5.49,2.2/5.0,https://www.walmart.com/ip/Daily-Pill-Box-AM-PM-Organizer-Case-Medicine-Storage-Vitamin-Tablet-Holder-New/174088095,This Daily Pill Box Medicine Storage is a handy item. It's clearly marked with every day of the week. This pill box organizer is transparent to see the contents inside. Each compartment snaps easily to keep everything safe inside. This AM PM pill box is also suitable for holding your vitamins and supplements. It makes a nice container for small beads and other jewelry as well.,"i have been using this pill box for several years, the price is the best rather than the drugstores around here that carry them. the only problem i see is the colors. the blue is associated with night time , but they are marked AM, the purple is the PM. it would be am improvement to change the blue to PM and perhaps put a yellow for the am."
"Flents Ezy Dose Pill Container with Snap-Shut Lid, 2  ...",$5.02,4.5/5.0,https://www.walmart.com/ip/Flents-Ezy-Dose-Pill-Container-with-Snap-Shut-Lid-2-count/54049510,"Easily maintain all of your medication in a safe and quickly accessed storage unit with this Ezy Dose Pill Container. It allows you to carry your tablets in your pocket or purse so you can stay on schedule. This Ezy Dose pillbox can be used for prescribed medication or vitamins. It is equipped with a secure snap-shut lid which safely contains your capsules without falling out. Each unit is designed to hold a single medication. The pieces are each different colors, which makes it easy to remember which one is for nighttime and which one is for the morning. You can store multiple doses of each pill for use when leaving town for a few days. The product comes in assorted random colors. It's made of plastic to be lightweight and tough. Its compact design and unlabeled exterior makes it more discreet to carry","I just received mine today and put my medications for every 4 hours in each small container. Easily fits 7 pills with extra room, so I tried some Big pills, Calcium petites and 7 of those even fit too. The closure is secure and will not spill your medication. The container measures 1-3/4 across and 1/2 inch tall. Good quality for an inexpensive price!"
As Seen On Tv Sock Slider - The Fastest Easiest Way   ...,$14.19,3.7/5.0,https://www.walmart.com/ip/As-Seen-On-Tv-Sock-Slider-The-Fastest-Easiest-Way-To-Put-Socks-On/770044010,,"idea is good, design not so much, instructions hopeless, quality even less so.  I have trouble fitting sock onto gadget, yet more trouble keeping gadget in place whilst inserting foot. With outside help it works but help might as well put sock on for me.  Bought mine on in store sale at just $3, not worth the gas to return.it for that"
