Omron 3 Series Upper Arm Blood Pressure Monitor,$28.77,4.4/5.0,https://www.walmart.com/ip/Omron-3-Series-Upper-Arm-Blood-Pressure-Monitor/38335909,"Monitor your blood pressure with the Omron BP710N 3 Series AdvancedAccuracy Upper Arm Blood Pressure Monitor Easy to use, it features a simple onetouch mode and can store up to 14 readings at a time while still giving you accurate results This Omron 3 series blood pressure monitor includes a cuff that fits both standard and large arms It also has an irregular heartbeat detector and an LCD display for easy reading",Walmart #  552821260
Omron 5 Series Upper Arm Blood Pressure Monitor with  ...,$39.99,4.5/5.0,https://www.walmart.com/ip/Omron-5-Series-Upper-Arm-Blood-Pressure-Monitor-with-Cuff/38335908,"This Omron Bp742n 5 Series Advancedaccuracy Upper Arm Blood Pressure Monitor helps ensure consistent, precise readings This model is quick and easy and has a few more features than previous model It has dual settings for two users, memory storage space for up to 100 readings and a wide range cuff that fits standard and large arms This accuracy blood pressure monitor is durable",Walmart #  552821258
Omron 3 Series Upper Arm Blood Pressure Monitor,$28.77,4.4/5.0,https://www.walmart.com/ip/Omron-3-Series-Upper-Arm-Blood-Pressure-Monitor/38335909,"Monitor your blood pressure with the Omron BP710N 3 Series AdvancedAccuracy Upper Arm Blood Pressure Monitor Easy to use, it features a simple onetouch mode and can store up to 14 readings at a time while still giving you accurate results This Omron 3 series blood pressure monitor includes a cuff that fits both standard and large arms It also has an irregular heartbeat detector and an LCD display for easy reading",Walmart #  552821260
Garmin Forerunner 35 GPS Running Watch,$139.99,4.3/5.0,https://www.walmart.com/ip/Garmin-Forerunner-35-GPS-Running-Watch/54319410?wpa_bd=&wpa_pg_seller_id=F55CDC31AB754BB68FE0B39041159D63&wpa_ref_id=5e17e52263a64fea06a48da05960eba8&wpa_aux_info=__aux_info__&wpa_tag=&wpa_pos=3&wpa_plmt=__plmt__&wpa_aduid=__aduid__,"Stay fit, stay connected and share your progress with Forerunner 35 This stylish, easytouse GPS running watch offers Elevate wristbased heart rate, giving you the option to run without a chest strap It also doubles as an allday activity tracker to give you steps and calories Forerunner 35 includes connected features like smart notifications, automatic uploads to the Garmin Connect online fitness community, LiveTrack and music controls right on your wrist Meet your fitness goals with help from various sport profiles, intervals, vibration alerts to keep you motivated and useful features such as Auto Pause and run/walk activity mode Forerunner 35 running watch has what you need to take your running to the next level Just put it on and go",Walmart #  558137629
Omron 7 Series Wrist Blood Pressure Monitor,$56.99,4.3/5.0,https://www.walmart.com/ip/Omron-7-Series-Wrist-Blood-Pressure-Monitor/15702123,"ul  liHeart Guide Technology automatically activates when your wrist is at heart level, ensuring consistently accurate readings/li  liTwo User Mode  Allows two different users to monitor and track their readings separately in the stored memory/li  liBP Level Indicator  Shows how your reading compares to internationally recognized guidelines for normal home blood pressure levels/li  liNew slim design is more discrete and convenient for portability, allowing users to monitor their blood pressure at home, work or anywhere/li  liIrregular Heartbeat Detector  This monitor can detect and alert you to irregular heartbeats while your blood pressure is being measured/li  liAdvanced Averaging  Exclusive technology automatically displays the average of up to the last 3 readings taken wtihin the last 10 minutes/li  li200 Memory Storage/li /ul",Walmart #  4073582
Garmin Forerunner 35 GPS Running Watch,$139.99 - $167.00,4.3/5.0,https://www.walmart.com/ip/Garmin-Forerunner-35-GPS-Running-Watch/54319418,"Stay fit, stay connected and share your progress with Forerunner 35 This stylish, easytouse GPS running watch offers Elevate wristbased heart rate, giving you the option to run without a chest strap It also doubles as an allday activity tracker to give you steps and calories Forerunner 35 includes connected features like smart notifications, automatic uploads to the Garmin Connect online fitness community, LiveTrack and music controls right on your wrist Meet your fitness goals with help from various sport profiles, intervals, vibration alerts to keep you motivated and useful features such as Auto Pause and run/walk activity mode Forerunner 35 running watch has what you need to take your running to the next level Just put it on and go",Walmart #  556303182
Omron 7 Series Upper Arm Blood Pressure Monitor with  ...,$50.68,4.2/5.0,https://www.walmart.com/ip/Omron-7-Series-Upper-Arm-Blood-Pressure-Monitor-with-Two-User-Mode-120-Reading-Memory/38335910,"Make sure you are healthy and facing no ill side effects when you use this Omron 7 Series Upper Arm Blood Pressure Monitor to take your vital signs every day It offers precision and comfort with an easywrap ComFit cuff that will work on most arms The cuff is built for arms that are 917&quot; in circumference The Omron blood pressure monitor with Bluetooth technology helps ensure consistent, precise readings with advanced accuracy The 7 Series Upper Arm model offers precision and comfort, with an accurate but simple interface that includes many standard features You get LED lights that help you identify where your measurements are, in relation to internationallyrecognized guidelines for normal blood pressure This wireless blood pressure monitor comes with an irregular heartbeat detector that will alert you if an erratic rhythm is detected during a blood pressure reading with the indicator icon",Walmart #  552821259
Omron Evolv Bluetooth Wireless Upper Arm Blood Press  ...,$69.99,4.4/5.0,https://www.walmart.com/ip/Omron-Evolv-Bluetooth-Wireless-Upper-Arm-Blood-Pressure-Monitor/326384298,Omron EVOLV is the next evolution in wireless heart health management Easily transmit your blood pressure readings wirelessly to the OMRON Connect APP using your mobile device This compact design makes it easy to use anywhere you need to take a blood pressure reading,Walmart #  567171828
Omron 10 Series Upper Arm Blood Pressure Monitor wit  ...,$64.99,4.5/5.0,https://www.walmart.com/ip/Omron-10-Series-Upper-Arm-Blood-Pressure-Monitor-with-Cuff/38335906,"Receive consistent, precise results with this Omron Bp785n 10 Series Advancedaccuracy Upper Arm Blood Pressure Monitor It is simple to use and the large digital display with backlight reduces common user reading errors The Omron blood pressure monitor comes with an easywrap cuff that fits arms 9&quot; to 17&quot; 22 cm to 42 cm It is also designed with an irregular heartbeat detector and memory storage with advanced averaging",Walmart #  552960415
Omron 10 Series Wireless Upper Arm Blood Pressure Mo  ...,$62.99,4.2/5.0,https://www.walmart.com/ip/Omron-10-Series-Wireless-Upper-Arm-Blood-Pressure-Monitor-with-Two-User-Mode-200-Reading-Memory/38335911,"The Omron 10 Series plus Bluetooth Smart home blood pressure monitor has all the features of the 10 Series monitor and more Now you can access your readings anywhere, anytime with the Omron Wellness mobile and website apps, that way its easier for you to track your progress and take the right steps to manage your heart",Walmart #  552291899
QardioArm Wireless Blood Pressure Monitor - Arctic W  ...,$79.90,4.8/5.0,https://www.walmart.com/ip/QardioArm-Wireless-Blood-Pressure-Monitor-Arctic-White/44389112,"A Smarter Read on Blood Pressure: QardioArm is the smart blood pressure monitor that fits your daily life It measures your systolic/diastolic blood pressure and heart rate A wireless blood pressure monitor with a revolutionary design and effortless user experience, QardioArm is the smart blood pressure monitor you can always have with you A beautiful device that turns on when you unwrap it and pairs to your phone with a tap All you have to do is put it on, launch the app and press &quot;START&quot; All readings are automatically recorded and uploaded to Qardios secure cloud From there, you can share your data with your family, friends or doctor QardioArms elegant and discreet design fits seamlessly into your life Its proprietary relaxation function and multimeasurement averaging feature allow even greater accuracy QardioArm empowers you to manage your heart health QardioArm works with Apple iOS iPhone 4s or later, iPad 3rd gen or later, iPad Air, iPad mini, iPod Touch 5th gen or later and Android please see getqardiocom/devices for a list of compatible devices Requires Bluetooth 40 and iOS 70 or later or Android 44 &quot;KitKat&quot; or later Free Qardio app, available in the Apple App Store or Google Play store",Walmart #  555081681
Omron 3 Series Wrist Blood Pressure Monitor (60 Read  ...,$36.88,4.5/5.0,https://www.walmart.com/ip/Omron-3-Series-Wrist-Blood-Pressure-Monitor-60-Reading-Memory/15715320,"Monitor your health with the Omron 3 Series Wrist Blood Pressure Monitor It features a discreet and convenient portable wrist unit that allows users to monitor their readings at home, work or anywhere It also has memory storage with a date and time stamp that allows you to review the last 60 results You can even display the average of readings taken in the last 10 minutes Equipped with a large easytoread display, this dependable Omron wrist blood pressure monitor is lightweight and portable, making it easy for you to check your blood pressure on the go Simply wrap the cuff around the wrist and press start to get your results in just seconds/p",Walmart #  4000979
Zacurate 500BL Fingertip Pulse Oximeter Blood Oxygen  ...,$13.50,4.4/5.0,https://www.walmart.com/ip/Zacurate-500BL-Fingertip-Pulse-Oximeter-Blood-Oxygen-Saturation-Monitor-with-batteries-and-lanyard-included-Chromatic-Blue/757187983,"This Zacurate Fingertip Pulse Oximeter Blood Oxygen Saturation Monitor with Batteries and Lanyard Included Chromatic Blue can help to give you accurate results on the go This device is designed by doctors and other health professionals to be used by pilots and sports enthusiasts who need to test their SpO2 blood oxygen saturation levels The fingertip oximeter can also show a pulse rate A large LED display face can be easily read by the user for fast accuracy Taking a reading with this Zacurate pulse oximeter is easy and efficient Simply clip it to your finger and operate with the press of a button Its small and compact size can be conveniently carried in a pocket, backpack or other methods Or, attach to the provided lanyard and wear around the neck while hiking or training This device comes with two AAA batteries and is ready to use right out of the package /p",Walmart #  564734705
digita l Wrist Blood Pressure Cuff Wrist Monitor Aut  ...,$13.29,3.0/5.0,https://www.walmart.com/ip/digita-l-Wrist-Blood-Pressure-Cuff-Wrist-Monitor-Automatic-digita-l-Sphygmomanometer-Diastolic-Systolic-High-Accurate-Meter-Best-Reading-High-Normal-/363741554," / Features:/p  //p liQuick and accurate measurement of blood pressure and pulse //li liWrist type model with simple operation of just 1 button push //li liIdeal for the daily monitoring of blood pressure //li liAutomatic determines ideal cuff inflation //li liAverage value for last three records //li liSelectable between mmHg and kpa //li liIrregular heart beating signalbDescriptions:/b/p //p/li liHigh &amp; low pulse rate indicators //li liLarge and clear LCD, easy to read //li liGuide standards for assessment of high blood pressure //li liWarning heart blinker, shows that the monitor is taking measurementbSpecifications:/b/p //p/li liItem Type:Blood Pressure //li liApplication:wrist //li liType: Wrist Blood Pressure Monitor //li liWrist Circumference: 135 ~ 195 mm //li liMeasurement Range: //li liPressure: 20 ~ 280 mmHg //li liPulse Rate: 40 ~ 165 beat / min //li liPressure: within 3 mmHg //li liPulse rate: within 5% of reading //li liMaterial:plastic //li liSize:70726325mmLWH //li liPower supply: 2 x AAA alkaline batteries not included //li liDisplay: LCD //li liBox size:909089mm //li liColor:White //li liPacking content: //li li1 x Wrist Type Blood Pressure Monitor  //li li/li",Walmart #  570159052
HoMedics BPW-060 Automatic Wrist Blood Pressure Moni  ...,$39.99,4.8/5.0,https://www.walmart.com/ip/HoMedics-BPW-060-Automatic-Wrist-Blood-Pressure-Monitor/17433497,"The HoMedics BPW060 Automatic Wrist Blood Pressure Monitor makes a helpful addition to a supply of medical gear with its comfortable design It features smart measure technology, which enables the device to automatically inflate and deflate at the appropriate level The HoMedics blood pressure monitor is designed to accurately compute diastolic and systolic numbers and pulse rate per minute It shows the readings on a digital screen with large numbers that are easy to see at a glance This appliance can be utilized by two different operators and it has enough memory to store and recall 120 results This monitor comes in a handy storage case/p",Walmart #  552027600
Omron 7 Series Wireless Wrist Blood Pressure Monitor,$69.54,4.6/5.0,https://www.walmart.com/ip/Omron-7-Series-Wireless-Wrist-Blood-Pressure-Monitor/46717863,"Measure your blood pressure on your own terms with the Omron 7 Series Wireless Wrist Blood Pressure Monitor with Bluetooth Smart Connectivity The slim and compact design allows for easy portability This Omron 7 Series automatically averages your 3 previous reading for a more accurate overview It comes with the main unit, batteries, instruction manual and quick start guide It also includes a storage case for onthego use This Omron 7 Series wrist Bluetooth blood pressure monitor saves over 100 readings and features Heart guide technology that detects when the wrist is at heart level before it begins monitoring, for simple and precise operation",Walmart #  554579958
As Seen on TV Blood Pressure Monitor by Color Doctor,$39.95,3.8/5.0,https://www.walmart.com/ip/As-Seen-on-TV-Blood-Pressure-Monitor-by-Color-Doctor/171086340,"High blood pressure is the leading cause of heart attacks and strokes Color Doctor provides an easy and accurate way to monitor your blood pressure&nbsp;Youll get accurate results in less than a minute on a colorcoded screen Green means your pressure is good to go and normal If the screen turns yellow, caution Your blood pressure is elevated And if it turns red, STOP Your blood pressure is dangerously high Along with reading your heart rate, Color Doctor will also alert you to an irregular heart beat Too many people dont know they suffer from high blood pressure until its too late Dont let it happen to you Get Color Doctor today This item needs batteries, AAA, which arent included",Walmart #  557075620
ChoiceMMed Pulse Oximeter,$34.99,4.6/5.0,https://www.walmart.com/ip/ChoiceMMed-Pulse-Oximeter/17325061,"This ChoiceMMed Pulse Oximeter is a nice device for fitness and outdoors enthusiasts, as well as medical or nursing students It conveniently and quickly measures the level of oxygen in your system and your pulse rate This ChoiceMMed oximeter has an easy to read HD display It is lightweight and easy to carry around with you wherever you go and it comes with a convenient carrying case and lanyard",Walmart #  004013768
Everlast TR10 Blood Pressure and Heart Rate Monitor   ...,$29.99 - $35.87,3.9/5.0,https://www.walmart.com/ip/Everlast-TR10-Blood-Pressure-and-Heart-Rate-Monitor-Activity-Tracker-Includes-Caller-ID-and-Message-Previews/157143777,"Everlast TR10 Blood Pressure and Heart Rate Monitor Activity Tracker  Stay healthy with theEverlast TR10 Blood Pressure and Heart Rate Monitor Activity Tracker This watch features a silicone band, available in color options to choose from It will monitor your heart rate and blood pressure, as well as keep track of steps, calories burned, and sleep patterns Compatible with current iOS and Android smart phones, the watch includes a remote camera controller for taking handsfree selfies An antiloss alert will notify you if the watch is 30feet away from your home, so youll never have to worry about missing out on tracking your progress",Walmart #  566032179
Omron HBF-306C Body Fat Loss Monitor,$35.31,4.5/5.0,https://www.walmart.com/ip/Omron-HBF-306C-Body-Fat-Loss-Monitor/3342463,"Now you can get on track to a healthier, leaner you with the Omron Hbf306c Body Fat Analyzer While you work hard to eat right and exercise, you want to monitor your progress With this body fat monitor, all you have to do is grab onto the handles, and youll have your results in seconds This clinically proven device records your numbers in the convenience of your own home The instruction manual gives thorough steps for use, and you get a reading for both body mass index and body fat percentage This helps you achieve or maintain your fitness goals The Omron fat loss monitor has memory settings for nine individuals, so you can use it with your family or workout buddies",Walmart #  004097202
"3M Littmann Cardiology IV Stethoscope, Available in   ...",$164.02 - $206.95,5.0/5.0,https://www.walmart.com/ip/3M-Littmann-Cardiology-IV-Stethoscope-Available-in-Multiple-Colors/112383005,"The 3M Littmann Cardiology IV Stethoscope is the next generation of one of the most recognized stethoscopes in the profession, offering improved acoustic performance with better audibility of highfrequency sounds adult side, firm pressure Its distinctive chaliceshaped chestpiece features tunable diaphragms on both sides to deliver outstanding acoustic performance, diagnostic versatility, and convenience for treating adult and pediatric patients The pediatric side of the chestpiece converts to a traditional open bell by removing the tunable diaphragm and replacing it with the included nonchill bell sleeve",Walmart #  565109015
Apple Watch Series 1 - 38mm - Sport Band - Aluminum   ...,$249.00 - $269.00,4.8/5.0,https://www.walmart.com/ip/Apple-Watch-Series-1-38mm-Sport-Band-Aluminum-Case/54594239,"Move, Exercise, and Stand rings visualize the ways you move each day, and smart coaching features help you hit your activity goals Pick from a variety of indoor and outdoor workouts, including highintensity interval training Better manage everyday stress and check your heart rate in more insightful ways Receive calls, messages, and notifications and do things quickly and conveniently right from your wrist, so you never miss a beat",Walmart #  565805431
Apple Watch Series 3 GPS - Sport Band - Aluminum Cas  ...,$304.99,4.2/5.0,https://www.walmart.com/ip/Apple-Watch-Series-3-GPS-Sport-Band-Aluminum-Case/807557768,"Measure your workouts, from running and cycling to highintensity interval training Track and share your daily activity, and get the motivation you need to hit your goals Better manage everyday stress and monitor your heart rate more effectively Automatically sync your favorite playlists 1 And stay connected to the people and info you care about most",Walmart #  565544221
BalanceFrom Digital Body Weight Bathroom Scale with   ...,$9.99,4.2/5.0,https://www.walmart.com/ip/BalanceFrom-Digital-Body-Weight-Bathroom-Scale-with-Step-On-Technology-and-Backlight-Display-400-Pounds-Silver/249198048,"BalanceFrom Digital Body Weight Bathroom Scale with StepOn Technology and Backlight Display, 400 Pounds, Silver",Walmart #  571870492
Ozeri Precision Digital Bath Scale (400 lbs Edition)  ...,$12.95,4.4/5.0,https://www.walmart.com/ip/Ozeri-Precision-Digital-Bath-Scale-400-lbs-Edition-in-Tempered-Glass-with-Step-on-Activation/37417379,"The new Ozeri Precision Digital Bathroom Scale features autocalibration technology that makes tracking your weight easy, right out of the box With the latestgeneration of StepOn Activation, your body weight is displayed immediately upon stepping onto the scale, with no tapping required to turn on or activate the scale The Ozeri Precision Digital Bathroom Scale accurately displays results in increments of 02 pounds or 01 kilograms on its easy to read widescreen LCD, and uses GX sensors to capture weights up to 400 lbs or 180 kg with industryleading accuracy It also boasts a convenient unit button that instantly changes the unit of measurement from pounds to kilograms and British stones The Ozeri Precision Digital Bathroom Scale is accurate and easy to use, and durably made out of impactresistant tempered glass It turns off automatically to conserve battery life, and runs on 1 Lithium 2032 battery included for the best in performance Your Satisfaction is 100% Guaranteed",Walmart #  552819579
Fitbit Aria 2 Wi-Fi Smart Scale,$128.95,4.6/5.0,https://www.walmart.com/ip/Fitbit-Aria-2-Wi-Fi-Smart-Scale/915820231,"Get information and motivation to reach your goals with the Fitbit Aria 2 WiFi Smart Scale This sleek scale gives you a clear, holistic picture of your health and body composition by accurately measuring weight, body fat percentage, lean mass and BMIall in one step Reengineered with the latest technology, Aria 2 captures data with greater precision than ever And with builtin Bluetooth, you can set it up in just a few minutes from your smartphone Easy to set up and even easier to use, this sleek scale syncs your stats automatically to the Fitbit app, so you can see how everything you do adds upfrom steps to exercise to nutrition Aria 2 works seamlessly with Fitbit trackers so you have more tools to help you reach your weight goals Weight trends often share a relationship with exercise activity, resting heart rate, and even sleep habits Compare your food consumption and exercise against your weight trends for a more wellrounded picture of your health Logging food and exercise is quick and easy on the Fitbit app The more you log, the better analysis youll get of your health and progress Shortterm fluctuations in weight dont always give you a realistic view of your health and fitnessits the longterm trends that matter most Through easytoread graphs on the Fitbit app and online dashboard, Aria 2 helps show you the bigger picture so you can take control of your results Aria 2 is meant to be shared This smart scale can recognize up to 8 users while keeping individual stats private Every time you step on the scale, Aria 2 recognizes who you are, displays your data, and sends your stats straight to your Fitbit account",Walmart #  565633996
Taylor Precision Products 7506 Chrome & Glass Lithiu  ...,$29.87,4.5/5.0,https://www.walmart.com/ip/Taylor-Precision-Products-7506-Chrome-Glass-Lithium-Digital-Scale/14311191,"This Taylor Digital Scale helps you keep track of your weight It features a stylish, hightempered glass platform with a chrome finished base The sleek design allows it to blend with all types of bathroom decor This battery digital scale is accurate up to 400 lbs It measures weight in 2 lb increments on a large 15&quot; LCD display",Walmart #  001131235
Ozeri Touch 440 lbs Total Body Bath Scale – Measures  ...,$24.00,4.4/5.0,https://www.walmart.com/ip/Ozeri-Touch-440-lbs-Total-Body-Bath-Scale-Measures-Weight-Fat-Muscle-Bone-Hydration-with-Auto-Recognition-and-Infant-Tare-Technology/33412350,"Newly updated, the Ozeri Touch 440 lbs Total Body Scale now provides instant adult and infant weight measurements, and calculates body fat, hydration, muscle mass and bone measurements Embedded with StepOn technology, it automatically powers on upon contact and features 4 touch sensitive buttons for easy operation It also features 4 icons that automatically illuminate on the screen for body fat, hydration, muscle and bone measurements The Ozeri Touch includes builtin memory for up to 8 users with auto recognition technology for shared use at home, the office or the gym Each profile stores weight, gender, height, and age data so that your family members can each track their progress The Ozeri Touch Total Body Scale combines advanced algorithms with bioelectrical impedance analysis BIA, incorporating a persons age, height, gender and weight, for its accurate measurements BIA is a wellestablished and respected method used to estimate body fat, hydration, muscle mass and bone measurements The Ozeri Touch Total Body Scale displays all results on its easy to read highcontrast LCD screen It utilizes 4 latest generation GX sensors to capture weights up to 440 lbs 200 kg with industry leading accuracy With its innovative Tare feature, the Ozeri Touch Bath scale also eliminates all the stress with weighing an infant or pet Simply step on the scale to record your weight, step off and back on again while carrying your infant or pet, and the scale accurately displays both weights on separate sections of its bright LCD The Tare feature also works as a handy luggage scale so there are no unpleasant surprises at the airport, and it just as easily weighs parcels and boxes It turns off automatically to conserve battery power, and runs on 2 included Lithium batteries for optimal performance The scale is made of impact resistant tempered glass which is 4 times stronger than normal glass, and boasts a reflective surface and elegant design",Walmart #  552819561
"Apple Watch Sport 38mm, Refurbished",$189.98,3.6/5.0,https://www.walmart.com/ip/Apple-Watch-Sport-38mm-Refurbished/55009797,"Each of the metals used to make Apple Watch is a custom alloy, engineered to be both beautiful and durable Apple Watch Sport features anodized aluminum cases with a silver, space gray, gold, or rose gold finish Apple Watch models are crafted from stainless steel or space black stainless steel Each case is available in two sizes: 38mm and 42mm There’s also a wide range of interchangeable bands made from a variety of materials Apple Watch has breakthrough technologies like the Digital Crown, Taptic Engine, and Force Touch And with up to 18 hours of battery life, you can use it all day long1",Walmart #  556594217
Apple Watch Series 3 GPS - 38mm - Sport Band - Alumi  ...,$399.00,0.0/5.0,https://www.walmart.com/ip/Apple-Watch-Series-3-GPS-38mm-Sport-Band-Aluminum-Case/725480064,"Measure your workouts, from running and cycling to highintensity interval training Track and share your daily activity, and get the motivation you need to hit your goals Better manage everyday stress and monitor your heart rate more effectively Automatically sync your favorite playlists 1 And stay connected to the people and info you care about most",Walmart #  565544217
Taylor 7519 Ultra-Thick Digital Glass Bathroom Scale  ...,$35.48,4.4/5.0,https://www.walmart.com/ip/Taylor-7519-Ultra-Thick-Digital-Glass-Bathroom-Scale-with-Backlit-LCD-Display/11089592,"or the ultimate in performance and precision, turn to the Taylor 7519 Digital Glass Bathroom Scale with Backlit LCD Display An extralarge 13 x 13 platform constructed of ultrathick 10mm durable, clear tempered glass commands attention, while opulent metallic silver accents compliment this scales timeless design This digital bathroom scale features a generous 30 x 14 AccuGlo LCD readout with blue backlight, prominently displaying accurate measurements up to 440 lb/200 kg in 02 lb/01 kg increments Inside the box, you will find the Taylor 7519 Digital Glass Bathroom Scale with Backlit LCD Display, an instruction manual, and 3 branded AAA batteries This scale is backed by a 5Year limited warranty",Walmart #  001107263
Health o meter Weight Tracking Digital Scale,$19.88,2.4/5.0,https://www.walmart.com/ip/Health-o-meter-Weight-Tracking-Digital-Scale/8245670,"This HealthOMeter Weight Tracking Digital Scale can make a difference in a successful health and fitness plan Featuring advanced technology, its precise and accurate to take the guesswork out of weight management Known as &quot;The Doctors Scale,&quot; it stores information and tracks the last weighin for up to two users for quick and easy tracking The 28&quot; x 13&quot; LCD display makes reading your weight easy while the fourload cell technology helps ensure dependable performance This HealthOMeter is batteryoperated and measures up to 350 lbs in 02 lb increments Whether youre trying to lose weight or just monitor your health, this device is designed to help makes it simple",Walmart #  001160761
ReliOn BP100 Upper Arm Automatic Blood Pressure Moni  ...,$18.52,3.3/5.0,https://www.walmart.com/ip/ReliOn-BP100-Upper-Arm-Automatic-Blood-Pressure-Monitor/22569732,"Get your health in check and fight the war on diabetes and hypertension when you use the ReliOn BP100 Upper Arm Automatic Blood Pressure Monitor This takes the hassle out of managing diabetes and its many effects The ReliOn BP100 upper arm blood pressure monitor has a simple design that makes it suitable for use at home and while on the go Its equipped with a digital panel that features easytoread numbers and a widerange arm cuff that turns on/off with just one touch This home blood pressure monitor has been validated clinically for accuracy The last measurement is recalled, so you can compare between past and present The kit contains one monitor, one cuff, a quick start guide, an illustrated instruction manual and four AA batteries ReliOn understands all the ways diabetes touche your life With affordable, reliable products and total lifestyle support, ReliOn helps you be your best",Walmart #  550780776
ReliOn BP200W Wrist Blood Pressure Monitor,$25.92,2.5/5.0,https://www.walmart.com/ip/ReliOn-BP200W-Wrist-Blood-Pressure-Monitor/31956247,Stay on top of your health by using this ReliOn Wrist Blood Pressure Monitor It is designed to be reliable as well as convenient The BP200W ReliOn blood pressure monitor shows the time stamp and day for every result It detects an irregular heartbeat and excessive body motion and has a risk indicator for hypertension The battery operated blood pressure monitor includes a positioning sensor and a wrist cuff It holds a total of 90 readings for one user This monitor comes with two AAA batteries for quick operation It also includes simple instructions that are written in both English and Spanish It is designed to let you keep track of your blood pressure as needed The large display is made for you to be able to easily read it This will allow you to accurately see the information so that you can correctly record it,Walmart #  551641291
Bluestone Automatic Wrist Blood Pressure Monitor wit  ...,$16.99,3.7/5.0,https://www.walmart.com/ip/Bluestone-Automatic-Wrist-Blood-Pressure-Monitor-with-120-Memory/49307063,"The Bluestone Automatic Wrist Blood Pressure Monitor is designed to be a fully automatic, one button operation that is convenient to use for blood pressure monitoring at home or on the go This monitor is an accurate device that allows storage for up to 120 readings on an easy to read LCD display This automatic digital comfortably fits to your wrist to help to provide reliable results for blood pressure systolic and diastolic and pulse readings It also even features a hypertension indicator that provides a comparison to standards set by the World Health Organization SATISFACTION GUARANTEED: Bluestone is committed to providing the consumer with the absolute best price and value on all our products, which we ensure by applying a rigorous quality control process NOTE: This is an exclusive product of Bluestone and ONLY Wrist Blood Pressure Monitors by Bluestone are GUARANTEED to be genuine IMPORTANT: Avoid buying counterfeit products and transacting with unauthorized sellers Look for our logo on the packaging for every one of our products Bluestone is a registered trademark protected by US Trademark law and will be vigorously defended",Walmart #  555137872
