"Carex Cane Designer Soft Grip Derby Handle Cane, Red",$9.67,4.9/5.0,https://www.walmart.com/ip/Carex-Cane-Designer-Soft-Grip-Derby-Handle-Cane-Red/13447044,"Get around in comfort and style with this Carex Designer Soft Grip Derby Handle Cane Made of highquality material, it features innovative technology that decreases shock and reduces fatigue in the hand and upper body This Carex walking cane can be adjusted from 31&quot; up to 40&quot; Its also adaptable for use with either a left or a righthanded person The handle features a soft grip, ergonomic style for comfort and is 100 percent latexfree It supports up to 250 lbs and includes a wrist strap for added convenience This Carex Designer Soft Grip Derby Handle Cane also has a rubber tip for improved traction on multiple surfaces The stylish red pattern will have you stand out in the crowd",Walmart #  004068165
Carex Black Adjustable Offset Walking Cane,$14.20,4.5/5.0,https://www.walmart.com/ip/Carex-Black-Adjustable-Offset-Walking-Cane/9894417,"This Carex Black Adjustable Walking Cane is designed to make getting around easier It features a soft, cushioned handle with a wrist strap for improved comfort and grip It is easy to adjust the height from 29&quot; to 38&quot; This aluminum black cane is lightweight and has a 3/4&quot; tip and can support users up to 250 lbs",Walmart #  004037266
Medline Quad Cane Small Base Black,$15.60,4.3/5.0,https://www.walmart.com/ip/Medline-Quad-Cane-Small-Base-Black/9894033?wpa_bd=&wpa_pg_seller_id=F55CDC31AB754BB68FE0B39041159D63&wpa_ref_id=7774380061e36c69308f67e38c355f27&wpa_aux_info=__aux_info__&wpa_tag=&wpa_pos=3&wpa_plmt=__plmt__&wpa_aduid=__aduid__,"The Medline Small Base Quad Cane gives you more support than a traditional cane Secured with nonskid rubber tips for added safety, the unit does not slip on smooth surfaces This walking stick provides extra stability with its unique design and pushbutton locking feature The black cane has a sleek finish that resists scratching to stay looking newer for longer You can adjust the height to suit your body for more comfortable use This aluminum quad cane is lightweight and strong enough to hold up to lots of regular use Its also immune to rust for a longer service life Theres no assembly required; this walking stick is ready to use right out of the box",Walmart #  551492635
"Carex Offset Adjustable Designer Walking Cane, Blue",$17.00,4.3/5.0,https://www.walmart.com/ip/Carex-Offset-Adjustable-Designer-Walking-Cane-Blue/9894415,"Get around town easily and in style with this Carex Offset Adjustable Designer Walking Cane Its made of a highquality material and easy to use This blue walking cane adjusts from 31&quot; up to 40&quot; with a simple push of a button It also features a soft cushioned, ergonomic handle with a convenient wrist strap for sustained comfort and control Plus, it has a flat, nonslip rubber tip on the bottom that promotes stability and prevents damages to surfaces The stylish finish gives it an elegant appearance It can support up to 250 lbs",Walmart #  004098266
"Medline Bariatric Quad Cane, 500lbs Capacity",$19.74,4.8/5.0,https://www.walmart.com/ip/Medline-Bariatric-Quad-Cane-500lbs-Capacity/7983644?wpa_bd=&wpa_pg_seller_id=F55CDC31AB754BB68FE0B39041159D63&wpa_ref_id=ddd2cca25cd4cfd934f32d5a69f515ec&wpa_aux_info=__aux_info__&wpa_tag=&wpa_pos=5&wpa_plmt=__plmt__&wpa_aduid=__aduid__,"All steel construction with doubleplated base allows for a 500 lb weight capacity Contains a secure locking ring and dualtubing insert for added strength and safety Small base cane has a 6 x 8&quot; footprint Adjustment height, 29  38&quot;",Walmart #  566273537
HurryCane Freedom Edition Folding Cane with T Handle,$29.93 - $38.59,4.1/5.0,https://www.walmart.com/ip/HurryCane-Freedom-Edition-Folding-Cane-with-T-Handle/54055466,"Cuttingedge, patented technology allows the HurryCane, the 1 selling cane in America, to feel like a seamless extension of the body The HurryCane is unrivaled thanks to industryleading innovations A SteadiGrip base simulates your foots natural stabilizing points, increasing traction and improving balance To further maximize stabilization, the HurryCane automatically flexes on inclines, uneven ground, and fluctuating terrain both inside and outdoors Effortlessly fold the HurryCane to onethird its normal size for compact storing whenever needed, and easily flip back out for continued use To find the perfect fit that will provide lasting comfort, adjust the cane height between 305&quot; to 375&quot; by simply pushing the button located on the handle Feel confident using the durable HurryCane to ensure the next steps you take are safe The HurryCane is tested to support up to 350 pounds",Walmart #  550552042
Drive Medical Heavy Duty Folding Cane Lightweight Ad  ...,$17.49 - $33.00,4.4/5.0,https://www.walmart.com/ip/Drive-Medical-Heavy-Duty-Folding-Cane-Lightweight-Adjustable-with-T-Handle/33651292,"The Heavy Duty Bariatric T Handle Folding Cane from Drive Medical doesnt skimp on style or strength Great for use on the go, the canes sleek black finish is a look that you are sure to love With a 500 pound weight capacity, this sturdy cane will support you throughout your daily life Unlike other heavy duty canes on the market, this cane quickly and easily folds into four pieces to make transportation and storage a cinch",Walmart #  572592995
"Equate Comfort Grip Cane, Black",$13.74,3.5/5.0,https://www.walmart.com/ip/Equate-Comfort-Grip-Cane-Black/14179114,"Get muchneeded stability and assistance for your daily walking with Equate Comfort Grip Cane It features a cushioned grip for a snug hold while walking, along with a holding strap so that the cane doesnt fall away It can easily be height adjusted with the push of a button and remains securely locked when in use It is lightweight but sturdy, with a weight capacity of 300 lbs The slip resistant rubber tip provides additional traction Experience a convenient option for walking with assistance with the Equate Comfort Grip Cane/p Making the right health decisions can be challenging With a complete range of products and simple solutions, Equate allows you to take care of your family with confidence/p  /",Walmart #  567994768
"Hugo QuadPod Offset Cane with Ultra Stable Cane Tip,  ...",$26.95,4.6/5.0,https://www.walmart.com/ip/Hugo-QuadPod-Offset-Cane-with-Ultra-Stable-Cane-Tip-Aquamarine/17753865,"Get extra support for walking with the Hugo QuadPod Offset Cane This device can accommodate people who are between 5 and 65&quot; tall This adjustable cane is durable, versatile and stylish The cane tip is 54 percent lighter and 80 percent more compact than a largebase quad cane The unique design recenters itself for maximum stability and allows the device to stand independently The ultrastable QuadPod cane incorporates push buttons to provide 12 precision height settings and can support up to 300 lbs The ergonomic shockabsorbing cushiontop handle is designed to fit more comfortably in your hand and has a reflective strap for added nighttime safety This mobility aid is manufactured of heavygauge anodized aluminum to provide durability, while also being lightweight and easy to transport //p",Walmart #  550070827
"Equate Folding Cane, Black",$18.74,5.0/5.0,https://www.walmart.com/ip/Equate-Folding-Cane-Black/14179136,"Get muchneeded stability and assistance for your daily walking with Equate Folding Cane It folds at three points along the shaft for easy storage in a purse or a briefcase It remains securely locked when open for walking and can easily be height adjusted with the push of a button from 33&quot; to 37&quot; It is lightweight but sturdy, with a weight capacity of 300 lbs The slip resistant rubber tip provides additional traction The handle is designed ergonomically for a comfortable grip Experience a convenient option for walking with assistance with the Equate Folding Cane/p Making the right health decisions can be challenging With a complete range of products and simple solutions, Equate allows you to take care of your family with confidence/p  /",Walmart #  567994774
"Carex Designer Soft Grip Derby Walking Cane, Blue",$15.03,4.5/5.0,https://www.walmart.com/ip/Carex-Designer-Soft-Grip-Derby-Walking-Cane-Blue/13447045,"Maintain your mobility with this Carex Designer Soft Grip Derby Walking Cane It decreases shock and hand fatigue while reducing pressure on the wrist The height easily adjusts from 31&quot; to 40&quot; with the push of a button to accommodate users of all sizes The latexfree handle makes it comfortable to use, while the convenient wrist strap prevents it from falling This Carex walking cane has a blue design and is a stylish and comfortable choice It supports up to 250 lbs in weight",Walmart #  004068172
Drive Medical Adjustable Height Offset Handle Cane w  ...,$11.50 - $22.00,5.0/5.0,https://www.walmart.com/ip/Drive-Medical-Adjustable-Height-Offset-Handle-Cane-with-Gel-Hand-Grip/17284692,"If you are looking for comfort and style, look no further Drive Medicals adjustable height gel grip cane has you covered The gel grip is designed to reduce stress and hand fatigue providing a more comfortable experience The handle height is adjustable from 285&quot; to 38&quot; allowing for custom sizing Thanks to the silencer, rattling is prevented and the canes height is locked in place giving you added safety and security As an added bonus, a handy wrist strap attached to the handgrip will ensure that you are always in reach of your cane when you need it In addition to comfort this offset handle cane comes in three stylish colors: Blue Crackle, Red Crackle and Black The product is manufactured with sturdy, 1&quot; diameter anodized, extruded aluminum tubing",Walmart #  551085331
Carex Derby Designer U.S. Flag Walking Cane,$15.99,4.8/5.0,https://www.walmart.com/ip/Carex-Derby-Designer-U-S-Flag-Walking-Cane/17215623,"Show your pride, patriotism and style with the Carex Derby Designer US Flag Walking Cane It is height adjustable with a push button, so you can find the right length quickly Its actual height is adjustable from 31&quot; to 40&quot;, giving you plenty of range This lightweight walking cane is crafted out of aluminum, providing you with an easytocarry and tough tool to help with your mobility needs It is topped off with a black finished handle with a contoured grip that is easy to hold onto",Walmart #  004020362
"Quad cane, large base, chrome, 4ea",$11.42 - $98.57,0.0/5.0,https://www.walmart.com/ip/Quad-cane-large-base-chrome-4ea/35192395,"The Offset Handle Adjustable Aluminum Cane has an ergonomically designed handle with a soft foam grip to provide comfort and security It has a black finish and a height range of up to 38 inches This offset handle cane is manufactured with sturdy, extruded aluminum tubing and is a versatile mobility tool for many types of people Height adjustment is easy with one push of the snap button and a twist of the antirattle collar knob The rubberfooted tip ensures safe and easy travel over most surfaces This device has a weight capacity of 300 lbs, and it comes standard with a wrist strap",Walmart #  567066665
Super Big Foot Cane Tip in Black,$8.62 - $8.63,5.0/5.0,https://www.walmart.com/ip/Super-Big-Foot-Cane-Tip-in-Black/54423195,The Super Big Foot cane tip allows any cane to stand on its own in style The six &quot;foot&quot; tip will keep your cane where you leave it eliminating the fear of it falling down or you losing it But dont worry about losing functionality as the will flex when you walk allowing you to stay mobile Dress up your cane in style with two color options: black and pink Cane tip can be easily added onto any standard aluminum cane with a 3/4inch shaft,Walmart #  570564629
"Carex Small Base Designer Quad Cane, Blue Satin",$19.35,4.5/5.0,https://www.walmart.com/ip/Carex-Small-Base-Designer-Quad-Cane-Blue-Satin/10716134,"This Carex Small Base Designer Quad Cane is an effective mobility solution to help you get around easier It is adaptable for right or lefthanded use This Carex walking cane features a cushioned, offset handle that helps reduce pressure on the wrist With a small base, it can be used on stairs You can adjust its height in 1&quot; increments for your comfort This offset walking cane has a low center of gravity that is designed to increase your stability and balance It has a weight limit of 250 lbs The cane has an attractive designer finish to stand out from the rest A soft layer around the handle gives you a more secure grip and makes it more comfortable to hold Carex canes are also available in wider bases or in single tips to suit your needs and preferences each sold separately",Walmart #  552290636
Crome Large Base Adjustable Quad Cane Foam Handgrip   ...,$15.81,4.7/5.0,https://www.walmart.com/ip/Crome-Large-Base-Adjustable-Quad-Cane-Foam-Handgrip-1-CS/12518935,"This Chrome LargeBase Quad Cane with a foam handgrip, 1/CS is designed to provide stability for the user who needs extra assistance getting around The large base and nonskid rubber tips of this handy piece of equipment will ensure that users will feel confident and secure when walking across any type of floor surface This aluminum quad cane is sturdy, yet lightweight, and its also simple to maneuver It can be easily picked up throughout the course of walking, so you can move it around in any direction at will The adjustable quad cane is strong enough for use by people who weigh up to 250 lbs, so its suitable for many people The foam handgrip on this item provides comfort for those who walk long distances or for people with arthritis who need a little bit of extra support/p",Walmart #  563270999
Couture™ Offset Fashion Cane with Matching Standing   ...,$27.66 - $29.90,4.8/5.0,https://www.walmart.com/ip/Couture-Offset-Fashion-Cane-with-Matching-Standing-Super-Big-Foot-Tip-in-Swirl-Style/786297104,"The Couture Cane is High Fashion from Top to Bottom It is the first cane that features a shaft with a designer pattern that also matches the standing cane tip This unique set makes your cane a fun fashion accessory rather than just a medical walking stick You have 5 attractive patterns to choose from and each aluminum cane is height adjustable from 30&quot; to 39&quot; Features a offset style design with a soft foam grip that is great for any hand and a strap that allows you to keep your cane with you at all times The Super Big Foot Cane Tip will allow your cane to stand on its own when you are shopping, eating dinner, or just relaxing at home The tip feature 6 feet that grip the surface as you walk and the tip flexes for maximum mobility Canes support up to 250lbs",Walmart #  569736108
HealthSmart Folding Walking Cane Stick for Men and W  ...,$16.83$16.83/in,5.0/5.0,https://www.walmart.com/ip/HealthSmart-Folding-Walking-Cane-Stick-for-Men-and-Women-with-Comfort-Grip-Collapsible-Walking-Cane-Lavender/21382677,"Retain your independence and get around in comfort and style with this HealthSmart Folding Comfort Grip Cane, Lavender Its made of a highquality aluminum and features a contoured handle for sustained comfort and control This folding cane adjusts from 33 to 37 inches high in 1inch increments It also has a nonslip rubber tip for better traction and can support up to 250 lbs",Walmart #  552692680
Drive Medical Folding Lightweight Cane with Sling St  ...,$19.99,4.2/5.0,https://www.walmart.com/ip/Drive-Medical-Folding-Lightweight-Cane-with-Sling-Style-Seat/17351525,"This deluxe folding aluminum seat cane by Drive Medical features convenience right out of the box Ideal for individuals on the go this cane can be used as a resting seat or traditional walking cane The sling material provides a comfortable seat for resting when opened When closed this cane increases mobility and ensures maximum safety and security Strong aluminum bronze construction and four sturdy legs with vinyl contoured tips can support a weight capacity of 250 pounds The 15&quot; x 6&quot; nylon sling seat sits 22&quot; from the floor when open, while the cane stands 34&quot; tall when closed and weighs just 24 pounds Foam grip handles on both arms provide additional comfort",Walmart #  564081025
"Carex Round Handle Walking Cane, Silver Mens",$14.60,5.0/5.0,https://www.walmart.com/ip/Carex-Round-Handle-Walking-Cane-Silver-Mens/33455783,"Cane, Walking 1 cane A75600 Caring for you Made in China Fitting Guidelines: Consult a heath care professional for use instructions Hold cane with the hand opposite weak or injured side, 6 inches outside body not right beside Elbows should be bent 1520 degrees when pressing down 30 degrees without pressure 1 cane PO Box 2526 Sioux Falls, SD 571012526 8003282935 2008",Walmart #  563276069
"Hugo QuadPod Offset Cane with Ultra Stable Cane Tip,  ...",$26.95,4.2/5.0,https://www.walmart.com/ip/Hugo-QuadPod-Offset-Cane-with-Ultra-Stable-Cane-Tip-Ebony/17753854,"This Hugo QuadPod Offset Cane with UltraStable Cane Tip is an ideal solution for anyone between 5 and 6 5&quot; tall to use as a walking aid It comes with an ergonomic handle that grips comfortably in the hand and even includes a wrist strap to prevent the device from falling to the ground The Hugo QuadPod cane helps you remain independent It has a large base to keep consumers balanced, but it is also small enough to climb up or down sets of stairs This ebony walking cane has a unique design that recenters itself and allows the safety equipment to stand upright on its own It is lightweight at only 14 lbs and is easy to take along with you The Hugo QuadPod Offset Cane with UltraStable Cane Tip is a visually appealing, sleek and stylish model with a reflective band to keep the user safe at night It has buttons that make adjusting it to meet your height requirements simple //p",Walmart #  550070828
Drive Medical Lightweight Adjustable Folding Cane wi  ...,$10.19 - $16.22,3.2/5.0,https://www.walmart.com/ip/Drive-Medical-Lightweight-Adjustable-Folding-Cane-with-T-Handle/17284682,"This lightweight adjustable aluminum folding cane with T Handle by Drive Medical is great for individuals on the go The cane easily folds and unfolds with out tools, making storage or travel convenient As an added bonus this cane comes with a handy carry holster which keeps the cane folded when not in use The handle height adjusts in 1&quot; increments from 33&quot; to 37&quot; allowing for personal sizing Available in a great designer color this cane provides style and quality all in one The premium grade wood handle is contoured to increase hand comfort and provide safety This cane includes a plastic carry case",Walmart #  551814681
Cold Steel Walking Stick Irish Blackthorn,$63.09,1.0/5.0,https://www.walmart.com/ip/Cold-Steel-Walking-Stick-Irish-Blackthorn/101084544,"The Cold Steel Walking Stick is a highquality addition to your collection Its designed to resemble shillelaghs grown from Irish blackthorn This black walking stick is made from polypropylene material thats injection molded The product is based on an authentic blackthorn from Cold Steel President, Lynn CThompsons private collection It was copied carefully, and then artfully modified to a point where it not only mimics nature, but actually rivals and supersedes anything the natural world could produce The Irish blackthorn walking stick is strong enough to hold up to regular use Unlike wood, its immune to swelling and warping The unit is hefty, just like the original traditional Irish weapon that inspired its design It features a straight shaft with an entwined detail running up The knob at the top provides an easy hand hold Its well balanced, so you could use the piece to train in traditional Irish martial arts, and Its is a wonderful gift idea for Celtic enthusias",Walmart #  565377433
Carex Black / Pewter Adjustable Round Walking Cane,$12.26,4.4/5.0,https://www.walmart.com/ip/Carex-Black-Pewter-Adjustable-Round-Walking-Cane/9894419,"Get reliable balance, support and control with the Carex Black/Pewter Adjustable Round Walking Cane It makes a nice choice for people with joint problems or difficulties walking Made of aluminum, it helps improve your posture for even body weight distribution This medical Carex walking cane also adjusts from 29&quot;38&quot; in gradual 1&quot; increments to suit your needs It features a convenient handle that is round and comfortable to use, and it has a scratchresistant finish made of pewter for an added attractive touch It also supports users who weigh up to 250 lbs, making it suitable for different adults",Walmart #  004037259
HealthSmart Adjustable Walking Cane with Ergonomic H  ...,$15.89,4.8/5.0,https://www.walmart.com/ip/HealthSmart-Adjustable-Walking-Cane-with-Ergonomic-Handle-for-Men-and-Women-Fashionable-and-Collapsible-Folding-Cane-for-Women-Bronze/36782205,"Folding Cane, Adjustable 1 cane The smart choice for good health Folds comfortably for storage Comfortable, contoured handgrip Strong 7/8 inch anodized aluminum Slipresistant rubber tip Height adjusts from 32 to 36 inches Weight capacity of 250 lbs Made in Taiwan It is very important that the adjustment button is properly engaged and the safety locking ring is securely tightened before use The safety locking ring should be checked regularly for proper tightness 1 cane 1931 Norman Drive South Waukegan, IL 60085 8006224714 2011 Briggs Medical Service Company",Walmart #  552692717
