"First Check Home Drug Test, 4 drugs tested, 1.0 ct",$19.97,3.5/5.0,https://www.walmart.com/ip/First-Check-Home-Drug-Test-4-drugs-tested-1-0-ct/10324995,"Safely and easily use this First Check Home Drug Test and receive fast, accurate results Each package comes with one cup and lid, as well as a mailing label and transportation bag This FDAapproved drug test can detect the most common drug types like marijuana, cocaine and opiates Simple to use, results can be quickly viewed within minutes If desired, the cup can be sent to the official laboratory for result confirmation by using the included address label and sanitary transportation bag Readings are confidential with this First Check drug test They can help keep yourself or a family member safe Receive 99 percent accurate results from a pharmacist recommended brand when you use this First Check Home Drug Test/p",Walmart #  004010158
AZO Test Strips Urinary Tract Infection Test - 3 CT,$9.43,4.6/5.0,https://www.walmart.com/ip/AZO-Test-Strips-Urinary-Tract-Infection-Test-3-CT/10317748,"AZO Test Strips make it easier for you to see if you have a urinary tract infection Each of the pieces is individually wrapped to protect it until youre ready to use it These urinary test strips have long handles, which prevent messes It takes only two minutes to get results The clinically tested strips are effective at picking up traces of nitrite and leukocytes These products are usable by both men and women You can use them to catch an infection when it starts or to monitor the effectiveness of your medication",Walmart #  4016667
MyLab Box Uber Box - 8 Panel At-Home STD Test + Mail  ...,$269.00,0.0/5.0,https://www.walmart.com/ip/MyLab-Box-Uber-Box-8-Panel-At-Home-STD-Test-Mail-in-Kit-for-MEN/429601469,"MyLab Box Uber Box  8 Panel AtHome STD Test  Mailin Kit for MEN is a comprehensive private athome test for 8 top highrisk STIs in men Included: 1 mailin urine specimen collection kit and 1 fingerstick blood kit to test for the following infections in men: HIV I &amp; II, Hepatitis C, Herpes typeII, Syphilis, Chlamydia genital, Gonorrhea genital, Trichomoniasis Test kit arrives in a discreet package Test in as little as 5 minutes, mail in your sample using the selfaddressed prepaid envelope, and log in to see your results online in just a matter of days All testing processed in CLIA and CAP certified labs with the highest accreditations available Results are just as accurate as those you would receive after a visit to a clinic or doctors office If you test positive, get free medical consults by phone and, if applicable, treatment Treatment is available for chlamydia, gonorrhea, and trichomoniasis infections Meeting a new partner, whether it is for life or for just an evening, is exciting but also full of potential complications And we are not talking about meeting the parents  we are talking about an issue that affects 110 million Americans today, or in other words 1 in every 3 people you meet  sexually transmitted diseases STDs No, looking clean or not feeling an itch doesnt mean you are in the clear In fact as many as 80% of people infected may not develop symptoms Not to mention they can develop months or even years after the time of infection while you spread the disease all along What can you do to protect yourself? This is where myLAB Box comes in; We are the first and only service that allows you to test for prevalent STDs from home  anytime and anywhere Why go to the lab when you can have the lab come to YOU? Our experts are here to guide you every step of the way Enjoy convenience, peace of mind and a healthier lifestyle in just a click with myLAB Box  order today to get started",Walmart #  568427381
EverlyWell - Food Sensitivity Test,$159.00,5.0/5.0,https://www.walmart.com/ip/EverlyWell-Food-Sensitivity-Test/431657249,"The EverlyWell Food Sensitivity Test is a food sensitivity test you can use at home It measures intolerance levels to 96 commonly found ingredients found in the traditional Western diet This athome food sensitivity test measures intolerance to gluten, dairy, wheat, yeast and many more food items Its quick and easy to complete; simply follow the instructions provided All it takes is a few drops of blood, which you can send to the lab for testing and receive secure results to view online within days Expedited shipping to the lab is included This food intolerance test could be the next step to improving your health and taking control of your diet Its physician approved and a CLIAcertified lab partner   /",Walmart #  566791979
HomeDNA™ Paternity Test Kit for At-Home Use,$14.99,4.7/5.0,https://www.walmart.com/ip/HomeDNA-Paternity-Test-Kit-for-At-Home-Use/396249491,"HomeDNA™ Paternity Analysis  Report for AtHome Use formerly IDENTIGENE brings peace of mind by answering paternity questions with DNA science With decades of experience and over 20,000 locations nationwide, its easy to see why HomeDNA is Americas 1 paternity test brand",Walmart #  567213329
"BACtrack S80 Professional Breathalyzer, Portable Bre  ...",$129.99,4.7/5.0,https://www.walmart.com/ip/BACtrack-S80-Professional-Breathalyzer-Portable-Breath-Alcohol-Tester/11332218,"Powered by BACtracks largest Xtend Platinum Fuel Cell Sensor, the BACtrack S80 Professional Breathalyzer is the most accurate alcohol tester in the BACtrack family, delivering reliable BAC results, with policegrade accuracy From being used as an alcohol detector for employees in businesses, to acting as a breath alcohol tester for patients in clinics or treatment centers, the S80 is perfect for a variety of professional alcohol sensing, detecting and testing applications And because of its reliability and portable design, its also great as a personal BAC breathalyzer Help friends and family make better decisions while drinking with the accurate and affordable BACtrack S80 alcohol breathalyzer",Walmart #  563190909
LetsGetChecked At Home Chlamydia and Gonorrhoea Test,$84.00,0.0/5.0,https://www.walmart.com/ip/LetsGetChecked-At-Home-Chlamydia-and-Gonorrhoea-Test/331805534,"At home STD test to detect the 2 most common infections, with online results in 5 days Infections covered:/p  ul   liChlamydia/li   liGonorrhea/li  /ul  Chlamydia and Gonorrhoea are the two most common STDs Both infections can be symptomless and the only way to detect them is with a test Early detection is crucial in reducing any long term consequences that may have a considerably damaging effect on your health/p  80% of sexually transmitted diseases are asymptomatic do not display any symptoms, however, if symptoms do occur, they are likely to present themselves within two weeks of infection/p  Symptoms of sexually transmitted diseases may include:/p  /p ul   liPainful urination/li   liPain during sexual intercourse/li   liRash on the genitals and/or anus/li   liItching or irritation on the genitals and/or anus/li   liUnusual lumps or bumps around the genitals and/or anus/li   liChange in color of the male or female discharge/li   liAbnormal discharge in terms of smell, consistency or volume/li   liStrong vaginal odor/li   liPainful erections/li  /ul  You should wait a minimum of 3 weeks from the time of sexual intercourse before taking your test; sexually transmitted diseases can take a period of time to become detectable and you must wait to ensure an accurate result/p  You should get tested if:/p  /p ul   liyou become sexually active/li   liyou have had unprotected sex/li   liyou are experiencing symptoms of a sexually transmitted disease/li   liyou are entering into a new sexual relationship/li   liyou have received a notification from a previous partner that they are infected STDs can remain dormant for years and/ or take up to three weeks to become detectable/li  /ul  Purchase your confidential, at home test from Walmart and have it delivered straight to your door, in a matter of days When your test arrives, you must activate the testkit at a href=",Walmart #  572026314
MyLab Box Chlamydia + Gonorrhea At-Home Test + Mail-  ...,$79.00,0.0/5.0,https://www.walmart.com/ip/MyLab-Box-Chlamydia-Gonorrhea-At-Home-Test-Mail-in-Kit-for-WOMEN/599007914,MyLab Box Chlamydia  Gonorrhea AtHome Test  Mailin Kit for WOMEN tests for 2 of the top highrisk STIs in women from the privacy of home Included: 1 mailin vaginal swab collection kit to test for genital chlamydia and genital gonorrhea in women,Walmart #  568427163
MyLab Box Chlamydia + Gonorrhea At-Home Test + Mail-  ...,$79.00,0.0/5.0,https://www.walmart.com/ip/MyLab-Box-Chlamydia-Gonorrhea-At-Home-Test-Mail-in-Kit-for-MEN/484215976,MyLab Box Chlamydia  Gonorrhea AtHome Test  Mailin Kit for MEN Tests for 2 of the top highrisk STIs in Men from the privacy of home,Walmart #  568427129
DrugConfirm Instant Drug Test for 12 Drugs,$21.19,4.3/5.0,https://www.walmart.com/ip/DrugConfirm-Instant-Drug-Test-for-12-Drugs/49655956,"12 Drugs Instant Drug Test  /  /7 Illicit Drugs  5 Prescription Drugs  /  /Marijuana  /Cocaine  /Opiates Heroin  /Methamphetamine  /Ecstasy  /Amphetamine  /Phencyclidine  /  /Tricyclic Antidepressants  /Barbiturates  /Benzodiazepines  /Methadone  /Oxycodone  /  /Prevent drug abuse in your home with this effective anti drug tool  /Research show that if we can delay the onset of drug use or diminish the frequency we reduce the risk of addiction for that child  /  /Advantage of DrugConfirm  /FDA approved  /Fast Results: Results in minutes at the privacy of your home  /Confidential: No personal information is required  /Easy to use &amp; convenient: This test is a simple process that you can do in the privacy of your own home  /A fast and efficient way of dealing with a potential drug user, no lies or doubts",Walmart #  555220263
CheckMate Infidelity test kit (Catch a Cheating Spou  ...,$42.99,3.0/5.0,https://www.walmart.com/ip/CheckMate-Infidelity-test-kit-Catch-a-Cheating-Spouse/170941668,"Description Detects semen on men or womens clothing Nonstaining and undetectable test kits One of the best ways to catch a cheating wife Instant results This infidelity test kit is accurate, quick, and reliable If youre concerned with the infidelity of a spouse or suspect your underage teen is involved in sexual activity, the Checkmate semen detection kit will remove the uncertainty of the situation Each kit comes with 10 semen detection tests that can be used on multiple items of clothing Simply take the garment and use the included blotting papers and dropper to determine if semen is present If the test paper changes color to purple, the garment has tested positive for semen and there is good reason to believe a spouse has been unfaithful Every Checkmate comes with a comprehensive instruction manual to make sure you use the kit correctly Performing the infidelity test only takes a few minutes and doesnt leave any marks or residue on the clothing Works on both males and female clothing Youll want to test garments that havent yet been washed recently For best results, abstain from sex with your partner for several days and then use the semen detection kit to test the garments Keep in mind that you need to keep track of what clothing was worn on what day If you are testing female clothing, the detection of semen after a period of abstinence is essentially conclusive proof Its much harder to determine male infidelity via semen detection on clothing Detecting semen on male clothing isnt conclusive proof of infidelity, due to several factors unique to men Includes: Checkmate Semen Detection Kit w/ 10 Tests Instruction manual",Walmart #  564792713
MyLab Box Mycoplasma Genitalium At-Home Test + Mail-  ...,$79.00,0.0/5.0,https://www.walmart.com/ip/MyLab-Box-Mycoplasma-Genitalium-At-Home-Test-Mail-in-Kit-for-MEN/153902215,"MyLab Box Mycoplasma Genitalium AtHome Test  Mailin Kit for MEN tests for Mycoplasma Genitalium infections in men from the privacy of home Included: 1 mailin urine specimen collection kit to test for Mycoplasma Genitalium in men Test kit arrives in a discreet package Test in as little as 5 minutes, mail in your sample using the selfaddressed prepaid envelope, and log in to see your results online in just a matter of days All testing processed in CLIA and CAP certified labs with the highest accreditations available Results are just as accurate as those you would receive after a visit to a clinic or doctors office If you test positive, get free medical consults by phone and, if applicable, treatment Treatment is available for chlamydia, gonorrhea, and trichomoniasis infections Meeting a new partner, whether it is for life or for just an evening, is exciting but also full of potential complications And we are not talking about meeting the parents  we are talking about an issue that affects 110 million Americans today, or in other words 1 in every 3 people you meet  sexually transmitted diseases STDs No, looking clean or not feeling an itch doesnt mean you are in the clear In fact as many as 80% of people infected may not develop symptoms Not to mention they can develop months or even years after the time of infection while you spread the disease all along What can you do to protect yourself? This is where myLAB Box comes in; We are the first and only service that allows you to test for prevalent STDs from home  anytime and anywhere Why go to the lab when you can have the lab come to YOU? Our experts are here to guide you every step of the way Enjoy convenience, peace of mind and a healthier lifestyle in just a click with myLAB Box  order today to get started",Walmart #  568427133
BACtrack Keychain Breathalyzer,$29.00 - $29.99,4.2/5.0,https://www.walmart.com/ip/BACtrack-Keychain-Breathalyzer/23699262,"Get a quick read on your blood alcohol content with the small and portable BACtrack Keychain Breathalyzer It features an innovative foldout mouthpiece that ensures only your breath goes into the breathalyzer, while ambient air, fumes and other airborne gases are kept out Simply power on this alcohol breathalyzer and begin testing by blowing into the device and your results show on the bright, easytoread 2digit LED display 002, 013 and more in five seconds It includes three additional mouthpiece covers, making it easy and sanitary to test your friends and family The portable breathalyzer keychain fits inside your purse or pocket and it travels with you wherever you carry your keys for easy testing onthego Its semiconductor sensor technology delivers reliable and accurate BAC results This device operates with the included 1 AAA battery, giving you approximately 150 tests and is backed by a full oneyear warranty/p",Walmart #  553702614
BACtrack Element Professional Breathalyzer,$82.53,4.7/5.0,https://www.walmart.com/ip/BACtrack-Element-Professional-Breathalyzer/23699261,"The BACtrack Element Professional Breathalyzer features law enforcementgrade Xtend Fuel Cell Sensor Technology with enhanced linear accuracy, and convenient onebutton operation for fast and accurate results Simply press the power button and begin testing in just seconds The Elements small size and affordability make it perfect for anyone — from individuals and businesses to professional groups and treatment centers",Walmart #  553702601
MyLAB Box Genital Herpes At-Home STD Test + Mail-in   ...,$79.00,0.0/5.0,https://www.walmart.com/ip/MyLAB-Box-Genital-Herpes-At-Home-STD-Test-Mail-in-Kit-for-WOMEN/311642391,MyLAB Box Genital Herpes AtHome STD Test  Mailin Kit for WOMEN tests for Genital Herpes in men and women from the privacy of home Included: 1 mailin fingerstick blood kit to test for Genital Herpes in men and women,Walmart #  568427150
SmartChoice Marijuana Drug Test THC Urine Drug Test   ...,$7.97,0.0/5.0,https://www.walmart.com/ip/SmartChoice-Marijuana-Drug-Test-THC-Urine-Drug-Test-Kit-15-tests/744052251,,Walmart #  569673599
"BACtrack Trace Professional Breathalyzer, Portable B  ...",$99.99,4.6/5.0,https://www.walmart.com/ip/BACtrack-Trace-Professional-Breathalyzer-Portable-Breath-Alcohol-Tester/45992645,"Powered by BACtracks stateoftheart Xtend Platinum Fuel Cell Sensor technology, the BACtrack Trace Professional Breathalyzer delivers reliable and accurate BAC results, with policegrade accuracy From being used as an alcohol detector for employees in businesses to acting as an alcohol tester for patients in clinics or treatment centers, the Trace is perfect for a variety of professional alcohol sensing, detecting and testing applications And because of its small size and portable design, its also works great as a personal BAC breathalyzer Help friends and family make better decisions while drinking with the accurate and affordable BACtrack Trace alcohol breathalyzer",Walmart #  554277955
"First Check 14 Panel Drug Test, 1.0 Ct.",$35.27,1.0/5.0,https://www.walmart.com/ip/First-Check-14-Panel-Drug-Test-1-0-Ct/946227158,First Check 14 Drug Test,Walmart #  569703755
"AlcoHAWK Elite Slim Breathalyzer, Digital, Black",$47.15,4.0/5.0,https://www.walmart.com/ip/AlcoHAWK-Elite-Slim-Breathalyzer-Digital-Black/25957628,"The AlcoHAWK Elite Slim Digital Breath Alcohol Detector, built on quality and performance, has a professional feel and sleek consumer appearance Operating on a single button, simply blow into the folding mouthpiece for an accurate BAC reading in seconds The AlcoHAWK Elite Slim also includes removable mouthpiece covers that allow you to test multiple individuals in a sanitary fashion This unit is equipped with rounded corners and a bright blue backlit LCD display The sleek design makes the AlcoHAWK Elite Slim very compact and easy to carry It is the ideal solution for someone looking for a portable tester with professional quality with a consumer design and feel Meets DOT/NHTSA Model Specifications for Breath Alcohol Screeners",Walmart #  551579779
"ReliOn Home Drug Test, 12 Drugs Tested",$35.27,0.0/5.0,https://www.walmart.com/ip/ReliOn-Home-Drug-Test-12-Drugs-Tested/37062169,"Support sobriety with help from ReliOn Home Drug Test Strips They indicate the presence of 12 different prescription and illicit drugs, including marijuana, cocaine, morphine opiates, methamphetamine, ecstasy, amphetamine, phencyclidine, tricyclic antidepressants, barbiturates, benzodiazepines, methadone and oxycodone This compact ReliOn test strip kit includes a selfcontained screening cup for detecting metabolites in urine The thoughtful design is leakfree and messfree, eliminating any need to handle urine It features easy, pushbutton technology to ensure you get integrity of both the sample and the results This ReliOn drug test offers hospitalgrade results in which you can be confident with 998 percent accuracy and FDA approval Its fully confidential and easy to use in the privacy of your own home This product works quickly and gives results in minutes",Walmart #  564574009
BACtrack S35 Personal Breathalyzer,$49.99,3.8/5.0,https://www.walmart.com/ip/BACtrack-S35-Personal-Breathalyzer/39585758,"Designed in California with style and easeofuse in mind, the BACtrack S35 is one of the smallest, sleekest breathalyzers on the market Simply turn it on and blow, your BAC results will be returned in seconds on a crisp blue LCD screen Uses 2 AAA batteries, good for up to 300 tests/p  /",Walmart #  553165853
HomeDNA™ Ancestry Test Kit: Starter & Advanced At-Ho  ...,$24.99,2.8/5.0,https://www.walmart.com/ip/HomeDNA-Ancestry-Test-Kit-Starter-Advanced-At-Home-DNA-Testing-Lab-Fee-Not-Included/654631743,HomeDNA™ Ancestry Analysis  Report offers two exciting choices for discovering more about your ancestry,Walmart #  567213326
SmartChoice 5 Panel Urine Drug Test Kit -25 tests,$39.99,0.0/5.0,https://www.walmart.com/ip/SmartChoice-5-Panel-Urine-Drug-Test-Kit-25-tests/567314787,,Walmart #  569673597
MyLab Box Chlamydia + Gonorrhea 3-Site At-Home Test   ...,$179.00,0.0/5.0,https://www.walmart.com/ip/MyLab-Box-Chlamydia-Gonorrhea-3-Site-At-Home-Test-Mail-in-Kit-for-MEN/295529935,"MyLab Box Chlamydia  Gonorrhea 3Site AtHome Test  Mailin Kit for MEN tests for 2 of the top highrisk STIs in men genital, throat  rectal areas from the privacy of home Included: 1 mailin urine specimen collection kit and 2 swab kits to test for chlamydia  gonorrhea in the genital, throat  rectal areas in men Test kit arrives in a discreet package Test in as little as 5 minutes, mail in your sample using the selfaddressed prepaid envelope, and log in to see your results online in just a matter of days All testing processed in CLIA and CAP certified labs with the highest accreditations available Results are just as accurate as those you would receive after a visit to a clinic or doctors office If you test positive, get free medical consults by phone and, if applicable, treatment Treatment is available for chlamydia, gonorrhea, and trichomoniasis infections Meeting a new partner, whether it is for life or for just an evening, is exciting but also full of potential complications And we are not talking about meeting the parents  we are talking about an issue that affects 110 million Americans today, or in other words 1 in every 3 people you meet  sexually transmitted diseases STDs No, looking clean or not feeling an itch doesnt mean you are in the clear In fact as many as 80% of people infected may not develop symptoms Not to mention they can develop months or even years after the time of infection while you spread the disease all along What can you do to protect yourself? This is where myLAB Box comes in; We are the first and only service that allows you to test for prevalent STDs from home  anytime and anywhere Why go to the lab when you can have the lab come to YOU? Our experts are here to guide you every step of the way Enjoy convenience, peace of mind and a healthier lifestyle in just a click with myLAB Box  order today to get started",Walmart #  568427123
HomeDNA™ Paternity Test Kit for New York Residents,$24.99,4.7/5.0,https://www.walmart.com/ip/HomeDNA-Paternity-Test-Kit-for-New-York-Residents/809746875,"HomeDNA™ Paternity Analysis  Report for New York Residents provides you with accurate, affordable, confidential DNA paternity results",Walmart #  567226258
