Product Name,Price,Rating,Link,About,Top Comment
"Always Discreet Incontinence Pads for Women, Heavy A  ...",$11.97 - $35.91,4.0/5.0,https://www.walmart.com/ip/Always-Discreet-Incontinence-Pads-for-Women-Heavy-Absorbency-Long-Length-117-Count/39878651,"Get bladder leak protection you can depend on with Always Discreet Pads.  <br />  <br />Secure bladder protection for sensitive bladders in an incontinence pad you can barely feel, these super absorbent pads have a RapidDry core that turns liquid to gel to lock away bladder leaks and odors. OdorLock Technology neutralizes odors and helps keep you feeling fresh all day. Double LeakGuards help keep wetness away from edges for secure bladder protection.  <br />  <br />Always Discreet Incontinence Pads absorb 4X more than period sanitary pads of similar size and are ideal for overactive bladders. Each incontinence pad is individually wrapped for discreet disposal on the go. With their thin design, you'll be able to walk with poise while keeping your incontinence protection discreet.  <br />  <br />Always Discreet also offers Incontinence Liners and Incontinence Underwear.",great protection since I have no control over my bladder. I have MS and wearing this product gives me confidence to go out in public.
(2 Pack) Depend FIT-FLEX Incontinence Underwear for   ...,$77.68,4.3/5.0,https://www.walmart.com/ip/2-Pack-Depend-FIT-FLEX-Incontinence-Underwear-for-Men-Maximum-Absorbency-S-M-Choose-Your-Count/138024592,"Depend FIT-FLEX Incontinence Underwear for Men is now more flexible. With protection where men need it most. Depend incontinence briefs with maximum absorbency. Shaped to fit you comfortably, each pair features form-fitting LYCRA strands and FIT-FLEX protection for a smooth and comfortable fit. Depend Confidence Core technology that helps lock away moisture quickly. The snug, brief-like leg openings are soft, quiet, breathable and discreet just step in and pull on. Depend incontinence underwear for men are disposable underwear and made with super absorbent materials that trap and lock away odor. Depend incontinence products are latex-free and contain no lotions or fragrances. Size small/medium fits men with a 28-40 inch waist and who weigh 115-190 lbs.","Never thought I'd have need, and was a bit embarrased when the reality hit me. But they fit comfortably; and as the wearer, you don't feel the difference between them and reguloar BVDs. Made the whole concept easier to accept."
"Depend Real Fit Incontinence Underwear for Men, Maxi  ...",$11.97 - $46.49,4.4/5.0,https://www.walmart.com/ip/Depend-Real-Fit-Incontinence-Underwear-for-Men-Maximum-Absorbency-S-M-Grey-Choose-your-count/19763612?wpa_bd=&wpa_pg_seller_id=F55CDC31AB754BB68FE0B39041159D63&wpa_ref_id=580aeb795d55a74c68bf053fa595301a&wpa_aux_info=__aux_info__&wpa_tag=&wpa_pos=3&wpa_plmt=__plmt__&wpa_aduid=__aduid__,"Depend Real Fit For Men Maximum Absorbency Fitted Briefs look, fit, and feel like real underwear while providing cloth-like fabric for underwear-like comfort. Depend Real Fit For Men Maximum Absorbency Fitted Briefs feature a finished masculine elastic waistband, cotton-like fabric and maximum protection.","Imagine my embarrassment, being a fresh 52 years young and not having proper bladder control. I've tried all those ""old wives tales"" remedies, even stopping drinking water after 4pm. All that did was leave me with a dry mouth. I ruined my mattress and have been banned from the bed I (used to) share with my partner. All my lonely nights allow me to do now is not awaken aforementioned partner when I wake up wet, looking for a towel so again aforementioned partner gets some protection form the wetness of my urine. After refusing to consider wearing protective undergarments, I got a pair from a friend and was really turned off. After some research, I came upon Depend RealFit and found what I needed.
The briefs fit well, don't bind at the legs like one would think, have a cloth outer that moves with your pants like regular briefs, and aren't overly bulky...in other words, you don't look like you are wearing either a diaper or a balloon in your trousers.
I am a hard one to please, and despite a short leg, paunch, and somewhat of a limp, I still take pride in my appearance. Depend RealFit briefs fit the bill...and I can still go out in social situations and noit even know I'm wearing them. These rank 15/10!"
"Depend Incontinence Guards for Men, Maximum Absorben  ...",$11.68 - $24.48,3.8/5.0,https://www.walmart.com/ip/Depend-Incontinence-Guards-for-Men-Maximum-Absorbency-Choose-Your-Count/55335888,"Men deserve an incontinence pad designed specifically for their bodies with protection that fits their lifestyle. Depend Guards Incontinence Pads for Men are now more flexible vs. previous Depend Guards for Men with the same discreet, comfortable protection. Depend Guards have maximum absorbency for larger surges of wetness and offer cup-shaped protection that fits in your own briefs or boxer briefs. They should not be worn with boxers. Men's Depend Guards feature a strong adhesive and Comfort-Flex leak barriers for protection when active. Each Guard comes individually wrapped in a discreet, pocket-sized pouch for easy carrying and disposal. To use, peel off the paper strip and make sure the arrow faces up before placing within your underwear. Depend adult incontinence products are latex-free, lotion-free and fragrance-free. Depend Guards for Men are one size fits all and designed with a mans body in mind.",I had my prostatectomy Jan 2016 started using the Depends full underwear.  Now that spring and summer is here the full underwear  can have you sweating. The depend will absorb your sweat as well. Just started using the shields and they work great!  now I can wear my regular cotton briefs and be comfortable.  Also not as bulky under my pants. I'm ordering more!
"Depend FIT-FLEX Incontinence Underwear for Women, Ma  ...",$17.76 - $35.49,4.5/5.0,https://www.walmart.com/ip/Depend-FIT-FLEX-Incontinence-Underwear-for-Women-Maximum-L-Choose-Your-Count/34317530?wpa_bd=&wpa_pg_seller_id=F55CDC31AB754BB68FE0B39041159D63&wpa_ref_id=44a9c8ee3327e8cf5b8347cf6b1ea08c&wpa_aux_info=__aux_info__&wpa_tag=&wpa_pos=5&wpa_plmt=__plmt__&wpa_aduid=__aduid__,"Enjoy each moment again in the new and improved Depend FIT-FLEX Incontinence Underwear for Women with maximum absorbency designed to fit the shape of a woman. Depend incontinence underwear for women is now more flexible to move with you so you can reclaim, rediscover and reconnect with what matters most in your life. The slip-on style of this incontinence pant features oval-cut leg openings and FIT-FLEX protection to give you a smooth, close-to-body-fit that's unlike bulky adult diapers. These disposable underwear for women feature Confidence Core technology for fast absorption and helps lock away moisture quickly for outstanding comfort. Depend underwear for women has a thin, absorbent pad made of super absorbent materials that draw wetness in, away from the skin, locking in urine and odors. Depend incontinence products for women are latex-free, lotion-free, fragrance-free and can be purchased with an FSA only where applicable. Size large fits women with a 38-50 inch waist and who weigh 170-260 lbs",As a man I cannot rate women's Depend but my wife thinks they are better than any others on the market. Taking advantage of special shipping I like the savings there. I have found ordering over the 'net easier and more efficient than going to my local store only 8 miles away.
"(2 Pack) Poise Incontinence Pads, Original Design, U  ...",$32.45 - $63.10,2.4/5.0,https://www.walmart.com/ip/2-Pack-Poise-Incontinence-Pads-Original-Design-Ultimate-Absorbency-Long-90-count/786101514,"With trusted 3-in-1 protection for dryness, comfort and odor control, Poise Ultimate Absorbency Incontinence Pads now have a new ContourFit design to give you the confidence and incontinence protection you need day or night. The front and back of the pads are wider to provide even more coverage where you need it the most, while the middle features a soft curve that will better conform to your natural body curves. Poise pads fit you better than before and stay 10x drier than leading period pads. Poise Ultimate Incontinence Pads are designed to help contain unexpected gushes.","I will no longer purchase Poise pads. The new design with sides is quite poor. Leakage occurs out the sides then SOAKS your panties and runs down your legs into your shoes. The pads have changed - not me. It's unbelievable Poise could consider this new design an improvement. These were obviously not tested long enough by women in the market. Do NOT buy this product expecting to be protected from leakage. I am now forced to look for a better product - one in which I can have some sort of confidence in. This new design is so poor that I am now back to either staying home or not hydrating sufficiently. Neither of those options is viable for the long term. Additionally, as a side note, I noticed last night that my packages of pads are all misaligned. The thick part of the pad is not centered side to side so I'm wondering if that's not part of the problem however I doubt it. In light of the substantial leakage side to side, even if the manufacturer got their manufacturing processes under better control to properly and consistently center the absorbent part of the pads between the newly added useless and problematic “sides” it would make little improvement in leakage protection. They are not as thick or absorbent as the previous design which rarely leaked giving me the required confidence to live my life normally. The new sides added do not stand up enough to contain or direct the fluid back to the absorbent part of the pad. Instead the sides lay down (rather than stand up) allowing the fluid to easily flow over the sides, soaking panties and jeans then ultimately leaking down my legs. Poor, poor redesign effort and not enough market testing as evidenced by the other reviews/complaints on this site."
"(2 Pack) Poise Overnight Pads for Women, Ultimate Ab  ...",$61.98,4.5/5.0,https://www.walmart.com/ip/2-Pack-Poise-Overnight-Pads-for-Women-Ultimate-Absorbency-Extra-Coverage-Choose-Your-Count/365882206,"Nobody wants to worry about heavier bladder leaks and surge incontinence. New Poise Ultimate Extra Coverage Incontinence Pads are our most absorbent pad, giving you the confidence and protection you need, day or night. This overnight pad provides more coverage and wider protection than any light bladder leak pad (as compared to other branded LBL pads). The NEW SecureSleep shape features a 75% wider back (compared to Poise Ultimate Regular Pads) for extra protection while lying down, while the Absorb-Loc core quickly absorbs and locks away wetness and odor. Leak-Block sides give you discreet and worry-free incontinence protection, and the Dry-Touch layer helps provide comfort. This package contains individually wrapped Poise Overnight Incontinence Pads with extra coverage. Poise products are FSA-eligible ? only applicable in the US. Poise is the number-one brand for bladder leaks based on Nielsen Market Share Data.","good, but need more seal on top edge"
"Always Discreet, Incontinence Underwear for Women, M  ...",$34.4077.0¢/each,4.5/5.0,https://www.walmart.com/ip/Always-Discreet-Incontinence-Underwear-for-Women-Maximum-Protection-XL-Choose-Count/39878655,"Get incontinence and postpartum underwear you can depend on with Always Discreet. This super-absorbent disposable underwear has an incredible fit and up to 100% bladder leak protection. The incontinence briefs have a RapidDry core that covers you from front to back for protection where you need it. The core technology turns liquid to gel to absorb even the heaviest leaks. The Double LeakGuards help keep wetness away from edges and stop leaks where they happen most. NEW 360 degrees FormFit has elastics to pull the contoured core closer to the body, so it fits the same size range as before, but more discreetly. Say goodbye to bulky adult diapers and hello to smooth and comfortable fit with 360 degrees FormFit. As always, exclusive OdorLock technology helps neutralize odors instantly and continuously. With Always Discreet incontinence underwear, you can walk with poise while wearing discreet, amazing protection.","I was originally using another well known brand but found them too bulky and they were phasing out the briefs with no color.  I tried the Always brand and received the same protection for my severe incontinence, but feel less like I am wearing a diaper."
"Always Discreet Boutique, Incontinence Underwear for  ...",$37.88,4.5/5.0,https://www.walmart.com/ip/Always-Discreet-Boutique-Incontinence-Underwear-for-Women-Maximum-Protection-Purple-Sm-Med-40-Ct/349765174,"Discover the secret to maximum incontinence protection, thats actually pretty, with Always Discreet Boutique Incontinence Underwear. The secret? Hidden inside is a super absorbent core that turns liquid to gel to absorb even your heaviest leaks. The curve-hugging, feminine design that defines your silhouette is made of silky-soft fabric with delicate, lacy prints, so it looks, fits, and feels like your real underwear. So you can feel protected and pretty, unlike adult diapers. Its maximum protection, you can depend on, made beautiful.",Amazing protect and so comfortable. I've used Always Discreet for a while now and while it wasn't the end of the world I got tired of plain white incontinence underwear. I was really excited to try the peach and purple coloured products and to find that these are even better than the regular Always Discreet underwear. I would highly recommend this product.
"Assurance Underwear, Women's, Size L, 18 Count",$3.78 - $21.62,4.5/5.0,https://www.walmart.com/ip/Assurance-Underwear-Women-s-Size-L-18-Count/894201,"<p>Assurance Underwear offers you discreet and comfortable protection. This women's disposable underwear offers maximum absorbency that locks away moisture keeping you dry. It is specifically designed and fitted for women; the Comfort Shape Protection offers a soft and discreet fit. The Contour Core allows a better fit for between the legs. The breathable material allows you to stay cool and happy. The Odor Guard helps to keep odor from forming. They come individually wrapped for convenient and discreet access in your purse, gym bag, or glove compartment in your car. This underwear can be worn day or night. The size L is made to fit a waist of 38 to 50 in diameter. </p> <p>The Assurance Underwear provides you with the comfort and protection you need. With a full range of products, Assurance lets you feel comfortable and dry while living your active, on-the-go lifestyle.</p> <br />","I started of with the small package in a size XL, I am 5'6 180 pounds and I thought I was a size 14 but I guess I must be a 12 by now. The point is I have tried almost all brands and no brands out there and they are all the same and I learned that if you don't have the right size you will leak.
 Like I said I started of off with an size XL and even thou they were comfy they were too big and gave me a 50/50 chance into making it to the bathroom but I switched to a smaller size (large) and I don't leak anymore. I stayed with with this brand because they are comfortable, in a cute color and economical. I also bought the ones that come individually wrapped and they are great to carry in your purse for in case of an emergency."
"Tena Incontinence Pads For Women, Ultimate (Choose Y  ...",$5.00 - $16.97,4.2/5.0,https://www.walmart.com/ip/Tena-Incontinence-Pads-For-Women-Ultimate-Choose-Your-Count/779969949,,"New variant of pads - with purple ornament on pads - is much worse than previous one that did not have it. It is not that dry during a day, it does not hold liquid that good as previous one (hardly holds), and person who uses it does not feel confident during a day. I would recommend TENA to try to return previous version of the pads in order to do not loose customers. So far I am going to try another vendors products."
"Assurance Underwear, Women's, Size XL, 48 Count",$7.88 - $21.62,4.4/5.0,https://www.walmart.com/ip/Assurance-Underwear-Women-s-Size-XL-48-Count/112376620,"<p>Assurance Underwear offers you discreet and comfortable protection. This women's disposable underwear offers maximum absorbency that locks away moisture keep you dry. It is specifically designed and fitted for women; the Comfort Shape Protection offers a soft and discreet fit. The Contour Core allows better fit for between the legs. The breathable material allows you to stay cool and happy. The Odor Guard helps to keep odor from forming. They come individually wrapped for convenient and discreet access in your purse, gym bag, or glove compartment in your car. This underwear can be worn day or night. The size XL are made to fit a waist of 48 to 64 in diameter.</p> <p>The Assurance Underwear provides you with the comfort and protection you need.</p> <p> With a full range of product, Assurance lets you feel comfortable and dry while living your active, on-the-go lifestyle.</p> <br />",these are the nicest best fitting pull ups I've ever had. I likethe washcloths also and the service! YOu are the best service onthe internet far I am concerned. I will soon send another order as I need some pads too. but will wait for right now. D o not send them if I dont' send order. No auto stuff. But thankyou for beign so great.
"Tena Incontinence Pads for Women, Overnight, 90 Coun  ...",$11.47 - $33.98,4.7/5.0,https://www.walmart.com/ip/Tena-Incontinence-Pads-for-Women-Overnight-90-Count/471831766,"The most absorbent Tena Serenity pad ever! Features a leakage prevention system that works by locking fluid into a dry, superabsorbent core. pH balanced, OdaSorb Plus helps control odors. Gentle, skin-soft top sheet with cushiony side-gathers provide a comfortable fit that conforms to the body. Latex-free. 20% more coverage than Poise Ultra Plus pads Optimum protection.","I use the overnight pads during the day, They aren't perfect, but they work better than the larger day pads. Ninety-eight percent of the time, I stay dry. The pads are very absorbent for someone with heavy urine leakage and who doesn't need to wear a diaper. I don't worry much about leaks with these. I just have to pay attention to how much urine I leak, so I don't reach overcapacity. I would not use these for overnight, however. i require much more coverage when I sleep."
"Poise Incontinence Pads, Original Design, Ultimate A  ...",$11.28 - $24.87,3.5/5.0,https://www.walmart.com/ip/Poise-Incontinence-Pads-Original-Design-Ultimate-Absorbency-Long-60ct/37566050,,"I will no longer purchase Poise pads. The new design with sides is quite poor. Leakage occurs out the sides then SOAKS your panties and runs down your legs into your shoes. The pads have changed - not me. It's unbelievable Poise could consider this new design an improvement. These were obviously not tested long enough by women in the market. Do NOT buy this product expecting to be protected from leakage. I am now forced to look for a better product - one in which I can have some sort of confidence in. This new design is so poor that I am now back to either staying home or not hydrating sufficiently. Neither of those options is viable for the long term. Additionally, as a side note, I noticed last night that my packages of pads are all misaligned. The thick part of the pad is not centered side to side so I'm wondering if that's not part of the problem however I doubt it. In light of the substantial leakage side to side, even if the manufacturer got their manufacturing processes under better control to properly and consistently center the absorbent part of the pads between the newly added useless and problematic “sides” it would make little improvement in leakage protection. They are not as thick or absorbent as the previous design which rarely leaked giving me the required confidence to live my life normally. The new sides added do not stand up enough to contain or direct the fluid back to the absorbent part of the pad. Instead the sides lay down (rather than stand up) allowing the fluid to easily flow over the sides, soaking panties and jeans then ultimately leaking down my legs. Poor, poor redesign effort and not enough market testing as evidenced by the other reviews/complaints on this site."
Assurance Incontinence Stretch Briefs With Tabs Unis  ...,$15.74,3.7/5.0,https://www.walmart.com/ip/Assurance-Incontinence-Stretch-Briefs-With-Tabs-Unisex-Ultimate-S-M-40-Ct/127273986,"<p>Assurance Ultimate Absorbency Stretch Briefs with Tabs are a comfortable and reliable choice for ultimate incontinence protection, both day and night. The FlexRight side panels stretch to provide you with a secure, snug fit while moving between standing, sitting and lying down. Enjoy peace of mind thanks to the brief's inner leg cuffs, which protect against bladder and bowel leaks, and ultimate absorbency with a dual core plus Swift &amp; Soft layer to keep you drier longer, affording more time between changes. OdorSecure technology prevents odors for added discretion. These Ultimate Assurance Incontinence briefs come in a 40-count pack.<br />With a full range of products, Assurance lets you feel comfortable and dry while living your active, on-the-go lifestyle.</p>","We've tried many briefs in the past year, and this is the best of the bunch. It fits well, absorbs well, and the velcro-like tabs stick and stay stuck. And then there's the price: they are the least expensive of all we have tried. We are no longer shopping for replacements and are most satisfied."
"Equate Options Incontinence Pads for Women, Moderate  ...",$8.9717.0¢/each,4.3/5.0,https://www.walmart.com/ip/Equate-Options-Incontinence-Pads-for-Women-Moderate-Long-54-Ct/21392506,"Feel dry and comfortable throughout the day or night with Equate Incontinence Pads. They are made with the enhanced Dri-Fit cotton system that offers a new level of protection and skin health for sensitive skin. This 54-count of incontinence pads for women feature a Dri-Lock core that quickly locks up moisture and odor and Omni-Odor Guard Plus to help prevent odors from forming. They're easy to apply and remove and are individually wrapped for those small emergencies when on the go. These long incontinence pads have soft side shields that add even more protection again leaks. <p>Making the right health decisions can be challenging. With a complete range of products and simple solutions, Equate allows you to take care of your family with confidence.</p>","I am getting a little older and have found that there are times when I need a little protection from unexpected bladder leaks. This isn't something that any of us like to acknowledge but it happens and if you know you are going to be active, it's better to be safe than sorry.
The Equate Options Incontinence Pads, Moderate Long, 54 count package is a good solution to my problem. When you first open the package you see that the pads are individually wrapped in an easy open cloth-like pouch. Each pad is curved to fit in your under pants with a strong adhesive strip that has a covering that shows the proper (forward) placement of the pad.
A big plus for this pad is the curved shape that fits to the body and the way that it does not show through your clothing: no one can tell you are wearing it. These pads helped me to feel more confident when I was out during my day, not having to worry about having an accident.
I would probably try a lighter protection pad for my personal use in the future because these moderate ones seem to be a bit more protection than I needed but I would purchase this brand of pad. The Equate brand of products have never failed to satisfy mine and my family's needs and I would definitely recommend Equate Options Incontinence Pads to anyone who needs the peace of mind that using a pad gives."
"Always Discreet Incontinence Pads for Women, Light A  ...",$4.8417.0¢/each,4.4/5.0,https://www.walmart.com/ip/Always-Discreet-Incontinence-Pads-for-Women-Light-Absorbency-30-Count/37892491,,"Always has been forever known for its wings, yet here is a product, much like every other brand on the market that does not have the wings we have come to expect from this brand. PLEASE add a version with wings as these bunch up like every other one on the market. Can't substitute regular Always because of differences in materials necessary for bladder vs period. Also need UNscented"
"Always Discreet Incontinence Pads for Women, Heavy A  ...",$18.9430.0¢/each,4.1/5.0,https://www.walmart.com/ip/Always-Discreet-Incontinence-Pads-for-Women-Heavy-Absorbency-Long-Length-64-Count/177231591,"Get bladder leak protection you can depend on with Always Discreet Pads.  <br />  <br />Secure bladder protection for sensitive bladders in an incontinence pad you can barely feel, these super absorbent pads have a RapidDry core that turns liquid to gel to lock away bladder leaks and odors. OdorLock Technology neutralizes odors and helps keep you feeling fresh all day. Double LeakGuards help keep wetness away from edges for secure bladder protection.  <br />  <br />Always Discreet Incontinence Pads absorb 4X more than period sanitary pads of similar size and are ideal for overactive bladders. Each incontinence pad is individually wrapped for discreet disposal on the go. With their thin design, you'll be able to walk with poise while keeping your incontinence protection discreet.  <br />  <br />Always Discreet also offers Incontinence Liners and Incontinence Underwear.","Been Using Always maximum for leaks, if i can't get to bathroom quick enough. Last night i got choked , an was wearing one, well the tee went all over my legs, the poor pad did nothing, except get drenched by the tee as i did. My chair has tee all over the seat. the pad didn't work. I buy these every single month there are 39 in the bag, well they didn't work last night."
"Equate Body Curve Incontinence Pads for Women, Moder  ...",$8.97,4.4/5.0,https://www.walmart.com/ip/Equate-Body-Curve-Incontinence-Pads-for-Women-Moderate-Regular-54-Ct/24389830,"Go about your day with confidence when you wear Equate Women's Incontinence Pads (54-count). They feature a unique shape and are designed for comfort. They offer higher absorbency than regular designs and help prevent leaks and bunching. These bladder protection pads have a triple-layer core with a front target zone that quickly locks up moisture for dryness and protection. The soft, protective gathers adjust to your body's curves to provide added protection and help reduce leaks. <br />Making the right health decisions can be challenging. With a complete range of products and simple solutions, Equate allows you to take care of your family with confidence.","a great value, works just like the more expensive brands and is comfortable to wear."
"Assurance Incontinence Belted Shield Unisex, Moderat  ...",$9.8833.0¢/each,4.3/5.0,https://www.walmart.com/ip/Assurance-Incontinence-Belted-Shield-Unisex-Moderate-One-Size-30-Ct/11148237,"Assurance Incontinence Belted Shields, Unisex offer protection and confidence during the day or night with moderate absorbency. Strong, plush and flexible elastic belts provide a snug and secure fit and are held in place with no-tear buttonholes. A soft Silent Weave moisture barrier with a cloth-like feel keeps clothing and bedding dry for added discretion. These one size fits all incontinence supplies come in a 30-count pack. <br />With a full range of products, Assurance lets you feel comfortable and dry while living your active, on-the-go lifestyle.","Assurance Belted Shields are a space age derivative that meets all my needs for absorption and keeping my skin dry to minimize skin rash. I especially like the belts for ease of change during travel.
This product is so polar that I cannot rely on their being in the store when needed. Bulk mail keeps me supplied with confidence."
"Equate Assurance Premium Quilted Underpad, Large, 18  ...",$5.6832.0¢/each,2.5/5.0,https://www.walmart.com/ip/Equate-Assurance-Premium-Quilted-Underpad-Large-18-Ct/636352605,"<p>Equate Assurance Premium Quilted Underpad helps you live worry free and without the fear of leakage. These pads contain super absorbent micro polymer beads that lock away liquids for effective leakage protection and have maximum and fast absorbency. The package contains premium large pads that are unisex. They also help neutralize odors and have around the clock odor control. They are specially design with a 5 layer constructions which helps provide a moisture barrier backing. This package comes with 18 pads for continuous protection. Live without the worry of leakage with Equate Assurance Premium Underpads.</p> <p>With a wide range of health and beauty products, Equate provides their customers with a healthy and effective way to improve the quality of their daily lives. At Equate, we believe that taking care of your family doesn't have to come at a high price. Every product we make is the result of innovation, rigorous standards and high quality ingredients, and that has helped us become one of the most trusted brands across the country.</p> <br />",These  Equate Assurance Under pads in the orange bag are trash.   I have used the good Assurance under pads in the blue bag for years and they protect good.   The new product is not worth a single penny!   Bring the old under pads in the blue bag back.  New is not always better which is proven by this product.
"Poise Moderate Absorbency Incontinence Pads, Regular  ...",$11.8418.0¢/each,4.0/5.0,https://www.walmart.com/ip/Poise-Moderate-Absorbency-Incontinence-Pads-Regular-Length-66-ct/20682684,"With trusted 3-in-1 protection for dryness, comfort and odor control, Poise incontinence pads give you the confidence and protection you need day or night. Specifically designed to handle unexpected surges, moderate absorbency Poise Ultra Thin Pads stay five times drier than the leading period pads. Plus, they feature our best fit ever, with Thin-Flex technology that allows the pad to move seamlessly with your body. Poise pads for LBL have an absorb-loc core that quickly locks away wetness and odor to help keep you feeling clean and fresh, and leak-block sides for outstanding protection. Poise Ultra Thin incontinence pads are 40 percent thinner than regular Poise pads, and they are individually wrapped so you can tuck them discreetly into your purse, desk drawer or gym bag. This package contains Poise Ultra Thin Moderate Absorbency Incontinence Pads in regular length. Poise is the number one brand for Light Bladder Leaks.* *Based on market shareFrequently Asked QuestionsWhat is LBL?LBL stands for Light Bladder Leakage, and it affects millions of women. In fact, 1 in 3 women experience Light Bladder Leakage (LBL). LBL is the frequent involuntary leakage of urine. Why do I have bladder leaks? Some of the most common reasons for uninvited leaks include: Physical changes from childbirth to menopause. Being overweight. Complications from surgery, stroke or chronic diseases. Bladder or urinary tract infections. Bladder irritants.Can I prevent leaks? There are healthy habits you can maintain in order to help prevent leaks. Track your triggers Look for patterns in how your bladder reacts to certain spicy and acidic foods and beverages. Exercise regularly Reduce leaks by strengthening the muscles of your pelvic floor. Drink more water Drink six to seven 8-ounce glasses of water a day to prevent irritation.Can I use my FSA? Yes, you can. Poise products are FSA-eligible (applicable only in the U.S.). Will my shipping box have whats inside written on it? No, it will not. All Poise products are shipped discreetly in a brown corrugated box for your privacy.","I have used Poise, Tena, Depends and store brand incontinence pads and I will never again use anything other than Poise pads. The right amount of absorbency for medium problem days!"
"Equate Options Incontinence Pads for Women, Maximum,  ...",$8.97,4.0/5.0,https://www.walmart.com/ip/Equate-Options-Incontinence-Pads-for-Women-Maximum-Long-39-Ct/24389831,"<p>Remain dry, comfortable and confident throughout the day and continue to enjoy an active lifestyle wearing these Equate Options Pads. They are made of natural, breathable cotton and synthetic fibers with a super absorbent core and Omni-Odor Guard Plus. This produces a moisture-wicking surface that locks in moisture and odor and prevents irritation to the skin. These women's pads also have a contoured shape that eliminates bunching. Plus, the added length and built-in side shields increase coverage to safeguard against leaks. They come individually wrapped for discreet use and protection. These Equate Options Pads are available in a convenient 39-count package. They are ideal for home, on-the-go and travel. <br />Making the right health decisions can be challenging. With a complete range of products and simple solutions, Equate allows you to take care of your family with confidence.<br /></p>","Equate body curve maximum absorbency is exactly what It says. I purposely wore my pad out to my doctors appointment to experiment with the pad. Once I was on my way home I purposely urinated in my pad to check if it truly held up to its description. I must say I was surprised it worked. The pad absorbed every bit of urine. When I took the pad off once I got home I removed my pad and every bit of urine stayed in the pad without and dripping. It also has premium odor protection. I felt so comfortable with the pads I now use them every time I go out and I'm confident when wearing the pad that I would not leak and embarris myself. I'm so happy to have gotten these pads. I was using another brand but now I only use the Equate brand, the price is more reasonable and affordable. This will be the brand I continue to use. I feel secure in know I'm wearing a pad with the best protection for me."
Attends Discreet Day/Night Protective Underwear for   ...,$9.02 - $9.93,4.2/5.0,https://www.walmart.com/ip/Attends-Discreet-Day-Night-Protective-Underwear-for-Adult-Incontinence-Care-with-DermaDry-Technology-Unisex-Choose-Your-Size/20893972,"Attends Discreet Day/Night Extended Wear Underwear is our most absorbent product in the Attends Discreet line. Featuring our high performance DermaDry Technology and 30% more absorbent capacity to lock in wetness and keep skin feeling dry and healthy. Now including - barrier leg cuffs, odor shield, partial belly elastics, and a comfortable stretch waistband for a secure fit. With the added protection of barrier leg cuffs, Attends Discreet Day/Night Extended Wear Underwear is suggested for moderate to heavy incontinence. Tear-away side panels make removal fast and easy.","I have purchased almost every brand I know of for my 92 year old mother. She said these seem to be the best so far, beating out the name brands like Depends and Tena. Her only complaint is that she said they seem to leak by her leg if she is on her side. Her waist is only about 26"" but she won't wear any that are smaller than these, she can't stand anything tight on her these days. So as far as I can tell they do work good since she keeps me purchasing them over and over. Hope this helps."
"Poise Incontinence Pads, Maximum Absorbency, Regular  ...",$11.28 - $23.98,4.2/5.0,https://www.walmart.com/ip/Poise-Incontinence-Pads-Maximum-Absorbency-Regular-Choose-Your-Count/55537320,"With trusted 3-in-1 protection for dryness, comfort and odor control, Poise Incontinence Pads now have a new ContourFit design to give you the confidence you need day or night for heavy bladder leakage protection. The front and back of the incontinence pads are wider to provide even more coverage where you need it the most, while the middle features a soft curve that will better conform to your natural body curves. Poise pads fit you better than before and stay 10x drier than leading period pads. Poise Maximum Absorbency Incontinence Pads are designed to handle those unexpected streams. This package contains individually wrapped Poise Maximum Absorbency Incontinence Pads in regular length. Poise is the number one brand for light bladder leaks.",I was quite content with their efficiency until the redesign changed it. The new design/shaping etc has decreased their usability for me. Now they leak and changing out more often. Not acceptable. Am looking and sampling other brands now. Bad move on their part. They messed with a good thing. I can no longer recommend them in this design.
"Assurance Premium Extra-Large Disposable Washcloths,  ...",$5.87,4.9/5.0,https://www.walmart.com/ip/Assurance-Premium-Extra-Large-Disposable-Washcloths-96-Ct/42435905,,My stepson has a disabilty for witch he is in Diapers and confined  to a wheelchair.  We use tese on a daily basis for him they are big and thick and affordable. Thank you
"Assurance Underwear, Women's, Size S/M, 20 Count",$7.8840.0¢/each,4.2/5.0,https://www.walmart.com/ip/Assurance-Underwear-Women-s-Size-S-M-20-Count/894203,"<p>Assurance Underwear offers you discreet and comfortable protection. This women's disposable underwear offers maximum absorbency that locks away moisture keep you dry. It is specifically designed and fitted for women; the Comfort Shape Protection offers a soft and discreet fit. The Contour Core allows better fit for between the legs. The breathable material allows you to stay cool and happy. The Odor Guard helps to keep odor from forming. They come individually wrapped for convenient and discreet access in your purse, gym bag, or glove compartment in your car. This underwear can be worn day or night. The size S/M are made to fit a waist of 28 to 40 in diameter.</p> <p>The Assurance Underwear provides you with the comfort and protection you need.</p> <p>With a full range of product, Assurance lets you feel comfortable and dry while living your active, on-the-go lifestyle.</p> <br />","I was on a tighter budget this month, so bought these, since they were a few dollars cheaper. They seem to be made of slightly thinner padding, but still did the job, of keeping me dry :-) Many thankus again Wal-Mart, for helping me save money, and may God bless you always! :-)"
"Assurance Guards for Men, Maximum, One Size Fits All  ...",$9.5419.0¢/each,1.6/5.0,https://www.walmart.com/ip/Assurance-Guards-for-Men-Maximum-One-Size-Fits-All-52-Ct/843897280,"<p>Enjoy reliable all-day protection with these Assurance Guards for Men. These incontinence guards are specifically designed for men and come in one size fits all for men of all ages, height, and weight. In addition, they are highly absorbent and provide a secure-cup fit with a dual-lock barrier for leakage protection. The dual-core technology provides superior odor protection, so you can go about your everyday life without worry. They are also easy and secure to wear; simply attach the adhesive strip to the inside of your briefs for all day coverage. These guards are suitable for both briefs and boxer briefs. Get reliable odor protection with these male incontinence guards by Assurance.</p> <br /> <p>With a full range of products, Assurance lets you feel comfortable and dry while living your active, on-the-go lifestyle.</p> <br />","This ""new"" version is horrible. Smaller and thinner. The elastic gathers cinch up too much, creating gaps and leaks. The hold down tape is not as wide or long as the original. The old version is superior to this junk they now sell. I won't be buying the new version at all. All I get from the new style is damp underwear."
"Assurance Underwear, Men's, Size S/M, 40 Count",$4.71 - $15.74,4.4/5.0,https://www.walmart.com/ip/Assurance-Underwear-Men-s-Size-S-M-40-Count/28848303,"<p>Assurance Underwear offers you discreet and comfortable protection. This men's disposable underwear offers maximum absorbency that locks away moisture keep you dry. It is specifically designed and fitted for men; the Comfort Shape Protection offers a soft and discreet fit. The Contour Core allows better fit for between the legs. The breathable material allows you to stay cool and happy. The Odor Guard helps to keep odor from forming. They come individually wrapped for convenient and discreet access in your laptop bag, gym bag, or glove compartment in your car. This underwear can be worn day or night. The size S/M are made to fit a waist of 28 to 40 in diameter.</p> <p>The Assurance Underwear provides you with the comfort and protection you need.</p> <p> With a full range of product, Assurance lets you feel comfortable and dry while living your active, on-the-go lifestyle.</p> <br />",hello i ordered these online and got them the next day when i got them i put them on and they were very comfy. these are great if you wear them 24/7 i have gone thur three of them today and they hold alot i had messed them and they held up great
"Poise Ultra Thin Incontinence Pads, Moderate Absorbe  ...",$4.72 - $11.28,4.4/5.0,https://www.walmart.com/ip/Poise-Ultra-Thin-Incontinence-Pads-Moderate-Absorbency-Regular-Choose-Your-Count/43898425,"With trusted 3-in-1 protection for dryness, comfort and odor control, Poise incontinence pads give you the confidence and protection you need day or night. Specifically designed to handle unexpected surges, moderate absorbency Poise Ultra Thin Pads stay five times drier than the leading period pads. Plus, they feature our best fit ever, with Thin-Flex technology that allows the pad to move seamlessly with your body. Poise pads for LBL have an absorb-loc core that quickly locks away wetness and odor to help keep you feeling clean and fresh, and leak-block sides for outstanding protection. Poise Ultra Thin incontinence pads are 40 percent thinner than regular Poise pads, and they are individually wrapped so you can tuck them discreetly into your purse, desk drawer or gym bag. This package contains Poise Ultra Thin Moderate Absorbency Incontinence Pads in regular length. Poise is the number one brand for Light Bladder Leaks.* *Based on market share Frequently Asked Questions What is LBL? LBL stands for Light Bladder Leakage, and it affects millions of women. In fact, 1 in 3 women experience Light Bladder Leakage (LBL). LBL is the frequent involuntary leakage of urine. Why do I have bladder leaks? Some of the most common reasons for uninvited leaks include: Physical changes from childbirth to menopause Being overweight Complications from surgery, stroke or chronic diseases Bladder or urinary tract infections Bladder irritants Can I prevent leaks? There are healthy habits you can maintain in order to help prevent leaks. Track your triggers Look for patterns in how your bladder reacts to certain spicy and acidic foods and beverages. Exercise regularly Reduce leaks by strengthening the muscles of your pelvic floor. Drink more water Drink six to seven 8-ounce glasses of water a day to prevent irritation. Can I use my FSA? Yes, you can. Poise products are FSA-eligible (applicable only in the U.S.). Will my shipping box have whats inside written on it? No, it will not. All Poise products are shipped discreetly in a brown corrugated box for your privacy.","I could not find the original #6
 So I had to get the thin ones.
 I have to admit I do like the way they fit but, as far as absorbency and protection I have to give it a thumbs down I had it on not even 2 hours when it busted I tried a couple of more and the same thing happened I'm scared of getting that substance inside me have you changed anything besides the thickness? Do you still sell the original, if so where can I purchase them?"
"Poise Moderate Absorbency Long Incontinence Pads, 54  ...",$11.28 - $23.99,4.0/5.0,https://www.walmart.com/ip/Poise-Moderate-Absorbency-Long-Incontinence-Pads-54-ct/20682685,"With trusted 3-in-1 protection for dryness, comfort and odor control, Poise Moderate Absorbency Incontinence Pads now have a new ContourFit design to give you the confidence and incontinence protection you need day or night. The front and back of the pads are wider to provide even more coverage where you need it the most, while the middle features a soft curve that will better conform to your natural body curves. Poise pads fit you better than before and stay 10x drier than leading period pads. Moderate Absorbency Pads are designed to help contain expected surges. This package contains individually wrapped Poise Moderate Absorbency Incontinence Pads in regular length. Poise is the number one brand for light bladder leaks. Based on Nielsen Market Share DataFrequently Asked QuestionsWhat is LBL?LBL stands for Light Bladder Leakage, and it affects millions of women. In fact, 1 in 3 women experience Light Bladder Leakage (LBL). LBL is the frequent involuntary leakage of urine. Why do I have bladder leaks? Some of the most common reasons for uninvited leaks include: Physical changes from childbirth to menopause. Being overweight. Complications from surgery, stroke, or chronic diseases. Bladder or urinary tract infections. Bladder irritants.Can I prevent leaks? There are healthy habits you can maintain in order to help prevent leaks. Track your triggers Look for patterns in how your bladder reacts to certain spicy and acidic foods and beverages. Exercise regularly - Reduce leaks by strengthening the muscles of your pelvic floor. Drink more water Drink six to seven 8-ounce glasses of water a day to prevent irritation.Can I use my FSA? Yes, you can. Poise products are FSA-eligible only applicable in the US. Will my shipping box have whats inside written on it? No, it will not. All Poise maternity pads, bladder control pads and other incontinence products are shipped discreetly in a brown, corrugated box for your privacy.","These pads are the preferred ones that my wife wants to use, and it is extremely convenient to get them mailed to the house since it is a product that will be used for the foreseeable future. It would be possible of course to go to the store and get them, but when they can be delivered to the house at reasonable cost it is the only way to go!"
"Assurance Underwear, Men's, L/XL, 18 Count",$7.8844.0¢/each,4.3/5.0,https://www.walmart.com/ip/Assurance-Underwear-Men-s-L-XL-18-Count/894200,"<p>Assurance Underwear offers you discreet and comfortable protection. This men's disposable underwear offers maximum absorbency that locks away moisture keeping you dry. It is specifically designed and fitted for men; the Comfort Shape Protection offers a soft and discreet fit. The Contour Core allows a better fit for between the legs. The breathable material allows you to stay cool and happy. The Odor Guard helps to keep odor from forming. They come individually wrapped for convenient and discreet access in your laptop bag, gym bag, or glove compartment in your car. This underwear can be worn day or night. The size L/XL is made to fit a waist of 38 to 64 in diameter. </p> <p>The Assurance Underwear provides you with the comfort and protection you need. With a full range of products, Assurance lets you feel comfortable and dry while living your active, on-the-go lifestyle.</p> <br />","My husband fell and had to be admitted to a rehab facility. Bed ridden until he can get his mobility back, he needed men's absorbency underwear. He is a large man in the waist, so I got these that were supposed to fit up to a 64"" waist. They don't. They are tight and don't stretch out easily to maximum size. He is terribly disappointed"
"Always Discreet Incontinence Pads for Women, Heavy A  ...",$11.99,4.0/5.0,https://www.walmart.com/ip/Always-Discreet-Incontinence-Pads-for-Women-Heavy-Absorbency-48-Count/37892493,"Get bladder leak protection you can depend on with Always Discreet Pads.  <br />  <br />Secure bladder protection for sensitive bladders in an incontinence pad you can barely feel, these super absorbent pads have a RapidDry core that turns liquid to gel to lock away bladder leaks and odors. OdorLock Technology neutralizes odors and helps keep you feeling fresh all day. Double LeakGuards help keep wetness away from edges for secure bladder protection.  <br />  <br />Always Discreet Incontinence Pads absorb 4X more than period sanitary pads of similar size and are ideal for overactive bladders. Each incontinence pad is individually wrapped for discreet disposal on the go. With their thin design, you'll be able to walk with poise while keeping your incontinence protection discreet.  <br />  <br />Always Discreet also offers Incontinence Liners and Incontinence Underwear.",great protection since I have no control over my bladder. I have MS and wearing this product gives me confidence to go out in public.
Depend Night Defense Incontinence Overnight Underwea  ...,$11.68 - $24.99,4.5/5.0,https://www.walmart.com/ip/Depend-Night-Defense-Incontinence-Overnight-Underwear-for-Women-L-Choose-Your-Count/51348544,"Sleep through the night with confidence in the trusted protection of new Depend Night Defense Overnight Underwear for Women. Specifically designed for nighttime use to help with a restful night's sleep, this overnight incontinence underwear is made for faster absorption that also traps and locks in odor. This incontinence pant has more absorbent materials than Depend FIT-FLEX Underwear with maximum absorbency to deliver outstanding nighttime protection. The form-fitting LYCRA strands help ensure a comfortable fit for lightweight, heavy protection against overactive bladder leakage while lying down. All Depend incontinence products for women are latex-free and contain no lotions or fragrances. Size large fits women with a 38-50 inch waist and who weigh 170-260 lbs.","I started using these when I could not make it to the bathroom in the AM without leaving a trail of urine on the way. I tried poise pads at level 6 and still had leaks . When I used depends, I found they fit comfortably and did not leak on the walk to the bathroom. I use XL and I weight 200 lbs.
The elastic body of the pantie is soft and does NOT scratch during the night."
"Equate Options Incontinence Pads for Women, Light, R  ...",$3.4612.0¢/each,4.5/5.0,https://www.walmart.com/ip/Equate-Options-Incontinence-Pads-for-Women-Light-Regular-30-Ct/21392507,"Get the protection you need and enjoy an active lifestyle with these Equate Options Light Incontinence Pads for Women. They're made using a Dri-Fit enhanced cotton system to safeguard against irritation to the skin. These bladder protection pads feature Omni-Odor Guard Plus and soft side shields that extend the coverage to prevent leaks. They also have a Dri-Lock core for superior absorption and are individually wrapped. <p>Making the right health decisions can be challenging. With a complete range of products and simple solutions, Equate allows you to take care of your family with confidence.</p>","I had always paid the additional costs to purchase a Name Brand Light Absorbency Regular Length Pad, thinking I was getting the best quality. One day to try and save some money, I tried the ""Store Brand"" and to my surprise the Options Brand Light Absorbency, Regular Length Pad was equal to, if not superior to the Name Brands I had been using. They have Premium Odor Protection, meaning there is no embarrassing odor. They have a full adhesive strip on the back, allowing you to be as active as you like without worrying that they will slip around. In addition, the adhesive will not damage panties or clothing. All wetness is instantly absorbed with these pads. If you have sensitive skin like I do, you will be happy to know that these protect against sensitive skin irritation. You do not need to worry about discreetness, wearing this pad is completely undetectable under clothing, even tight jeans or shorts. These pads are individually wrapped, making it convenient to toss in your purse."
"Depend FIT-FLEX Incontinence Underwear for Women, Ma  ...",$11.97 - $26.15,4.5/5.0,https://www.walmart.com/ip/Depend-FIT-FLEX-Incontinence-Underwear-for-Women-Maximum-M-Tan-Choose-Your-Count/591746600,"Reclaim and reconnect with what matters most in your life in the new and improved Depend FIT-FLEX Incontinence Underwear for Women. Now in more sizes for better comfort, Depend disposable underwear feature Confidence Core Technology our fastest absorbing material to instantly absorb wetness for dry, comfortable protection. Drawing wetness away from the skin, the thin, contoured pad locks in urine and odors. The slip-on style of this incontinence pant has all-around leg elastics for a close-to-body fit that's unlike bulky adult diapers. And with the improved waistband for added security for an underwear-like fit, Depend FIT-FLEX are designed to fit the shape of a woman and are more flexible to move with you. Now in a feminine, neutral tan color, Depend incontinence underwear for women are latex-free, lotion-free and fragrance-free. Are you new to Depend? Start with Depend FIT-FLEX for Women in moderate absorbency or Depend Silhouette Active Fit in moderate absorbency. Depend for women are eligible for purchase with a Flexible Spending Account (FSA) applicable in the U.S. only. Size medium fits women with a pant size of 8-16. vs. leading bargain brand","I have urge incontinence and these work great. I used to use poise pads but they would sometimes not be enough. I feel more confident in these and they are just like wearing regular underwear.
Also, ladies, they are not like they used to be all that plastic. More of a mesh stretch type with a large padding inside. Love them."
Depend Night Defense Incontinence Overnight Underwea  ...,$11.9780.0¢/each,4.5/5.0,https://www.walmart.com/ip/Depend-Night-Defense-Incontinence-Overnight-Underwear-for-Women-M-15-Ct/693664532,"Sleep through the night with confidence in the trusted protection of Depend Night Defense Overnight Underwear for Women. Specifically designed for nighttime use to help with a restful night's sleep, this overnight incontinence underwear is made for faster absorption that also traps and locks in odor. This incontinence pant has more absorbent materials than Depend FIT-FLEX Underwear with maximum absorbency to deliver outstanding nighttime protection. The form-fitting LYCRA strands help ensure a comfortable fit for lightweight, heavy protection against overactive bladder leakage while lying down. All Depend incontinence products for women are latex-free and contain no lotions. Depend Night Defense Underwear is FSA-eligible in the US only. Size medium fits women with a 31-37 inch waist or pant size 8-16.","After reading many awesome reviews and trying countless other brands, I decided to try. These underwear don't wick moisture away fast enough causing leaks. I wake up to wet sheets or at least wet clothes every night. I have been awoken several times by the feeling of urine going up my back. Nobody should have to feel that. These need some serious new refab. For the price, I honestly expected more."
"Poise Ultra Thin Incontinence Pads for Women, Light   ...",$4.8417.0¢/each,4.6/5.0,https://www.walmart.com/ip/Poise-Ultra-Thin-Incontinence-Pads-for-Women-Light-Absorbency-Regular-30-CT/50160157,"With trusted 3-in-1 protection for dryness, comfort and odor control, Poise incontinence pads give you the confidence and protection you need day or night. Specifically designed to handle unexpected bursts, light absorbency Poise Ultra Thin Pads stay five times drier than the leading period pads. Plus, they feature our best fit ever, with Thin-Flex technology that allows the pad to move seamlessly with your body. Poise pads for LBL have an absorb-loc core that quickly locks away wetness and odor to help keep you feeling clean and fresh, and leak-block sides for outstanding protection. Poise Ultra Thin incontinence pads are 40 percent thinner than regular Poise pads, and they are individually wrapped so you can tuck them discreetly into your purse, desk drawer or gym bag. This package contains Poise Ultra Thin Light Absorbency Incontinence Pads in regular length. Poise is the number one brand for Light Bladder Leaks.* *Based on market share Frequently Asked Questions What is LBL? LBL stands for Light Bladder Leakage, and it affects millions of women. In fact, 1 in 3 women experience Light Bladder Leakage (LBL). LBL is the frequent involuntary leakage of urine. Why do I have bladder leaks? Some of the most common reasons for uninvited leaks include: Physical changes from childbirth to menopause Being overweight Complications from surgery, stroke or chronic diseases Bladder or urinary tract infections Bladder irritants Can I prevent leaks? There are healthy habits you can maintain in order to help prevent leaks. Track your triggers Look for patterns in how your bladder reacts to certain spicy and acidic foods and beverages. Exercise regularly Reduce leaks by strengthening the muscles of your pelvic floor. Drink more water Drink six to seven 8-ounce glasses of water a day to prevent irritation. Can I use my FSA? Yes, you can. Poise products are FSA-eligible (applicable only in the U.S.). Will my shipping box have whats inside written on it? No, it will not. All Poise products are shipped discreetly in a brown corrugated box for your privacy.",These are or should I say were great pads. Unfortunately I just opened a new package to find that the pastic part that adheres to your panty is bright aqua. It is now impossible to wear them with light colored pants or shorts. I'll be looking for another brand.
"Always Discreet Incontinence Liners, Very Light Abso  ...",$4.8411.0¢/each,4.3/5.0,https://www.walmart.com/ip/Always-Discreet-Incontinence-Liners-Very-Light-Absorbency-Long-Length-44-Count/37892494,"Get bladder leak protection you can depend on with Always Discreet Liners.  <br />  <br />Secure bladder protection for sensitive bladders in an incontinence liner you can barely feel, these super absorbent liners have a RapidDry core that turns liquid to gel to lock away bladder leaks and odors. OdorLock Technology neutralizes odors and helps keep you feeling fresh all day.  <br />  <br />Always Discreet Incontinence Liners absorb 2X more than the leading period liner and are ideal for overactive bladders. Each liner is individually wrapped for discreet disposal on the go. With their thin design, you'll be able to walk with poise while keeping your incontinence protection discreet.  <br />  <br />Always Discreet also offers Incontinence Pads and Incontinence Underwear.","I ordered these after trying several different products and for me they work great. Hold occasional leaks, discreet, easy to use. Will not hold a major leak, but for everyday work great."
"Tena Ultra Thin Light Incontinence Pad Regular, 30 C  ...",$4.97,4.6/5.0,https://www.walmart.com/ip/Tena-Ultra-Thin-Light-Incontinence-Pad-Regular-30-Ct/10316586,"Our improved Tena Intimates Ultra Thin Light Pads provide powerful protection from light incontinence. Specially designed to protect against light bladder leakage, these ultra thin pads draw in liquid quickly and lock moisture deep in the pad to keep you feeling dry and fresh. Discover the benefits of ProSkin Technology. Tena Intimates Ultra Thin Light Pads protect against light leaks from sneezing, coughing or laughing. Whether you're out on a run or heading to work, do it with the Fearless Protection of TENA. Don't miss a beat of your active, on-the-go life.","When I finally got tired of having small urine spots on my underpants that just would not wash out, no matter what products I tried, I began to use products to protect my underpants from staining. Before this kind of product came out, I used thin menstrual pads intended for light flow; but then I began to see TV ads for TENA and other brands for exactly what I needed; and I began to try them. So, over the years I have tried many, many different brands and sizes, and have found none that suit me as well as this particular one. It has become extremely difficult to find this product in the stores...perhaps because TENA offers such a variety of products to suit every need that the retailers cannot devote that much shelf space to one brand. But after traipsing from store to store to store with no luck I tried finding them online. Voila! Thank you, TENA. This is just what I need: enough absorption and protection without bulk."
