Product Name,Price,Rating,Link,About,Top Comment
Drive Medical Four Wheel Rollator Rolling Walker wit  ...,$55.40 - $58.49,4.6/5.0,https://www.walmart.com/ip/Drive-Medical-Four-Wheel-Rollator-Rolling-Walker-with-Fold-Up-Removable-Back-Support/28647754,"Supreme Durability, Safety and Quality In keeping with Drive Medical's tradition of fine craftsmanship and unmatched value, this Four Wheel Rollator Walker with Fold Up Removable Back Support continues to lead the charge when it comes to design, quality and value.A mobility aid in a league all of its own, this walker comes highly recommended by those who seek strength, support, durability and comfort, all mixed with a touch of class. The Four Wheel Rollator Walker comes complete with a padded backrest which is hinged and is removable by folding it either up or down. It also arrives with comfortable seating along with a convenient carrying basket which you can use to store personal items.The 7.5 inch non-marring wheel casters are ideal for both indoor and outdoor use, as are the easy to use deluxe loop locks. But that's not all; you also get ergonomic handles that can be adjusted according to your height, making the gripping of handles especially convenient and comfortable, while eliminating undue stress on hands and joints.With the Four Wheel Rollator Walker as your travel companion, there is no need to overstretch yourself, because this rollator doubles as a comfortable and welcomed chair, giving you an opportunity to rest and refresh yourself anywhere and at any time. Go ahead...Experience the Drive Difference Now!","Need a walker after spinal stenosis and herniated disc caused me to require support and stability issues. I am unable to walk for more than 10 minutes without sitting. I have had this walker now for two weeks and couldn't be more pleased with my purcahse! It is very well made and light weight. The large wheels making maneuvering on uneven terrain a breeze and it doesn't get hooked up on raised sidewalk cracks. Great little walker, totally recommend this product."
"Medline Steel Foldable Rollator Walker with 6"" Wheel  ...",$53.94,4.1/5.0,https://www.walmart.com/ip/Medline-Steel-Foldable-Rollator-Walker-with-6-Wheels-Green/40825479,"Increase your mobility with the Medline Steel Foldable Rollator Walker. It provides higher weight capacity of around 350 lbs, so it is ideal for a wide range of users. Made out of steel, this Medline rollator walker is durable and sturdy. It is equipped with a wheel brake lock for better control and added safety. The height of the handles is adjustable. You can increase the height in 1&quot; increments for easy customization. Each handle is easy to hold, as the shape adapts naturally to the hand for nice grip and maneuverability. It is already assembled. Simply attach the handle bars, and it is ready for use. The Medline rollator walker features an ultra-soft padded seat for a comfortable place to rest and relax. The seat conveniently lifts up and provides access to a sizable storage bag that keeps your important items close by. This walker with wheels folds compactly for easy storage and transportation, so you can always have it with you.","this walker is a bit smaller than some of the others I looked at , It works well and the color is great."
Drive Medical Deluxe Two Button Folding Walker with   ...,$28.39,4.7/5.0,https://www.walmart.com/ip/Drive-Medical-Deluxe-Two-Button-Folding-Walker-with-5-Wheels/40877930,"For a safe, convenient aid to performing daily activities, a walker can be the ideal solution. Drive's new Deluxe Folding Walker combines the strength and durability with lightweight ease of use. The walker features a unique push button mechanism for easy folding. Its U-shaped frame offers greater clearance while its enhanced cross-frame design provides you with greater stability. The Folding Aluminum Walker offers 5&quot; wheels and newly designed rear glide caps for use on many types of terrain, while the contoured hand grip and adjustable height make the Folding Aluminum Walker comfortable to use.","The walker came with two left wheels, so one wheel is facing the outside and one wheel is facing the inside which make it unstable.  Left and right wheels are on interchangeable.  Quality is good, but the quality control in packaging the item parts is very poor.  Not acceptable when you need to use it right away after surgery.  Will return the item for refund."
Carex Steel Rollator Walker with Seat and Backrest,$46.49,3.8/5.0,https://www.walmart.com/ip/Carex-Steel-Rollator-Walker-with-Seat-and-Backrest/48676819,"The Carex Steel Rolling Walker Rollator with Padded Seat and Backrest has the features you need for safe and simple walking assistance. It has a padded seat and backrest that provides a comfortable resting spot wherever you go. The 6&quot; wheels have lockable handbrakes that let you maneuver and stop with little effort. This folding walker rollator includes a convenient storage area under the seat to safely hold your personal items, such as a purse, wallet and shopping bags. It collapses easily so that you can store it out of the way when it's not in use. The assembly is quick and tool-free.",This was the best. At first I thought it was smaller than the one I have home. But it's the best I like it alot it fits in my car better and I went into a restaurant and it was able to fit compact where a chair would go so it was out of the and near by all at the same time. My friend is going to oder with you because of me. I hope they have the same experience as I did.
"Equate Rolling Walker, Black",$89.00,4.6/5.0,https://www.walmart.com/ip/Equate-Rolling-Walker-Black/14179110,"<p>The versatile Equate Rolling Walker has the portability and flexibility to help people who need assistance for walking. The ergonomic hand grip provides comfort and control, and the hand brakes lock for safety. When needed, it folds compactly for transport or storage. Enjoy the wide comfortably padded seat, and keep your personal items in the box below. Get much-needed stability and assistance for moving around the house and outside with Equate Rolling Walker</p> <p>Making the right health decisions can be challenging. With a complete range of products and simple solutions, Equate allows you to take care of your family with confidence.</p> <br />","We got this just right after my husband had a nasty sking accident and was in need of help with his mobility especially to run our company . It was up to me , his wife to assemble it and get it ready for his use . Lucky for me no tools were required and it went together very quickly ! This rolling walking has been a huge help , from the safety brakes to the seat for resting which he had to use a lot . Going to our office each day I was  able to load him and the walker quite easily into our truck with no issues , though it is a little heavy for a woman I think . The little storage dept.  came in handy for  storing his wallet , phone and keys throughout our work day , right in arms reach where he needed it to be . Overall this is a really smooth moving walker , that takes bumps ,  corners and different types of flooring or pavement well . I would give it a 7 out of 10 and would definitely recommend this to friends and family."
Drive Medical Adjustable Height Rollator Rolling Wal  ...,$69.99 - $76.99,4.5/5.0,https://www.walmart.com/ip/Drive-Medical-Adjustable-Height-Rollator-Rolling-Walker-with-6-Wheels/17284823,"If you're seeking a safe, convenient aid to improving your daily mobility, a Rollator can be the ideal solution. Wheels make a Rollator a superior option over a standard walker, eliminating the need to lift the device and allowing you to walk with an easy, smooth gait. Plus, Rollators are better for traveling over uneven, outdoor terrain, making them great for your active, busy lifestyle. And with the built-in seat found on a Rollator, you'll always have a convenient place to rest. Drive's Rollator with 6&quot; Casters is the perfect unit to suit your needs and your style. It's designed and built for maximum comfort, durability and ease of use with quick folding ability and simple handle height and angle adjustment. It has a unique seamless padded seat for maximum sitting comfort and ease of care. The backrest is also padded and large soft grip wheels ensure smooth travel over a variety of different terrains. It even has a convenient, zippered pouch for privately and securely carrying items with you on the go.","I ordered this adjustable Rollator for my mother-in-law. It arrived at my local Walmart in a few days. Upon assembly the right front tightening knob would not thread properly into the nut, which is welded onto the frame. After repeated tries the tightening knob started into the frame nut cross-threaded.  I reordered another Rollator and returned the initial Rollator to Walmart. The second one assembled easily like  charm in a few minutes. 
The Rollator has given my MIL the confidence to walk outside for exercise again when by herself. It gives reassurance from falling and a place to sit down if necessary.
By design this Rollator is adjustable for seat height via the tightening knobs/ legs at the bottom and the hand grips are adjustable at the top. There are enough positions of adjustment that the Rollator can be easily personalized for comfort for different individuals. It seems to be well built and should last a long time."
"Medline Steel Rollator Walker, Burgundy, 350 lbs Cap  ...",$54.99,4.5/5.0,https://www.walmart.com/ip/Medline-Steel-Rollator-Walker-Burgundy-350-lbs-Capacity/37617768,"Imagine having the freedom to live a more active life with the Medline Steel Rollator Walker. It adds stability and reduces stress on your body, which helps you walk faster and farther. Created with a sturdy frame, this Medline Rollator walker easily supports users weighing up to 350 lbs. The height of the handgrips and the seat are adjustable, allowing a customized fit for people ranging from 4'11&quot; to 6'4&quot;. Additionally, this lightweight accessory weighs in at only 19 lbs and folds flat when not in use, making it easy to transport and store when traveling. This walker with seat features a comfortable cushion and a curved padded back rest, providing a place to sit and rest. The legs are designed in a beautiful burgundy color and have a powdered-coated finish, which easily resists nicks and scratches. A water-resistant storage bag secures to the frame, providing a place to carry belongings, while leaving your hands free","After receiving my Medline Steel Rolling Walker, [model # MDS8685OESKD], I proceeded to assemble it. Assembly was fairly easy and no tools were needed to do so. The weight of the walker itself is approximately 19 lbs. Depending of the need to actually lift the walker or load it, 19 lbs. was slightly heavy but manageable to me. The seat on the walker is right at 11 1/2""x 11 1/2"" inches, and the walker itself folds up for easy storage. According to the instruction manual, the maximum weight limit should not exceed 350 lbs. One thing to note is that the Medline Rolling Walker is completely latex free, so those with a latex allergy need not be concerned. The basket under the padded seat also measures at about 11 1/2""x 11 1/2"" inches, but the recommended allowed weight limit for the pouch is 10 lbs. or less. The basket is also removable. The rolling walker should never be used as a wheel chair as injury may occur. The height of the walker is fully adjustable. Always make sure your walker is fully opened before each use. The brakes lock by pulling down on the brake handles and making sure they click into the locked position. Always lock the brakes before attempting to be seated. Never use the walker to pull or lift yourself up as it may roll even when in the locked position. I find that the 6"" inch wheels allow the walker to roll very easily on tile, and concrete. When on carpet or grass I was also able to roll forward and backwards very easily, but I recommend being more cautious on rugs and in the yard. I found the Medline Rolling Walker to be very durable, comfortable, and very easy and helpful to use. Great product, but to avoid injury make sure to fully read ""All"" instructions and cautions provided to you in your manual.

."
"Medline Steel Foldable Rollator Walker with 8"" Wheel  ...",$73.35,5.0/5.0,https://www.walmart.com/ip/Medline-Steel-Foldable-Rollator-Walker-with-8-Wheels-Red/40824169,"Classically designed, value priced Constructed of a durable powder-coated steel Comes standard with convenient storage bag under the seat","The Medline Foldable Rollator Walker is very sturdy & strong. Its really made of steel. Easy to put together, fold, its a little heavy, but manageable. I haven't sit down on it yet. Directions state that it  holds weight up to 350 lbs., but seat is small. My granddaughter weighs 135 lbs and she fits comfortably.  My only complaint is the seat it would be excellent if it was a little wider.  But for the price this is an excellent deal.  I'm so happy I got this.  I love the color it's more Burgundy.  The 8 in wheels make a great difference.  Love it! I recommend to anyone needing help walking."
"Medline Empower Rollator, Blue",$129.00,4.6/5.0,https://www.walmart.com/ip/Medline-Empower-Rollator-Blue/45582397,"The Medline Empower is a multipurpose rolling walker that can adjust in a variety of ways to make it easy for customization. Fusing together user feedback and technology, Medline has created a comfortable, adjustable and dependable option for those looking for an advanced rolling walker. The Empower weighs only 17 lbs. and supports users up to 300 lbs. Simple seat latch lifts the seat allowing space to walk into the rolling walker for step-in support. Folds completely flat, making it easy to store.","This is a very versatile walker with all the features my son needed. All adjustments can be done without tools with all adjustment points marked in yellow. My son walks with a wide gait so his right foot would always hit the wheel of his previous walker throwing him off balance. This walker's back wheels are extra wide apart which has allowed him to walk much better. There is a built in cup holder and plenty of storage. Also, it folds up flat, easily fitting is a car trunk. One thing to note is that it is a little heavier than our previous walker and it takes some practice to learn how to fold it up. Also the back wheels are 27 inches apart so some doorways may be a little narrow for it or maneuvering between tables in a restaurant may be more challenging. 
This is a Great, Great walker and I would highly recommend it."
"Medline Ultra Lightweight Rollator, Burgundy",$99.00,4.3/5.0,https://www.walmart.com/ip/Medline-Ultra-Lightweight-Rollator-Burgundy/7983648,"Have the freedom of mobility when and where you need it with the Medline Ultra Lightweight Freedom Rolling Rollator walker. This device makes you more mobile by adding stability. It also reduces stress on your body, which helps you walk faster and farther. At only 11 pounds, this durable Medline rollator walker is 40 percent lighter than most wheeled walkers available. Its reinforced aluminum frame is safe and easy to maneuver, and the swivel front wheels and easy grip brakes provide added control, even across rough terrain. This Medline Ultra Lightweight Rollator can support users weighing up to 250 lbs. The height of the handgrips and seat is adjustable and suitable for users from 4'11&quot; to 6'4&quot;, so it's versatile and customizable for a wide variety of users.","I bought this for my 93 yr old father in law. The brake cables were adjusted so tightly that it was impossible to lock the brakes .If I had not been familiar with this brake locking feature from my mother's walker I would have not known to adjust the brake cables properly.  Many of the customers for these devices may lack the tools or knowledge of how to adjust the brakes. 
This is a safety issue and should be addressed by the manufacturer.
Once the brakes were properly adjusted this device works well. Height is easily adjustable. I am not sure it would be tall enough for someone 6 ft or taller."
Medline Extra Wide Heavy Duty Rollator Walker,$109.99,4.7/5.0,https://www.walmart.com/ip/Medline-Extra-Wide-Heavy-Duty-Rollator-Walker/44608046,This Medline Extra-Wide Heavy-Duty Rollator Walker is designed to provide comfort and enhanced mobility. It has loop-style brakes that you push down to lock and pull up to release. This Medline rollator walker features a padded backrest and a padded seat to provides a comfortable place to sit and rest. It also has a wider distance between the handles for added space and better balance. This extra-wide rollator walker even comes with a removable storage bag that fits under the seat for carrying essential items. The reinforced design supports larger and heavier patients and has a weight capacity of 500 lbs. The large wheels provide smooth movement on a variety of surfaces. The hand grips are contoured to offer added security and comfort and they are also adjustable in height.,"This walker has worked out well for our mother, she has been getting around great in the grass, mud and on the sidewalk!"
"Equate Folding Walker with Wheels, Black",$49.67,4.8/5.0,https://www.walmart.com/ip/Equate-Folding-Walker-with-Wheels-Black/14179124,"<p>The versatile Equate Folding Walker with Wheels has the portability and flexibility to help people who need assistance for walking. Adjust to the ideal height quickly, easily and securely with simple push button locks on each leg. When needed, it folds compactly for transport or storage using special, easy-to-use paddles that wont pinch your fingers. The front legs with wheels can be removed easily and can be replaced with full leg extensions with non-skid rubber tips. It has 5 inch wheel and can bear weights up to 350 lbs. Get much-needed stability and assistance for moving around the house and outside with Equate Folding Walker with Wheels.</p> <p>Making the right health decisions can be challenging. With a complete range of products and simple solutions, Equate allows you to take care of your family with confidence.</p> <br />",I received my foldable walker which was easy to put together and looks very well made .I love how light weight it is to use . I also received equate tennis balls for the walker which make it very easy to use on all surfaces. I think it's a great product an I will definitely be recommend this to everyone I know. So thank you home tester club for picking me.
"Drive Medical Steel Rollator Rolling Walker with 8""   ...",$71.49 - $74.13,4.5/5.0,https://www.walmart.com/ip/Drive-Medical-Steel-Rollator-Rolling-Walker-with-8-Wheels/55151829,"Designed for maximum comfort, durability and ease of use, the Drive R900 series rollator can help to safely increase your everyday mobility. Unlike a walker, this rollator is equipped with 8&quot; casters to easily navigate uneven outdoor terrain, making it an excellent accessory for an active lifestyle. The simple height and angle adjustable handles and quick-folding capability make this rollator convenient to use and store. With unique seamless padded seat and backrest, the R900 also provides maximum seating comfort when you need it. When on the go, personal items can be securely stored in the included zippered pouch. Enhancing your mobility and quality of life has never been easier with a Drive rollator.","It is all I wanted it ti be. Sturdy, easy to roll with 8"" wheels, it has a comforatble seat, folds very easily, reasonably priced and jazzy looking in bight red!!"
"Medline Steel Foldable Rollator Walker with 8"" Wheel  ...",$60.54,3.5/5.0,https://www.walmart.com/ip/Medline-Steel-Foldable-Rollator-Walker-with-8-Wheels-Blue/40874795,"Improve your mobility with this Medline Steel Foldable Rollator Walker with 8&quot; Wheels. This medical accessory comes already assembled. Just put on the handlebars and it's ready to go. Large 8&quot; wheels provide extra confidence on almost any terrain. The blue Medline rollator walker is constructed of durable powder-coated steel, giving it a higher weight capacity than most other rollators. It also has a comfortable padded seat that lifts up to provide access to the included storage bag. Access your personal items that you will need, then close the lid and sit down. The steel rollator walker with wheels and seat can be folded up for easy storage. This model is height adjustable and it features a wheel brake lock for added safety.",I bought this for my mother to use because she usually has to rest after walking very little lengths. We went out an used it for the first time tonight an she really liked it. It gave her good balance and was able to walk without resting. It seems nice and sturdy I hope it holds up. The only thing is that it is a bit heavy but I put it in and out of the car for her.
Equate Steerable Knee Walker Scooter,$115.00,4.6/5.0,https://www.walmart.com/ip/Equate-Steerable-Knee-Walker-Scooter/128305573,"For those recovering from a below-the-knee injury or surgery, the Equate Dual Pad Steerable Knee Walker with basket is a simple yet comfortable alternative to crutches. Designed to keep you active and moving, this knee walker scooter features fully maneuverable front wheels. Adjustable to suit the needs of each individual user, it offers tool-free height and leg adjustments, and the two-piece leg pad provides superior comfort. In addition, the deluxe dual-braking system provides maximum safety while the 8&quot; wheels are ideal for indoor or outdoor use.",Game changer vs crutches.  Easy to navigate.  Adjstable. Fits in back seat of car.   Good quality - excellent value.
Carex Step 'N Rest Rolling Rollator Walker with Padd  ...,$86.10,4.6/5.0,https://www.walmart.com/ip/Carex-Step-N-Rest-Rolling-Rollator-Walker-with-Padded-Seat-and-Backrest/14668627,"Increase your independence and mobility and get around with ease and comfort with the Carex Step 'N Rest Rollator Walker. It is versatile and features three seat height positions of 18&quot;, 21&quot; or 23&quot; to accommodate a wide variety of users. This rollator walker with a seat has lockable hand brakes for added safety. It has a versatile seat and backrest to provide comfort and an instant seat where and when you need it. The large 6&quot; wheels are ergonomic and allow for easy maneuverability on the pavement, floors, grass and more. A convenient storage area is located beneath the seat of the Carex rollator walker to safely and conveniently hold your personal items. It requires no tools to assemble. It has a weight capacity of 250 lbs. The Carex Step 'N Rest Rolling Walker Rollator is lightweight and has an easy-fold design for quick and simple travel and storage.","I purchased this recently because of difficulty walking due to a back injury. It was fairly easy to put together. The brakes are already assembled and no tools are required However, the instructions are poor and only show pictures of how it goes together with very little instructions. This could be confusing for people who are not familiar with equipment like this. The wheels roll easily on carpet or tile. It has a nice area under the seat to carry your purse when shopping or any other items you may need when you are out The backrest is padded and very comfortable. The handlebars are wide and also comfortable for your hands. I'm sort of on the short side, 5'3"", and I was happy that I could adjust this to the height I needed. It will also adjust for much taller people.
It is very sturdy and I feel that I am well supported when using it. I saw other walkers for a lot more money that did not looks as nice as this one and had far fewer features than this one."
Dual Release Folding Walker Universal drive™ Aluminu  ...,$30.60,4.2/5.0,https://www.walmart.com/ip/Dual-Release-Folding-Walker-Universal-drive-Aluminum-Frame-300-lbs-Weight-Capacity-28-3-4-to-38-1-2-Inch-Height/15423433,"<ul>  <li>Walker height can be adjusted from 28 to 38 inches</li>  <li>Two walkers in one</li>  <li>Side brace adjusts with height of walker to provide additional stability</li>  <li>Easy push-button mechanisms may be operated by fingers, palms or side of hand</li>  <li>Comes with wheels, rear glide caps and glide covers</li> </ul>","Walker is good and sturdy. However, for a ""universal"" walker it does not allow for other companies universal parts. If you want to add a tray to this walker, you must purchase the Drive brand tray, others that are less expensive or you have from other walkers will not work on this walker. The same goes for adding a bag/caddy/pouch to this walker. You must purchase the drive brand caddy/pouch for it to fit correctly"
Drive Medical Two Wheeled Walker with Seat,$39.55 - $49.49,3.9/5.0,https://www.walmart.com/ip/Drive-Medical-Two-Wheeled-Walker-with-Seat/43224556,"The support offered by Drive's Two Wheeled Walker with Seat makes it a great mobility aid if you experience weakness in your legs, have difficulty keeping your balance or are at risk of falling when walking. Configured with handles like a Rollator, the walker's large swivel front wheels eliminate the need to pick up the unit to advance it, making for smooth, easy movement. Plus, the walker adds a comfortable, convenient seat and backrest that let you take a break wherever you go. Stopping is quick and easy by pressing down on the rear legs to brake. And the whole lightweight unit folds easily when not in use.","This walker had everything Mom wanted and needed. The walker with 4 wheels had hand brakes, which Mom could not work well, due to arthrits in the hands and to turn with a regular walker, you must lift it up a fews times because these wheels do not pivot. It is heavy, which means it is sturdy, and she does not have to lift it at all because she only needs it when she goes out of the house. We store it in the garage and if someone picks her up, she leaves from the garage. It folds up easily to put in trunk. Pivoting front wheels for better turns, comfortable seat, brakes on back legs when applying downward pressure, fraction of the cost at a medical supply store (even with using no insurance, still paid less out of pocket).We had a physical therapist check the height...this is a must!!!  Proper Height is Essential."
Walker Dual Button Release 300 Lb Adult  1/CS,$31.92,4.3/5.0,https://www.walmart.com/ip/Walker-Dual-Button-Release-300-Lb-Adult-1-CS/12518961,"The Graham Field dual-button release adult walker will help a loved one move around a bit easier. It is made of sturdy aluminum for strength that is also lightweight. The foldable walker can be released and folded with the dual buttons so users can do it themselves, fostering greater independence. It is also light, so lifting it into or out of a vehicle or other places is easy. It has a weight capacity of 300 pounds and adjusts to suit people who are 5'4&quot; to 6'1&quot;. The handles are 1 inch with foam padding for added comfort and easy gripping. This walker will help a loved one feel more independent and mobile.",My brother-in-law needed a walker after a stay in the hospital and asked me to help. He wanted one that had four feet and a frame. This one was just right for him and he is very happy with it. It adjusts on heighth and is the right width to support him without him having to lean over or make other adjustments. I ordered it to be delivered to his home as quickly as possible. It was promised on a Thursday and arrived on Wednesday.
Drive Medical Trigger Release Folding Walker,$37.08,4.7/5.0,https://www.walmart.com/ip/Drive-Medical-Trigger-Release-Folding-Walker/10740649,"The Deluxe Trigger Release Folding Walker with 5&quot; Wheels by Drive Medical has a trigger release feature that allows the user to close the walker without removing their hands from the handle, making it ideal for individuals with limited finger dexterity. The durable, composite trigger release can be reached with hands of all sizes and resists cracking and breaking, ensuring safety and durability. The new and improved, softer, ribbed, contoured handgrips relieve pressure on users hands. The lightweight aluminum frame ensure maximum strength and durability. Comes standard with 5&quot; wheels, rear glide caps and glide covers providing a smooth transportation over most surfaces.","Outstanding walker. My daughters purchased this for me after keen replacement surgury. Works  great, cute design,  very good price. Highly recommended.ðð¼"
"Drive Medical Rollator Rolling Walker with 6"" Wheels",$60.26 - $68.99,5.0/5.0,https://www.walmart.com/ip/Drive-Medical-Rollator-Rolling-Walker-with-6-Wheels/40878879,"If you're seeking a safe, convenient aid to improving your daily mobility, a Rollator can be the ideal solution. Wheels make a Rollator a superior option over a standard walker, eliminating the need to lift the device and allowing you to walk with an easy, smooth gait. Plus, Rollators are better for traveling over uneven, outdoor terrain, making them great for your active, busy lifestyle. And with the built-in seat found on a Rollator, you'll always have a convenient place to rest. Drive's Blue Rollator with 6&quot; Casters is the perfect unit to suit your needs and your style. It's designed and built for maximum comfort, durability and ease of use with quick folding ability and simple handle height and angle adjustment. It has a unique seamless padded seat for maximum sitting comfort and ease of care. The backrest is also padded and large soft grip wheels ensure smooth travel over a variety of different terrains. It even has a convenient, zippered pouch for privately and securely carrying items with you on the go. Enhance your mobility-and your quality of life-with a Rollator from Drive.",Able to go shopping again and get some exercise and able to sit when I get tired. So much better than using an electric cart and getting in everyone's way. I am 80 yrs old.
"Medline Combination Rollator/Transport Wheelchair, B  ...",$179.69,4.4/5.0,https://www.walmart.com/ip/Medline-Combination-Rollator-Transport-Wheelchair-Blue/13248453,"Enjoy the benefits of both a rolling walker and a transport chair without having to decide between the two with the 2-in-1 Medline Combination Rollator/Transport Wheelchair. This innovative device does double duty, allowing the user to walk until they are tired, and ride when they need to. This Medline wheelchair quickly converts from a walker to a convenient transport chair, giving you the chance to rest and ride until you are ready to walk again. The lightweight foldable wheelchair weighs only 18 lbs, yet still provides strong support. This device offers sturdy wheels that provide maneuverability and stability when traveling over rough terrain, such as grass, gravel, or carpeting. Easy to use ergonomic handbrakes provide reliable stopping power in both the rolling walker and transport wheelchair modes.","The whole idea is fantastic and when I say it I knew it would be perfect for what we needed. It is very reasonably priced, it has been very durable and very, very easy to put together! The one thing I have a problem with is the brake mechanism. It does not function as well as it could. I think the company needs to tweak this a bit so they doen't loosen every time you use them then this machine would be totally perfect!"
"Karman R-4700 Heavy Duty Bariatric Rollator with 8""   ...",$107.69,5.0/5.0,https://www.walmart.com/ip/Karman-R-4700-Heavy-Duty-Bariatric-Rollator-with-8-Wheels-Padded-Seat-and-Backrest-Wire-Basket-Loop-Brakes-Blue/30296547,"The Karman R-4700 Heavy-Duty Bariatric Rollator makes it easy to get around despite mobility issues. It is designed for use both inside and outdoors, so you can take it where you need. This Karman rollator with 8&quot; wheels can power over moderate obstacles, such as rocks and bumps, making it a smart choice. It has padding on the wide seat to provide you with a comfortable place to rest when you get to your destination or as a stop on the way. This heavy-duty rolling walker is wide and strong enough to support a person of up to 400 lbs. The whole thing weighs only 24 lbs, making it easy to carry it wherever you need and simple to travel with when you need to fold it to place in a vehicle. A handy wire basket below the seat gives you space to store medicine, a purse, groceries and other essentials while on the go.","I am very happy with this walker, very sturdy, well made."
Medline Deluxe Aluminum Foldable Rollator Walker wit  ...,$102.51,5.0/5.0,https://www.walmart.com/ip/Medline-Deluxe-Aluminum-Foldable-Rollator-Walker-with-8-Wheels-Blue/54736332,Deluxe padded seat and curved padded backrest provide enhanced support and comfort. Large 8&quot; (20 cm) wheels combined with lightweight aluminum frame allows for smooth operation on most terrain. 300-lb. weight capacity. 17.5&quot; (44 cm) distance between handles; seat height is 20&quot; (51 cm); min./max. height 31-36.5&quot; (79-93 cm). Weighs 20.5 lbs. (9 kg).,Arrived in perfect condition. I paid for expedited shipping $8.97 so fed 3x grouneld not home delivery would bring it. Sturdy box with plastic straps made it easy to move but also easy to pen. Arrives almost completely assembled. Quick easy set up no tools. Used it outside in the parking lot right away. Smooth operator. Drives itself. Easy in and out over door stoop. Light but sturdy and steady. I felt secure! Worth every dollar!
Drive Medical Winnie Lite Supreme 3 Wheel Rollator W  ...,$72.99,4.4/5.0,https://www.walmart.com/ip/Drive-Medical-Winnie-Lite-Supreme-3-Wheel-Rollator-Walker/15423369,"The Drive Medical Winnie Lite Supreme 3-Wheel Rollator Walker comes in an attractive tan finish and is a wonderfully functional walking helper. It has lightweight, solid, 7.5&quot; tires that are ideal for both indoor and for outdoor use. Use the Drive Medical rollator walker to assist you in your everyday activities. It can be easily folded and put in your vehicle for ease of use and mobility. Use it to get around stores. This walker also comes with a stylish, tan-plaid carry pouch, which you can use to transport your personal items such as purses and wallets, jackets, phones and water bottles. The product comes standard with special loop locks for safety, adjustable handles for accessibility and mobility and brakes.",This is my Christmas present to me. My really old Winnie Walker had to be replaced and I just love my new one. It folds so nicely and I can put it in the back seat of my car and then get in the front seat and drive. I cannot walk without it. Have had people stop me when I am in the market and ask me where I got it. And I couldn't believe I got it in 2 days. Thank you so much.
Drive Medical Breast Cancer Awareness Adjustable Hei  ...,$76.90,4.9/5.0,https://www.walmart.com/ip/Drive-Medical-Breast-Cancer-Awareness-Adjustable-Height-Rollator-Rolling-Walker-Pink/32807356,"If you experience limited mobility, the Adjustable Height Rollator provides safety and security while showing your support of the American Cancer Society (ACS). The Adjustable Height Rollator offers easy height adjustment of the seat and handles and includes a padded seat and back support for added comfort. It even has a handy storage pouch for the items you take with you. And, in honor of the famous ACS Pink Ribbon campaign, the Rollator is colored pink to promote breast cancer research, treatment, and awareness. Best of all, proceeds from the purchase of each Adjustable Height Rollator go to the ACS Making Strides campaign, so you're not only getting a great, high quality mobility product, but contributing to the fight against breast cancer. To learn more about ACS, please visit www.cancer.org or call 1-800-227-2345. The American Cancer Society does not endorse any product or service. Drive Medical has paid a royalty fee for the use of the American Cancer Society logo.","This walker is a great color, way easy to assemble, easy to adjust height. Package was delivered in a timely manner. The guality of the product appears to be good. [This review was collected as part of a promotion.]"
"HealthSmart Gateway Aluminum Rollator, Titanium, 31""  ...",$123.98,4.5/5.0,https://www.walmart.com/ip/HealthSmart-Gateway-Aluminum-Rollator-Titanium-31-36-H-300-lb-Capacity/21382710,"Stay stylish with a walker that has a sleek, compact design. Walker folds down to only 25&quot; x 16 1/2&quot; x 11 1/4&quot;, for easy storage. Adjustable handle height creates user comfort; adjustable between 31&quot; and 36&quot; in 1&quot; increments. Lightweight walker weighs in at only 17 pounds. Convenient walker also makes it easy to take necessary supplies on the go; includes cane holder and a large storage tote with a shoulder strap.",This walker is much lighter than my other one I have at home. I am able to fold it and it fits in my hatchback with ease. Now with this walker I can lift it up easily without struggle and hurting my back. Yay!!!!!
Drive Medical Clever Lite LS Rollator Walker with Se  ...,$77.58,3.7/5.0,https://www.walmart.com/ip/Drive-Medical-Clever-Lite-LS-Rollator-Walker-with-Seat-and-Push-Down-Brakes/15423373,"Improve your mobility with the Drive Medical Clever Lite LS Rollator Walker with Seat and Push Down Brakes. It's made with sturdy anodized, extruded aluminum tubes for lightweight durability. This Drive Medical rollator walker folds easily for quick transport and storage. It has a dual-lever, effortless side paddle release. This Clever Life walker also features 5&quot; fixed front wheels to ensure smooth rolling over most surfaces. Rear glide push-down brakes offer steady stopping. Made of sturdy, lightweight and corrosion-resistant aluminum, it features a flexible design that allows it to double as a convenient seat. It also comes with a soft, flexible backrest for comfort and a built-in handle that makes it easier to carry during trips.","Good quality. Walker is heavy which could be a problem when lifting into car. Physical therapist told me lighter weight would be better, but not much of a problem for me when walking. Brakes do not push down, always down so you have to keep back legs up a little when moving."
"Hugo Portable Rollator Rolling Walker with Seat, Bac  ...",$102.57,4.6/5.0,https://www.walmart.com/ip/Hugo-Portable-Rollator-Rolling-Walker-with-Seat-Backrest-and-8-Wheels-Blue/17772614,"Rollator Walkers by Hugo give you the mobility, convenience and portability that you need in a walker. These blue rollators have a built-in seat with backrest that provides a perfect place to sit and rest. In addition, this mobility aid has a convenient under seat storage bag that offers security for your valuables. Hugo's Rollator Walker has height adjustable handle bars for proper posture and ergonomic hand grips that place your hands at a natural angle for comfort and better brake access. The tool-free assembly makes this mobility aid quick and easy to set up, simple to fold down for easy storage and even fits into most car trunks. Hugos Rolling Walker is designed to support adults up to 300 lbs and is well suited for those rehabilitating an injury, dealing with severe arthritis or those who have conditions that compromise their balance. With extra large 8 inch wheels, this rollator gives you reliable stability for more confidence and security when walking indoors or outdoors.","The walker is great! I am an old lady and I put in together in about an hour. Nice looking and comfortable to push and sit in. I like the 8 "" wheels because it is more stable. I think the price is reasonable."
"Medline Steel Foldable Rollator Walker with 6"" Wheel  ...",$62.47,4.3/5.0,https://www.walmart.com/ip/Medline-Steel-Foldable-Rollator-Walker-with-6-Wheels-Blue/40824304,"Classically designed, value priced Constructed of a durable powder-coated steel Comes standard with convenient storage bag under the seat","I ordered this walker on Black Friday for my 87 year old mother who lives in Pennsylvania, and a couple days later I saw one in the CVS drug store and realized it came in a box and would require assembly. I live in Georgia and could not go to Pa. to assemble it, so I called the Walmart in Mansfield, Pa. and explained the situation to them. The lady I spoke to assured me she would leave instructions for the night person to assemble it so my mother could pick it up the following day. Mom arrived the next morning, the walker was all set up and she strolled around the store with it. The customer service in Walmart is awesome, and Mom loves her newfound freedom!"
Carex Trio 3 Wheel Rolling Walker Rollator,$98.77,4.0/5.0,https://www.walmart.com/ip/Carex-Trio-3-Wheel-Rolling-Walker-Rollator/17215626,"The Carex Trio 3-Wheel Rolling Walker Rollator provides mobility and comfort for individuals with an active lifestyle. The unique design allows you to easily move around your home and neighborhood, both indoors and outdoors. With a durable but lightweight aluminum frame, it collapses for quick storage. You can simply slide the trio walker into the trunk or behind the seat of a vehicle to transport it. The 8&quot; PVC wheels and locking hand brakes are deluxe features that make it safe and easy to maneuver. It can support up to 250 lbs and has a large vinyl carry bag to securely store your personal items. The three-wheel design even allows you to tackle sharp corners effortlessly. Its convenient and state-of-the-art features give it amazing efficiency, so you can rely on it to get from place to place quickly and comfortably.","Carries my oxygen tank and other personal items easily. Very very light weight and folds in half easily and quickly. I can fold it and it behind the drivers seat of the car in record time.

Sturdy. Steers easily and through tight spaces.

There was some minor assembly, but if you are handy it is easy to put together. An older lady or frail person might have a hard time putting together by themselves."
"Medline Empower Multipurpose Deluxe Rollator Walker,  ...",$150.00,4.5/5.0,https://www.walmart.com/ip/Medline-Empower-Multipurpose-Deluxe-Rollator-Walker-Black/45582396,"The Medline Empower Rollator is a multipurpose rolling walker that can adjust in a variety of ways to make it easy for customization. It's lightweight and easy to carry. Fusing together user feedback and technology, Medline has created a comfortable, adjustable and dependable option. The Empower Medline rollator weighs only 17 lbs and supports users up to 300 lbs. A simple seat latch lifts the seat, allowing space to walk into the rolling walker for step-in support. This black rollator folds completely flat, making it easy to store. There's a saddle bag in the front and space under the seat for added storage. You can set the height of the unit to accommodate people between 4'11&quot; and 6'4&quot; tall. Bright yellow coloring on the adjustment points makes them simple to locate.",My daughter ordered this for me recently and it was the best purchase we have made.  Had fallen and broken my femur in left leg.   I feel comfortable and safe using this product.
Drive Medical Nitro Euro Style Rollator Rolling Walk  ...,$214.79 - $277.47,4.6/5.0,https://www.walmart.com/ip/Drive-Medical-Nitro-Euro-Style-Rollator-Rolling-Walker/22356890,"Drive Medical's Nitro Euro Style Rollator Walker is the ultimate mobility solution that marries advanced reliable features with a sophisticated exterior. The durable frame is made of lightweight aluminum so it's easy to maneuver on any indoor/outdoor terrain, and strong enough to withstand extended daily use. To ensure maximum safety, the brake cable is built into the frame, enhancing the sleek appearance. The Nitro Euro Style Rollator Walker has unrivalled folding capabilities: it easily collapses to an ultra-compact size with one hand by pulling the seat grip up and bringing the ergonomic, height-adjustable handles together so they almost touch. To further offer customized comfort, the removable back is also height-adjustable, and the luxury seat is made of easy-to-clean nylon. Enjoy the complimentary removable zippered storage bag for secure convenience of all your personal belongings whenever travelling with your new Drive Medical Nitro Euro Style Rollator Walker.",My doctor recommended that I use a walker and indicated this walker was one of the best.  I found that I could buy the walker through Walmart for less cost than getting it through my Medicare coverage. This was a big savings to me.
Drive Medical Aluminum Rollator Rolling Walker with   ...,$71.39 - $85.29,4.7/5.0,https://www.walmart.com/ip/Drive-Medical-Aluminum-Rollator-Rolling-Walker-with-Fold-Up-and-Removable-Back-Support-and-Padded-Seat/15423380,"If you're seeking a safe, convenient aid to improving your daily mobility, a Rollator can be the ideal solution. Wheels make a Rollator a superior option over a standard walker, eliminating the need to lift the device and allowing you to walk with an easy, smooth gait. Plus, Rollators are better for travelling over uneven, outdoor terrain, making them great for your active, busy lifestyle. And with the built-in seat found on a Rollator, you'll always have a convenient place to rest. Drive's Aluminum Rollator with Fold Up and Removable Back Support is the perfect unit to suit your needs and your style. It's designed and built for maximum comfort, durability, and ease of use with quick folding ability and simple handle height and angle adjustment. It has a seamless padded seat for maximum seated comfort. The backrest is also padded and the large wheels ensure smooth travel over a variety of different terrains. It even has a convenient, zippered pouch for privately and securely carrying items with you on the go.","8 inch wheels on a sturdy frame with a seat and lift lid basket for storage such as a phone, water, etc. Has brakes for the rear set of wheels which lock when the hand brake on each side is pressed downward. Great buy for under under $78. It was shipped in one day and arrived at my home 2 days ahead of expected date. Purchased this online for a 90 year old man having walking problems and wanted more mobility than a standard hand walker with one set of small wheels."
Drive Medical 3 Wheel Rollator Rolling Walker with B  ...,$68.56 - $74.98,4.3/5.0,https://www.walmart.com/ip/Drive-Medical-3-Wheel-Rollator-Rolling-Walker-with-Basket-Tray-and-Pouch/17284830,"This 3 wheel rollator in red has a lightweight aluminum frame and comes standard with basket, tray and pouch. Easy one hand folding makes for simple storage. Easy to adjust handle height with self-threading knob. Lightweight solid 8&quot; wheels for indoor and outdoor use. Comes standard with special loop locks made of internal aluminum casting to ensure safety.","The 3-wheel rollator is lighter-weight thus easier for our ninety year old mother to fold and lift, is more nimble than any 4-wheel walker thus allowing for a more ""spunky"" mom, and has a color thus appearing fashionable."
Drive Medical DV8 Aluminum Steerable Knee Walker Kne  ...,$146.99,4.6/5.0,https://www.walmart.com/ip/Drive-Medical-DV8-Aluminum-Steerable-Knee-Walker-Knee-Scooter-Crutch-Alternative/15423445,"For patients experiencing pain or discomfort following foot surgery, breaks, sprains or ulcers, the Steerable Knee Walker from Drive is a simple, durable, and comfortable alternative to crutches that allows you to better manage pain and recover more quickly. Crutches can be cumbersome and uncomfortable and their prolonged use can cause painful sores under the arms. The Steerable Knee Walker eliminates those concerns with a smooth rolling option that provides quicker mobility along with four-wheel stability and safety. The fully maneuverable front wheels allow the user to conveniently steer around obstacles and corners for superior ease of use around the home or in busy hallways. The large 8 wheels also make the Walker great for handling outdoor terrain. The deluxe dual-braking system allows quick stopping, ensuring even greater safety. Tool-free height and left/right leg adjustments let users tailor the Knee Walker to their specific needs. Dont wait to experience the enhanced mobility and comfort of the Steerable Knee Walker Experience the Drive Difference Now!",The knee walker is by far easier than crutches or a walker. I had ankle surgery and ended up with a cast up to my knee. No pressure on my right foot was allowed. The scooter glides easily and is small enough to maneuver around doorways and other obstacles. I can easily sit on the cushioned knee rest when the need arises. The price is very reasonable compared to others on the internet. I would highly recommend this to anyone with the use of only one leg.
Medline Platform Walker Attachment,$34.03,4.3/5.0,https://www.walmart.com/ip/Medline-Platform-Walker-Attachment/7983663,"The Medline Platform Walker Attachment is a convenient way to increase stability and confidence on most any walker with a 1&quot; diameter frame. Its unique design includes a supportive arm rest that allows you to bear weight on the arm rather than the hand. This helps the user to experience a much higher level of control as they move around during daily activities, and it also avoids putting pressure on fragile joints in the wrist and fingers, increasing comfort. It is also height-adjustable to be more compatible with both the walker and the user. This comfort walker accessory features an arm cuff with a hook and loop closure to hold it snugly and securely in place. It supports increased mobility and independence, and it also disassembles for storage and transport, as needed.","Bought this for a son in law who had a stroke and cannot use left hand to grip a walker while he is trying to learn to walk again. The assembly was very simple and it does everything he needs. It supports his left shoulder which is always a major concern for patients and he says it is comfortable. I was a little worried because the cost was so low and I am one to quote the old 'you get what you pay for."" But I would definitely reccomend this product. My son in law is over 6 ft tall and weighs more than 225."
Drive Medical Dual Pad Steerable Knee Walker Knee Sc  ...,$129.99,4.6/5.0,https://www.walmart.com/ip/Drive-Medical-Dual-Pad-Steerable-Knee-Walker-Knee-Scooter-with-Basket-Alternative-to-Crutches/38444211,"For those experiencing pain or discomfort following foot surgery, breaks, sprains or ulcers, the Dual Pad Steerable Knee Walker with Basket from Drive is a simple, comfortable, durable, and pain-free crutch alternative. Unlike other knee walkers that offer only forward-facing front wheels, Drive's Steerable Knee Walker features a fully maneuverable pair of front wheels for superior ease of use. Plus, the new two-piece leg pad provides superior user comfort. Tool-free height and left/right leg adjustments let users tailor the Knee Walker to their specific needs. The unit's 8&quot; wheels make it ideal for indoor and outdoor use and the deluxe dual braking system helps maximize safety. The Dual Pad Steerable Knee Walker with Basket provides quicker mobility and enhanced safety and stability over crutches allowing you to better manage pain and recover more quickly.",Game changer vs crutches.  Easy to navigate.  Adjstable. Fits in back seat of car.   Good quality - excellent value.
North American Health + Wellness Walker Tray With No  ...,$21.99,2.7/5.0,https://www.walmart.com/ip/North-American-Health-Wellness-Walker-Tray-With-Non-Slip-Grip-Mat/47484959,"Turn almost any walker into a TV tray with this Jobar Walker Tray with Non-Slip Grip Mat. It utilizes a non-slip mat that can hold food and drink, crafts, books or anything that you might want to take along with you on the go. The walker tray is designed with rubber grips to help prevent sliding. It is also designed with raised edges that work to keep your items from falling over the sides. This home health care product features two recessed cup holders for holding beverages and drinks. It simply slides over the handles of most standard walkers, so you will not have to concern yourself with dimensions or fitting specifications. Made from easy-clean plastic, this Jobar Walker Tray with Non-Slip Grip Mat is an excellent choice for buffets and potluck.",Easy to put right over the walker. Easy to clean.  The only trouble is if you have a folding walker the cup holder is over the closures and therefore is not deep enough to hold the cup securely.  We did turn the tray around but it puts the beverage close to the body.
